solid OpenSCAD_Model
  facet normal -1 0 0
    outer loop
      vertex 15.699999809265137 0 4.800000190734863
      vertex 15.699999809265137 0.19999980926513672 14.800000190734863
      vertex 15.699999809265137 0.19999980926513672 4.800000190734863
    endloop
  endfacet
  facet normal -1 0 0
    outer loop
      vertex 15.699999809265137 0.19999980926513672 14.800000190734863
      vertex 15.699999809265137 0 4.800000190734863
      vertex 15.699999809265137 0 14.800000190734863
    endloop
  endfacet
  facet normal 0 0 -1
    outer loop
      vertex 5.699999809265137 0 14.800000190734863
      vertex 15.699999809265137 0.19999980926513672 14.800000190734863
      vertex 15.699999809265137 0 14.800000190734863
    endloop
  endfacet
  facet normal 0 0 -1
    outer loop
      vertex 15.699999809265137 0.19999980926513672 14.800000190734863
      vertex 5.699999809265137 0 14.800000190734863
      vertex 5.699999809265137 0.19999980926513672 14.800000190734863
    endloop
  endfacet
  facet normal 0 0 1
    outer loop
      vertex 5.699999809265137 0.19999980926513672 4.800000190734863
      vertex 15.699999809265137 0 4.800000190734863
      vertex 15.699999809265137 0.19999980926513672 4.800000190734863
    endloop
  endfacet
  facet normal 0 0 1
    outer loop
      vertex 15.699999809265137 0 4.800000190734863
      vertex 5.699999809265137 0.19999980926513672 4.800000190734863
      vertex 5.699999809265137 0 4.800000190734863
    endloop
  endfacet
  facet normal 1 0 0
    outer loop
      vertex 5.699999809265137 0 14.800000190734863
      vertex 5.699999809265137 0.19999980926513672 4.800000190734863
      vertex 5.699999809265137 0.19999980926513672 14.800000190734863
    endloop
  endfacet
  facet normal 1 0 0
    outer loop
      vertex 5.699999809265137 0.19999980926513672 4.800000190734863
      vertex 5.699999809265137 0 14.800000190734863
      vertex 5.699999809265137 0 4.800000190734863
    endloop
  endfacet
  facet normal 0 -1 0
    outer loop
      vertex 5.699999809265137 0.19999980926513672 4.800000190734863
      vertex 15.699999809265137 0.19999980926513672 14.800000190734863
      vertex 5.699999809265137 0.19999980926513672 14.800000190734863
    endloop
  endfacet
  facet normal 0 -1 0
    outer loop
      vertex 15.699999809265137 0.19999980926513672 14.800000190734863
      vertex 5.699999809265137 0.19999980926513672 4.800000190734863
      vertex 15.699999809265137 0.19999980926513672 4.800000190734863
    endloop
  endfacet
  facet normal -1 0 0
    outer loop
      vertex 15.699999809265137 0 16
      vertex 15.699999809265137 0.19999980926513672 26
      vertex 15.699999809265137 0.19999980926513672 16
    endloop
  endfacet
  facet normal -1 0 0
    outer loop
      vertex 15.699999809265137 0.19999980926513672 26
      vertex 15.699999809265137 0 16
      vertex 15.699999809265137 0 26
    endloop
  endfacet
  facet normal 0 0 -1
    outer loop
      vertex 5.699999809265137 0 26
      vertex 15.699999809265137 0.19999980926513672 26
      vertex 15.699999809265137 0 26
    endloop
  endfacet
  facet normal 0 0 -1
    outer loop
      vertex 15.699999809265137 0.19999980926513672 26
      vertex 5.699999809265137 0 26
      vertex 5.699999809265137 0.19999980926513672 26
    endloop
  endfacet
  facet normal 0 0 1
    outer loop
      vertex 5.699999809265137 0.19999980926513672 16
      vertex 15.699999809265137 0 16
      vertex 15.699999809265137 0.19999980926513672 16
    endloop
  endfacet
  facet normal 0 0 1
    outer loop
      vertex 15.699999809265137 0 16
      vertex 5.699999809265137 0.19999980926513672 16
      vertex 5.699999809265137 0 16
    endloop
  endfacet
  facet normal 1 0 0
    outer loop
      vertex 5.699999809265137 0 26
      vertex 5.699999809265137 0.19999980926513672 16
      vertex 5.699999809265137 0.19999980926513672 26
    endloop
  endfacet
  facet normal 1 0 0
    outer loop
      vertex 5.699999809265137 0.19999980926513672 16
      vertex 5.699999809265137 0 26
      vertex 5.699999809265137 0 16
    endloop
  endfacet
  facet normal 0 -1 0
    outer loop
      vertex 5.699999809265137 0.19999980926513672 16
      vertex 15.699999809265137 0.19999980926513672 26
      vertex 5.699999809265137 0.19999980926513672 26
    endloop
  endfacet
  facet normal 0 -1 0
    outer loop
      vertex 15.699999809265137 0.19999980926513672 26
      vertex 5.699999809265137 0.19999980926513672 16
      vertex 15.699999809265137 0.19999980926513672 16
    endloop
  endfacet
  facet normal -1 0 0
    outer loop
      vertex 15.699999809265137 0 27.19999885559082
      vertex 15.699999809265137 0.19999980926513672 37.20000076293945
      vertex 15.699999809265137 0.19999980926513672 27.19999885559082
    endloop
  endfacet
  facet normal -1 0 0
    outer loop
      vertex 15.699999809265137 0.19999980926513672 37.20000076293945
      vertex 15.699999809265137 0 27.19999885559082
      vertex 15.699999809265137 0 37.20000076293945
    endloop
  endfacet
  facet normal 0 0 -1
    outer loop
      vertex 5.699999809265137 0 37.20000076293945
      vertex 15.699999809265137 0.19999980926513672 37.20000076293945
      vertex 15.699999809265137 0 37.20000076293945
    endloop
  endfacet
  facet normal 0 0 -1
    outer loop
      vertex 15.699999809265137 0.19999980926513672 37.20000076293945
      vertex 5.699999809265137 0 37.20000076293945
      vertex 5.699999809265137 0.19999980926513672 37.20000076293945
    endloop
  endfacet
  facet normal 0 0 1
    outer loop
      vertex 5.699999809265137 0.19999980926513672 27.19999885559082
      vertex 15.699999809265137 0 27.19999885559082
      vertex 15.699999809265137 0.19999980926513672 27.19999885559082
    endloop
  endfacet
  facet normal 0 0 1
    outer loop
      vertex 15.699999809265137 0 27.19999885559082
      vertex 5.699999809265137 0.19999980926513672 27.19999885559082
      vertex 5.699999809265137 0 27.19999885559082
    endloop
  endfacet
  facet normal 1 0 0
    outer loop
      vertex 5.699999809265137 0 37.20000076293945
      vertex 5.699999809265137 0.19999980926513672 27.19999885559082
      vertex 5.699999809265137 0.19999980926513672 37.20000076293945
    endloop
  endfacet
  facet normal 1 0 0
    outer loop
      vertex 5.699999809265137 0.19999980926513672 27.19999885559082
      vertex 5.699999809265137 0 37.20000076293945
      vertex 5.699999809265137 0 27.19999885559082
    endloop
  endfacet
  facet normal 0 -1 0
    outer loop
      vertex 5.699999809265137 0.19999980926513672 27.19999885559082
      vertex 15.699999809265137 0.19999980926513672 37.20000076293945
      vertex 5.699999809265137 0.19999980926513672 37.20000076293945
    endloop
  endfacet
  facet normal 0 -1 0
    outer loop
      vertex 15.699999809265137 0.19999980926513672 37.20000076293945
      vertex 5.699999809265137 0.19999980926513672 27.19999885559082
      vertex 15.699999809265137 0.19999980926513672 27.19999885559082
    endloop
  endfacet
  facet normal -1 0 0
    outer loop
      vertex 15.699999809265137 0 38.39999771118164
      vertex 15.699999809265137 0.19999980926513672 48.39999771118164
      vertex 15.699999809265137 0.19999980926513672 38.39999771118164
    endloop
  endfacet
  facet normal -1 0 0
    outer loop
      vertex 15.699999809265137 0.19999980926513672 48.39999771118164
      vertex 15.699999809265137 0 38.39999771118164
      vertex 15.699999809265137 0 48.39999771118164
    endloop
  endfacet
  facet normal 0 0 -1
    outer loop
      vertex 5.699999809265137 0 48.39999771118164
      vertex 15.699999809265137 0.19999980926513672 48.39999771118164
      vertex 15.699999809265137 0 48.39999771118164
    endloop
  endfacet
  facet normal 0 0 -1
    outer loop
      vertex 15.699999809265137 0.19999980926513672 48.39999771118164
      vertex 5.699999809265137 0 48.39999771118164
      vertex 5.699999809265137 0.19999980926513672 48.39999771118164
    endloop
  endfacet
  facet normal 0 0 1
    outer loop
      vertex 5.699999809265137 0.19999980926513672 38.39999771118164
      vertex 15.699999809265137 0 38.39999771118164
      vertex 15.699999809265137 0.19999980926513672 38.39999771118164
    endloop
  endfacet
  facet normal 0 0 1
    outer loop
      vertex 15.699999809265137 0 38.39999771118164
      vertex 5.699999809265137 0.19999980926513672 38.39999771118164
      vertex 5.699999809265137 0 38.39999771118164
    endloop
  endfacet
  facet normal 1 0 0
    outer loop
      vertex 5.699999809265137 0 48.39999771118164
      vertex 5.699999809265137 0.19999980926513672 38.39999771118164
      vertex 5.699999809265137 0.19999980926513672 48.39999771118164
    endloop
  endfacet
  facet normal 1 0 0
    outer loop
      vertex 5.699999809265137 0.19999980926513672 38.39999771118164
      vertex 5.699999809265137 0 48.39999771118164
      vertex 5.699999809265137 0 38.39999771118164
    endloop
  endfacet
  facet normal 0 -1 0
    outer loop
      vertex 5.699999809265137 0.19999980926513672 38.39999771118164
      vertex 15.699999809265137 0.19999980926513672 48.39999771118164
      vertex 5.699999809265137 0.19999980926513672 48.39999771118164
    endloop
  endfacet
  facet normal 0 -1 0
    outer loop
      vertex 15.699999809265137 0.19999980926513672 48.39999771118164
      vertex 5.699999809265137 0.19999980926513672 38.39999771118164
      vertex 15.699999809265137 0.19999980926513672 38.39999771118164
    endloop
  endfacet
  facet normal -1 0 0
    outer loop
      vertex 26.899999618530273 0 4.800000190734863
      vertex 26.899999618530273 0.19999980926513672 14.800000190734863
      vertex 26.899999618530273 0.19999980926513672 4.800000190734863
    endloop
  endfacet
  facet normal -1 0 0
    outer loop
      vertex 26.899999618530273 0.19999980926513672 14.800000190734863
      vertex 26.899999618530273 0 4.800000190734863
      vertex 26.899999618530273 0 14.800000190734863
    endloop
  endfacet
  facet normal 0 0 -1
    outer loop
      vertex 16.899999618530273 0 14.800000190734863
      vertex 26.899999618530273 0.19999980926513672 14.800000190734863
      vertex 26.899999618530273 0 14.800000190734863
    endloop
  endfacet
  facet normal 0 0 -1
    outer loop
      vertex 26.899999618530273 0.19999980926513672 14.800000190734863
      vertex 16.899999618530273 0 14.800000190734863
      vertex 16.899999618530273 0.19999980926513672 14.800000190734863
    endloop
  endfacet
  facet normal 0 0 1
    outer loop
      vertex 16.899999618530273 0.19999980926513672 4.800000190734863
      vertex 26.899999618530273 0 4.800000190734863
      vertex 26.899999618530273 0.19999980926513672 4.800000190734863
    endloop
  endfacet
  facet normal 0 0 1
    outer loop
      vertex 26.899999618530273 0 4.800000190734863
      vertex 16.899999618530273 0.19999980926513672 4.800000190734863
      vertex 16.899999618530273 0 4.800000190734863
    endloop
  endfacet
  facet normal 1 0 0
    outer loop
      vertex 16.899999618530273 0 14.800000190734863
      vertex 16.899999618530273 0.19999980926513672 4.800000190734863
      vertex 16.899999618530273 0.19999980926513672 14.800000190734863
    endloop
  endfacet
  facet normal 1 0 0
    outer loop
      vertex 16.899999618530273 0.19999980926513672 4.800000190734863
      vertex 16.899999618530273 0 14.800000190734863
      vertex 16.899999618530273 0 4.800000190734863
    endloop
  endfacet
  facet normal 0 -1 0
    outer loop
      vertex 16.899999618530273 0.19999980926513672 4.800000190734863
      vertex 26.899999618530273 0.19999980926513672 14.800000190734863
      vertex 16.899999618530273 0.19999980926513672 14.800000190734863
    endloop
  endfacet
  facet normal 0 -1 0
    outer loop
      vertex 26.899999618530273 0.19999980926513672 14.800000190734863
      vertex 16.899999618530273 0.19999980926513672 4.800000190734863
      vertex 26.899999618530273 0.19999980926513672 4.800000190734863
    endloop
  endfacet
  facet normal -1 0 0
    outer loop
      vertex 26.899999618530273 0 16
      vertex 26.899999618530273 0.19999980926513672 26
      vertex 26.899999618530273 0.19999980926513672 16
    endloop
  endfacet
  facet normal -1 0 0
    outer loop
      vertex 26.899999618530273 0.19999980926513672 26
      vertex 26.899999618530273 0 16
      vertex 26.899999618530273 0 26
    endloop
  endfacet
  facet normal 0 0 -1
    outer loop
      vertex 16.899999618530273 0 26
      vertex 26.899999618530273 0.19999980926513672 26
      vertex 26.899999618530273 0 26
    endloop
  endfacet
  facet normal 0 0 -1
    outer loop
      vertex 26.899999618530273 0.19999980926513672 26
      vertex 16.899999618530273 0 26
      vertex 16.899999618530273 0.19999980926513672 26
    endloop
  endfacet
  facet normal 0 0 1
    outer loop
      vertex 16.899999618530273 0.19999980926513672 16
      vertex 26.899999618530273 0 16
      vertex 26.899999618530273 0.19999980926513672 16
    endloop
  endfacet
  facet normal 0 0 1
    outer loop
      vertex 26.899999618530273 0 16
      vertex 16.899999618530273 0.19999980926513672 16
      vertex 16.899999618530273 0 16
    endloop
  endfacet
  facet normal 1 0 0
    outer loop
      vertex 16.899999618530273 0 26
      vertex 16.899999618530273 0.19999980926513672 16
      vertex 16.899999618530273 0.19999980926513672 26
    endloop
  endfacet
  facet normal 1 0 0
    outer loop
      vertex 16.899999618530273 0.19999980926513672 16
      vertex 16.899999618530273 0 26
      vertex 16.899999618530273 0 16
    endloop
  endfacet
  facet normal 0 -1 0
    outer loop
      vertex 16.899999618530273 0.19999980926513672 16
      vertex 26.899999618530273 0.19999980926513672 26
      vertex 16.899999618530273 0.19999980926513672 26
    endloop
  endfacet
  facet normal 0 -1 0
    outer loop
      vertex 26.899999618530273 0.19999980926513672 26
      vertex 16.899999618530273 0.19999980926513672 16
      vertex 26.899999618530273 0.19999980926513672 16
    endloop
  endfacet
  facet normal -1 0 0
    outer loop
      vertex 26.899999618530273 0 27.19999885559082
      vertex 26.899999618530273 0.19999980926513672 37.20000076293945
      vertex 26.899999618530273 0.19999980926513672 27.19999885559082
    endloop
  endfacet
  facet normal -1 0 0
    outer loop
      vertex 26.899999618530273 0.19999980926513672 37.20000076293945
      vertex 26.899999618530273 0 27.19999885559082
      vertex 26.899999618530273 0 37.20000076293945
    endloop
  endfacet
  facet normal 0 0 -1
    outer loop
      vertex 16.899999618530273 0 37.20000076293945
      vertex 26.899999618530273 0.19999980926513672 37.20000076293945
      vertex 26.899999618530273 0 37.20000076293945
    endloop
  endfacet
  facet normal 0 0 -1
    outer loop
      vertex 26.899999618530273 0.19999980926513672 37.20000076293945
      vertex 16.899999618530273 0 37.20000076293945
      vertex 16.899999618530273 0.19999980926513672 37.20000076293945
    endloop
  endfacet
  facet normal 0 0 1
    outer loop
      vertex 16.899999618530273 0.19999980926513672 27.19999885559082
      vertex 26.899999618530273 0 27.19999885559082
      vertex 26.899999618530273 0.19999980926513672 27.19999885559082
    endloop
  endfacet
  facet normal 0 0 1
    outer loop
      vertex 26.899999618530273 0 27.19999885559082
      vertex 16.899999618530273 0.19999980926513672 27.19999885559082
      vertex 16.899999618530273 0 27.19999885559082
    endloop
  endfacet
  facet normal 1 0 0
    outer loop
      vertex 16.899999618530273 0 37.20000076293945
      vertex 16.899999618530273 0.19999980926513672 27.19999885559082
      vertex 16.899999618530273 0.19999980926513672 37.20000076293945
    endloop
  endfacet
  facet normal 1 0 0
    outer loop
      vertex 16.899999618530273 0.19999980926513672 27.19999885559082
      vertex 16.899999618530273 0 37.20000076293945
      vertex 16.899999618530273 0 27.19999885559082
    endloop
  endfacet
  facet normal 0 -1 0
    outer loop
      vertex 16.899999618530273 0.19999980926513672 27.19999885559082
      vertex 26.899999618530273 0.19999980926513672 37.20000076293945
      vertex 16.899999618530273 0.19999980926513672 37.20000076293945
    endloop
  endfacet
  facet normal 0 -1 0
    outer loop
      vertex 26.899999618530273 0.19999980926513672 37.20000076293945
      vertex 16.899999618530273 0.19999980926513672 27.19999885559082
      vertex 26.899999618530273 0.19999980926513672 27.19999885559082
    endloop
  endfacet
  facet normal -1 0 0
    outer loop
      vertex 26.899999618530273 0 38.39999771118164
      vertex 26.899999618530273 0.19999980926513672 48.39999771118164
      vertex 26.899999618530273 0.19999980926513672 38.39999771118164
    endloop
  endfacet
  facet normal -1 0 0
    outer loop
      vertex 26.899999618530273 0.19999980926513672 48.39999771118164
      vertex 26.899999618530273 0 38.39999771118164
      vertex 26.899999618530273 0 48.39999771118164
    endloop
  endfacet
  facet normal 0 0 -1
    outer loop
      vertex 16.899999618530273 0 48.39999771118164
      vertex 26.899999618530273 0.19999980926513672 48.39999771118164
      vertex 26.899999618530273 0 48.39999771118164
    endloop
  endfacet
  facet normal 0 0 -1
    outer loop
      vertex 26.899999618530273 0.19999980926513672 48.39999771118164
      vertex 16.899999618530273 0 48.39999771118164
      vertex 16.899999618530273 0.19999980926513672 48.39999771118164
    endloop
  endfacet
  facet normal 0 0 1
    outer loop
      vertex 16.899999618530273 0.19999980926513672 38.39999771118164
      vertex 26.899999618530273 0 38.39999771118164
      vertex 26.899999618530273 0.19999980926513672 38.39999771118164
    endloop
  endfacet
  facet normal 0 0 1
    outer loop
      vertex 26.899999618530273 0 38.39999771118164
      vertex 16.899999618530273 0.19999980926513672 38.39999771118164
      vertex 16.899999618530273 0 38.39999771118164
    endloop
  endfacet
  facet normal 1 0 0
    outer loop
      vertex 16.899999618530273 0 48.39999771118164
      vertex 16.899999618530273 0.19999980926513672 38.39999771118164
      vertex 16.899999618530273 0.19999980926513672 48.39999771118164
    endloop
  endfacet
  facet normal 1 0 0
    outer loop
      vertex 16.899999618530273 0.19999980926513672 38.39999771118164
      vertex 16.899999618530273 0 48.39999771118164
      vertex 16.899999618530273 0 38.39999771118164
    endloop
  endfacet
  facet normal 0 -1 0
    outer loop
      vertex 16.899999618530273 0.19999980926513672 38.39999771118164
      vertex 26.899999618530273 0.19999980926513672 48.39999771118164
      vertex 16.899999618530273 0.19999980926513672 48.39999771118164
    endloop
  endfacet
  facet normal 0 -1 0
    outer loop
      vertex 26.899999618530273 0.19999980926513672 48.39999771118164
      vertex 16.899999618530273 0.19999980926513672 38.39999771118164
      vertex 26.899999618530273 0.19999980926513672 38.39999771118164
    endloop
  endfacet
  facet normal -1 0 0
    outer loop
      vertex 38.099998474121094 0 4.800000190734863
      vertex 38.099998474121094 0.19999980926513672 14.800000190734863
      vertex 38.099998474121094 0.19999980926513672 4.800000190734863
    endloop
  endfacet
  facet normal -1 0 0
    outer loop
      vertex 38.099998474121094 0.19999980926513672 14.800000190734863
      vertex 38.099998474121094 0 4.800000190734863
      vertex 38.099998474121094 0 14.800000190734863
    endloop
  endfacet
  facet normal 0 0 -1
    outer loop
      vertex 28.100000381469727 0 14.800000190734863
      vertex 38.099998474121094 0.19999980926513672 14.800000190734863
      vertex 38.099998474121094 0 14.800000190734863
    endloop
  endfacet
  facet normal 0 0 -1
    outer loop
      vertex 38.099998474121094 0.19999980926513672 14.800000190734863
      vertex 28.100000381469727 0 14.800000190734863
      vertex 28.100000381469727 0.19999980926513672 14.800000190734863
    endloop
  endfacet
  facet normal 0 0 1
    outer loop
      vertex 28.100000381469727 0.19999980926513672 4.800000190734863
      vertex 38.099998474121094 0 4.800000190734863
      vertex 38.099998474121094 0.19999980926513672 4.800000190734863
    endloop
  endfacet
  facet normal 0 0 1
    outer loop
      vertex 38.099998474121094 0 4.800000190734863
      vertex 28.100000381469727 0.19999980926513672 4.800000190734863
      vertex 28.100000381469727 0 4.800000190734863
    endloop
  endfacet
  facet normal 1 0 0
    outer loop
      vertex 28.100000381469727 0 14.800000190734863
      vertex 28.100000381469727 0.19999980926513672 4.800000190734863
      vertex 28.100000381469727 0.19999980926513672 14.800000190734863
    endloop
  endfacet
  facet normal 1 0 0
    outer loop
      vertex 28.100000381469727 0.19999980926513672 4.800000190734863
      vertex 28.100000381469727 0 14.800000190734863
      vertex 28.100000381469727 0 4.800000190734863
    endloop
  endfacet
  facet normal 0 -1 0
    outer loop
      vertex 28.100000381469727 0.19999980926513672 4.800000190734863
      vertex 38.099998474121094 0.19999980926513672 14.800000190734863
      vertex 28.100000381469727 0.19999980926513672 14.800000190734863
    endloop
  endfacet
  facet normal 0 -1 0
    outer loop
      vertex 38.099998474121094 0.19999980926513672 14.800000190734863
      vertex 28.100000381469727 0.19999980926513672 4.800000190734863
      vertex 38.099998474121094 0.19999980926513672 4.800000190734863
    endloop
  endfacet
  facet normal -1 0 0
    outer loop
      vertex 38.099998474121094 0 16
      vertex 38.099998474121094 0.19999980926513672 26
      vertex 38.099998474121094 0.19999980926513672 16
    endloop
  endfacet
  facet normal -1 0 0
    outer loop
      vertex 38.099998474121094 0.19999980926513672 26
      vertex 38.099998474121094 0 16
      vertex 38.099998474121094 0 26
    endloop
  endfacet
  facet normal 0 0 -1
    outer loop
      vertex 28.100000381469727 0 26
      vertex 38.099998474121094 0.19999980926513672 26
      vertex 38.099998474121094 0 26
    endloop
  endfacet
  facet normal 0 0 -1
    outer loop
      vertex 38.099998474121094 0.19999980926513672 26
      vertex 28.100000381469727 0 26
      vertex 28.100000381469727 0.19999980926513672 26
    endloop
  endfacet
  facet normal 0 0 1
    outer loop
      vertex 28.100000381469727 0.19999980926513672 16
      vertex 38.099998474121094 0 16
      vertex 38.099998474121094 0.19999980926513672 16
    endloop
  endfacet
  facet normal 0 0 1
    outer loop
      vertex 38.099998474121094 0 16
      vertex 28.100000381469727 0.19999980926513672 16
      vertex 28.100000381469727 0 16
    endloop
  endfacet
  facet normal 1 0 0
    outer loop
      vertex 28.100000381469727 0 26
      vertex 28.100000381469727 0.19999980926513672 16
      vertex 28.100000381469727 0.19999980926513672 26
    endloop
  endfacet
  facet normal 1 0 0
    outer loop
      vertex 28.100000381469727 0.19999980926513672 16
      vertex 28.100000381469727 0 26
      vertex 28.100000381469727 0 16
    endloop
  endfacet
  facet normal 0 -1 0
    outer loop
      vertex 28.100000381469727 0.19999980926513672 16
      vertex 38.099998474121094 0.19999980926513672 26
      vertex 28.100000381469727 0.19999980926513672 26
    endloop
  endfacet
  facet normal 0 -1 0
    outer loop
      vertex 38.099998474121094 0.19999980926513672 26
      vertex 28.100000381469727 0.19999980926513672 16
      vertex 38.099998474121094 0.19999980926513672 16
    endloop
  endfacet
  facet normal -1 0 0
    outer loop
      vertex 38.099998474121094 0 27.19999885559082
      vertex 38.099998474121094 0.19999980926513672 37.20000076293945
      vertex 38.099998474121094 0.19999980926513672 27.19999885559082
    endloop
  endfacet
  facet normal -1 0 0
    outer loop
      vertex 38.099998474121094 0.19999980926513672 37.20000076293945
      vertex 38.099998474121094 0 27.19999885559082
      vertex 38.099998474121094 0 37.20000076293945
    endloop
  endfacet
  facet normal 0 0 -1
    outer loop
      vertex 28.100000381469727 0 37.20000076293945
      vertex 38.099998474121094 0.19999980926513672 37.20000076293945
      vertex 38.099998474121094 0 37.20000076293945
    endloop
  endfacet
  facet normal 0 0 -1
    outer loop
      vertex 38.099998474121094 0.19999980926513672 37.20000076293945
      vertex 28.100000381469727 0 37.20000076293945
      vertex 28.100000381469727 0.19999980926513672 37.20000076293945
    endloop
  endfacet
  facet normal 0 0 1
    outer loop
      vertex 28.100000381469727 0.19999980926513672 27.19999885559082
      vertex 38.099998474121094 0 27.19999885559082
      vertex 38.099998474121094 0.19999980926513672 27.19999885559082
    endloop
  endfacet
  facet normal 0 0 1
    outer loop
      vertex 38.099998474121094 0 27.19999885559082
      vertex 28.100000381469727 0.19999980926513672 27.19999885559082
      vertex 28.100000381469727 0 27.19999885559082
    endloop
  endfacet
  facet normal 1 0 0
    outer loop
      vertex 28.100000381469727 0 37.20000076293945
      vertex 28.100000381469727 0.19999980926513672 27.19999885559082
      vertex 28.100000381469727 0.19999980926513672 37.20000076293945
    endloop
  endfacet
  facet normal 1 0 0
    outer loop
      vertex 28.100000381469727 0.19999980926513672 27.19999885559082
      vertex 28.100000381469727 0 37.20000076293945
      vertex 28.100000381469727 0 27.19999885559082
    endloop
  endfacet
  facet normal 0 -1 0
    outer loop
      vertex 28.100000381469727 0.19999980926513672 27.19999885559082
      vertex 38.099998474121094 0.19999980926513672 37.20000076293945
      vertex 28.100000381469727 0.19999980926513672 37.20000076293945
    endloop
  endfacet
  facet normal 0 -1 0
    outer loop
      vertex 38.099998474121094 0.19999980926513672 37.20000076293945
      vertex 28.100000381469727 0.19999980926513672 27.19999885559082
      vertex 38.099998474121094 0.19999980926513672 27.19999885559082
    endloop
  endfacet
  facet normal -1 0 0
    outer loop
      vertex 38.099998474121094 0 38.39999771118164
      vertex 38.099998474121094 0.19999980926513672 48.39999771118164
      vertex 38.099998474121094 0.19999980926513672 38.39999771118164
    endloop
  endfacet
  facet normal -1 0 0
    outer loop
      vertex 38.099998474121094 0.19999980926513672 48.39999771118164
      vertex 38.099998474121094 0 38.39999771118164
      vertex 38.099998474121094 0 48.39999771118164
    endloop
  endfacet
  facet normal 0 0 -1
    outer loop
      vertex 28.100000381469727 0 48.39999771118164
      vertex 38.099998474121094 0.19999980926513672 48.39999771118164
      vertex 38.099998474121094 0 48.39999771118164
    endloop
  endfacet
  facet normal 0 0 -1
    outer loop
      vertex 38.099998474121094 0.19999980926513672 48.39999771118164
      vertex 28.100000381469727 0 48.39999771118164
      vertex 28.100000381469727 0.19999980926513672 48.39999771118164
    endloop
  endfacet
  facet normal 0 0 1
    outer loop
      vertex 28.100000381469727 0.19999980926513672 38.39999771118164
      vertex 38.099998474121094 0 38.39999771118164
      vertex 38.099998474121094 0.19999980926513672 38.39999771118164
    endloop
  endfacet
  facet normal 0 0 1
    outer loop
      vertex 38.099998474121094 0 38.39999771118164
      vertex 28.100000381469727 0.19999980926513672 38.39999771118164
      vertex 28.100000381469727 0 38.39999771118164
    endloop
  endfacet
  facet normal 1 0 0
    outer loop
      vertex 28.100000381469727 0 48.39999771118164
      vertex 28.100000381469727 0.19999980926513672 38.39999771118164
      vertex 28.100000381469727 0.19999980926513672 48.39999771118164
    endloop
  endfacet
  facet normal 1 0 0
    outer loop
      vertex 28.100000381469727 0.19999980926513672 38.39999771118164
      vertex 28.100000381469727 0 48.39999771118164
      vertex 28.100000381469727 0 38.39999771118164
    endloop
  endfacet
  facet normal 0 -1 0
    outer loop
      vertex 28.100000381469727 0.19999980926513672 38.39999771118164
      vertex 38.099998474121094 0.19999980926513672 48.39999771118164
      vertex 28.100000381469727 0.19999980926513672 48.39999771118164
    endloop
  endfacet
  facet normal 0 -1 0
    outer loop
      vertex 38.099998474121094 0.19999980926513672 48.39999771118164
      vertex 28.100000381469727 0.19999980926513672 38.39999771118164
      vertex 38.099998474121094 0.19999980926513672 38.39999771118164
    endloop
  endfacet
  facet normal -1 0 0
    outer loop
      vertex 49.29999923706055 0 4.800000190734863
      vertex 49.29999923706055 0.19999980926513672 14.800000190734863
      vertex 49.29999923706055 0.19999980926513672 4.800000190734863
    endloop
  endfacet
  facet normal -1 0 0
    outer loop
      vertex 49.29999923706055 0.19999980926513672 14.800000190734863
      vertex 49.29999923706055 0 4.800000190734863
      vertex 49.29999923706055 0 14.800000190734863
    endloop
  endfacet
  facet normal 0 0 -1
    outer loop
      vertex 39.29999923706055 0 14.800000190734863
      vertex 49.29999923706055 0.19999980926513672 14.800000190734863
      vertex 49.29999923706055 0 14.800000190734863
    endloop
  endfacet
  facet normal 0 0 -1
    outer loop
      vertex 49.29999923706055 0.19999980926513672 14.800000190734863
      vertex 39.29999923706055 0 14.800000190734863
      vertex 39.29999923706055 0.19999980926513672 14.800000190734863
    endloop
  endfacet
  facet normal 0 0 1
    outer loop
      vertex 39.29999923706055 0.19999980926513672 4.800000190734863
      vertex 49.29999923706055 0 4.800000190734863
      vertex 49.29999923706055 0.19999980926513672 4.800000190734863
    endloop
  endfacet
  facet normal 0 0 1
    outer loop
      vertex 49.29999923706055 0 4.800000190734863
      vertex 39.29999923706055 0.19999980926513672 4.800000190734863
      vertex 39.29999923706055 0 4.800000190734863
    endloop
  endfacet
  facet normal 1 0 0
    outer loop
      vertex 39.29999923706055 0 14.800000190734863
      vertex 39.29999923706055 0.19999980926513672 4.800000190734863
      vertex 39.29999923706055 0.19999980926513672 14.800000190734863
    endloop
  endfacet
  facet normal 1 0 0
    outer loop
      vertex 39.29999923706055 0.19999980926513672 4.800000190734863
      vertex 39.29999923706055 0 14.800000190734863
      vertex 39.29999923706055 0 4.800000190734863
    endloop
  endfacet
  facet normal 0 -1 0
    outer loop
      vertex 39.29999923706055 0.19999980926513672 4.800000190734863
      vertex 49.29999923706055 0.19999980926513672 14.800000190734863
      vertex 39.29999923706055 0.19999980926513672 14.800000190734863
    endloop
  endfacet
  facet normal 0 -1 0
    outer loop
      vertex 49.29999923706055 0.19999980926513672 14.800000190734863
      vertex 39.29999923706055 0.19999980926513672 4.800000190734863
      vertex 49.29999923706055 0.19999980926513672 4.800000190734863
    endloop
  endfacet
  facet normal -1 0 0
    outer loop
      vertex 49.29999923706055 0 16
      vertex 49.29999923706055 0.19999980926513672 26
      vertex 49.29999923706055 0.19999980926513672 16
    endloop
  endfacet
  facet normal -1 0 0
    outer loop
      vertex 49.29999923706055 0.19999980926513672 26
      vertex 49.29999923706055 0 16
      vertex 49.29999923706055 0 26
    endloop
  endfacet
  facet normal 0 0 -1
    outer loop
      vertex 39.29999923706055 0 26
      vertex 49.29999923706055 0.19999980926513672 26
      vertex 49.29999923706055 0 26
    endloop
  endfacet
  facet normal 0 0 -1
    outer loop
      vertex 49.29999923706055 0.19999980926513672 26
      vertex 39.29999923706055 0 26
      vertex 39.29999923706055 0.19999980926513672 26
    endloop
  endfacet
  facet normal 0 0 1
    outer loop
      vertex 39.29999923706055 0.19999980926513672 16
      vertex 49.29999923706055 0 16
      vertex 49.29999923706055 0.19999980926513672 16
    endloop
  endfacet
  facet normal 0 0 1
    outer loop
      vertex 49.29999923706055 0 16
      vertex 39.29999923706055 0.19999980926513672 16
      vertex 39.29999923706055 0 16
    endloop
  endfacet
  facet normal 1 0 0
    outer loop
      vertex 39.29999923706055 0 26
      vertex 39.29999923706055 0.19999980926513672 16
      vertex 39.29999923706055 0.19999980926513672 26
    endloop
  endfacet
  facet normal 1 0 0
    outer loop
      vertex 39.29999923706055 0.19999980926513672 16
      vertex 39.29999923706055 0 26
      vertex 39.29999923706055 0 16
    endloop
  endfacet
  facet normal 0 -1 0
    outer loop
      vertex 39.29999923706055 0.19999980926513672 16
      vertex 49.29999923706055 0.19999980926513672 26
      vertex 39.29999923706055 0.19999980926513672 26
    endloop
  endfacet
  facet normal 0 -1 0
    outer loop
      vertex 49.29999923706055 0.19999980926513672 26
      vertex 39.29999923706055 0.19999980926513672 16
      vertex 49.29999923706055 0.19999980926513672 16
    endloop
  endfacet
  facet normal -1 0 0
    outer loop
      vertex 49.29999923706055 0 27.19999885559082
      vertex 49.29999923706055 0.19999980926513672 37.20000076293945
      vertex 49.29999923706055 0.19999980926513672 27.19999885559082
    endloop
  endfacet
  facet normal -1 0 0
    outer loop
      vertex 49.29999923706055 0.19999980926513672 37.20000076293945
      vertex 49.29999923706055 0 27.19999885559082
      vertex 49.29999923706055 0 37.20000076293945
    endloop
  endfacet
  facet normal 0 0 -1
    outer loop
      vertex 39.29999923706055 0 37.20000076293945
      vertex 49.29999923706055 0.19999980926513672 37.20000076293945
      vertex 49.29999923706055 0 37.20000076293945
    endloop
  endfacet
  facet normal 0 0 -1
    outer loop
      vertex 49.29999923706055 0.19999980926513672 37.20000076293945
      vertex 39.29999923706055 0 37.20000076293945
      vertex 39.29999923706055 0.19999980926513672 37.20000076293945
    endloop
  endfacet
  facet normal 0 0 1
    outer loop
      vertex 39.29999923706055 0.19999980926513672 27.19999885559082
      vertex 49.29999923706055 0 27.19999885559082
      vertex 49.29999923706055 0.19999980926513672 27.19999885559082
    endloop
  endfacet
  facet normal 0 0 1
    outer loop
      vertex 49.29999923706055 0 27.19999885559082
      vertex 39.29999923706055 0.19999980926513672 27.19999885559082
      vertex 39.29999923706055 0 27.19999885559082
    endloop
  endfacet
  facet normal 1 0 0
    outer loop
      vertex 39.29999923706055 0 37.20000076293945
      vertex 39.29999923706055 0.19999980926513672 27.19999885559082
      vertex 39.29999923706055 0.19999980926513672 37.20000076293945
    endloop
  endfacet
  facet normal 1 0 0
    outer loop
      vertex 39.29999923706055 0.19999980926513672 27.19999885559082
      vertex 39.29999923706055 0 37.20000076293945
      vertex 39.29999923706055 0 27.19999885559082
    endloop
  endfacet
  facet normal 0 -1 0
    outer loop
      vertex 39.29999923706055 0.19999980926513672 27.19999885559082
      vertex 49.29999923706055 0.19999980926513672 37.20000076293945
      vertex 39.29999923706055 0.19999980926513672 37.20000076293945
    endloop
  endfacet
  facet normal 0 -1 0
    outer loop
      vertex 49.29999923706055 0.19999980926513672 37.20000076293945
      vertex 39.29999923706055 0.19999980926513672 27.19999885559082
      vertex 49.29999923706055 0.19999980926513672 27.19999885559082
    endloop
  endfacet
  facet normal -1 0 0
    outer loop
      vertex 49.29999923706055 0 38.39999771118164
      vertex 49.29999923706055 0.19999980926513672 48.39999771118164
      vertex 49.29999923706055 0.19999980926513672 38.39999771118164
    endloop
  endfacet
  facet normal -1 0 0
    outer loop
      vertex 49.29999923706055 0.19999980926513672 48.39999771118164
      vertex 49.29999923706055 0 38.39999771118164
      vertex 49.29999923706055 0 48.39999771118164
    endloop
  endfacet
  facet normal 0 0 -1
    outer loop
      vertex 39.29999923706055 0 48.39999771118164
      vertex 49.29999923706055 0.19999980926513672 48.39999771118164
      vertex 49.29999923706055 0 48.39999771118164
    endloop
  endfacet
  facet normal 0 0 -1
    outer loop
      vertex 49.29999923706055 0.19999980926513672 48.39999771118164
      vertex 39.29999923706055 0 48.39999771118164
      vertex 39.29999923706055 0.19999980926513672 48.39999771118164
    endloop
  endfacet
  facet normal 0 0 1
    outer loop
      vertex 39.29999923706055 0.19999980926513672 38.39999771118164
      vertex 49.29999923706055 0 38.39999771118164
      vertex 49.29999923706055 0.19999980926513672 38.39999771118164
    endloop
  endfacet
  facet normal 0 0 1
    outer loop
      vertex 49.29999923706055 0 38.39999771118164
      vertex 39.29999923706055 0.19999980926513672 38.39999771118164
      vertex 39.29999923706055 0 38.39999771118164
    endloop
  endfacet
  facet normal 1 0 0
    outer loop
      vertex 39.29999923706055 0 48.39999771118164
      vertex 39.29999923706055 0.19999980926513672 38.39999771118164
      vertex 39.29999923706055 0.19999980926513672 48.39999771118164
    endloop
  endfacet
  facet normal 1 0 0
    outer loop
      vertex 39.29999923706055 0.19999980926513672 38.39999771118164
      vertex 39.29999923706055 0 48.39999771118164
      vertex 39.29999923706055 0 38.39999771118164
    endloop
  endfacet
  facet normal 0 -1 0
    outer loop
      vertex 39.29999923706055 0.19999980926513672 38.39999771118164
      vertex 49.29999923706055 0.19999980926513672 48.39999771118164
      vertex 39.29999923706055 0.19999980926513672 48.39999771118164
    endloop
  endfacet
  facet normal 0 -1 0
    outer loop
      vertex 49.29999923706055 0.19999980926513672 48.39999771118164
      vertex 39.29999923706055 0.19999980926513672 38.39999771118164
      vertex 49.29999923706055 0.19999980926513672 38.39999771118164
    endloop
  endfacet
  facet normal -1 0 0
    outer loop
      vertex 60.5 0 4.800000190734863
      vertex 60.5 0.19999980926513672 14.800000190734863
      vertex 60.5 0.19999980926513672 4.800000190734863
    endloop
  endfacet
  facet normal -1 0 0
    outer loop
      vertex 60.5 0.19999980926513672 14.800000190734863
      vertex 60.5 0 4.800000190734863
      vertex 60.5 0 14.800000190734863
    endloop
  endfacet
  facet normal 0 0 -1
    outer loop
      vertex 50.5 0 14.800000190734863
      vertex 60.5 0.19999980926513672 14.800000190734863
      vertex 60.5 0 14.800000190734863
    endloop
  endfacet
  facet normal 0 0 -1
    outer loop
      vertex 60.5 0.19999980926513672 14.800000190734863
      vertex 50.5 0 14.800000190734863
      vertex 50.5 0.19999980926513672 14.800000190734863
    endloop
  endfacet
  facet normal 0 0 1
    outer loop
      vertex 50.5 0.19999980926513672 4.800000190734863
      vertex 60.5 0 4.800000190734863
      vertex 60.5 0.19999980926513672 4.800000190734863
    endloop
  endfacet
  facet normal 0 0 1
    outer loop
      vertex 60.5 0 4.800000190734863
      vertex 50.5 0.19999980926513672 4.800000190734863
      vertex 50.5 0 4.800000190734863
    endloop
  endfacet
  facet normal 1 0 0
    outer loop
      vertex 50.5 0 14.800000190734863
      vertex 50.5 0.19999980926513672 4.800000190734863
      vertex 50.5 0.19999980926513672 14.800000190734863
    endloop
  endfacet
  facet normal 1 0 0
    outer loop
      vertex 50.5 0.19999980926513672 4.800000190734863
      vertex 50.5 0 14.800000190734863
      vertex 50.5 0 4.800000190734863
    endloop
  endfacet
  facet normal 0 -1 0
    outer loop
      vertex 50.5 0.19999980926513672 4.800000190734863
      vertex 60.5 0.19999980926513672 14.800000190734863
      vertex 50.5 0.19999980926513672 14.800000190734863
    endloop
  endfacet
  facet normal 0 -1 0
    outer loop
      vertex 60.5 0.19999980926513672 14.800000190734863
      vertex 50.5 0.19999980926513672 4.800000190734863
      vertex 60.5 0.19999980926513672 4.800000190734863
    endloop
  endfacet
  facet normal -1 0 0
    outer loop
      vertex 60.5 0 16
      vertex 60.5 0.19999980926513672 26
      vertex 60.5 0.19999980926513672 16
    endloop
  endfacet
  facet normal -1 0 0
    outer loop
      vertex 60.5 0.19999980926513672 26
      vertex 60.5 0 16
      vertex 60.5 0 26
    endloop
  endfacet
  facet normal 0 0 -1
    outer loop
      vertex 50.5 0 26
      vertex 60.5 0.19999980926513672 26
      vertex 60.5 0 26
    endloop
  endfacet
  facet normal 0 0 -1
    outer loop
      vertex 60.5 0.19999980926513672 26
      vertex 50.5 0 26
      vertex 50.5 0.19999980926513672 26
    endloop
  endfacet
  facet normal 0 0 1
    outer loop
      vertex 50.5 0.19999980926513672 16
      vertex 60.5 0 16
      vertex 60.5 0.19999980926513672 16
    endloop
  endfacet
  facet normal 0 0 1
    outer loop
      vertex 60.5 0 16
      vertex 50.5 0.19999980926513672 16
      vertex 50.5 0 16
    endloop
  endfacet
  facet normal 1 0 0
    outer loop
      vertex 50.5 0 26
      vertex 50.5 0.19999980926513672 16
      vertex 50.5 0.19999980926513672 26
    endloop
  endfacet
  facet normal 1 0 0
    outer loop
      vertex 50.5 0.19999980926513672 16
      vertex 50.5 0 26
      vertex 50.5 0 16
    endloop
  endfacet
  facet normal 0 -1 0
    outer loop
      vertex 50.5 0.19999980926513672 16
      vertex 60.5 0.19999980926513672 26
      vertex 50.5 0.19999980926513672 26
    endloop
  endfacet
  facet normal 0 -1 0
    outer loop
      vertex 60.5 0.19999980926513672 26
      vertex 50.5 0.19999980926513672 16
      vertex 60.5 0.19999980926513672 16
    endloop
  endfacet
  facet normal -1 0 0
    outer loop
      vertex 60.5 0 27.19999885559082
      vertex 60.5 0.19999980926513672 37.20000076293945
      vertex 60.5 0.19999980926513672 27.19999885559082
    endloop
  endfacet
  facet normal -1 0 0
    outer loop
      vertex 60.5 0.19999980926513672 37.20000076293945
      vertex 60.5 0 27.19999885559082
      vertex 60.5 0 37.20000076293945
    endloop
  endfacet
  facet normal 0 0 -1
    outer loop
      vertex 50.5 0 37.20000076293945
      vertex 60.5 0.19999980926513672 37.20000076293945
      vertex 60.5 0 37.20000076293945
    endloop
  endfacet
  facet normal 0 0 -1
    outer loop
      vertex 60.5 0.19999980926513672 37.20000076293945
      vertex 50.5 0 37.20000076293945
      vertex 50.5 0.19999980926513672 37.20000076293945
    endloop
  endfacet
  facet normal 0 0 1
    outer loop
      vertex 50.5 0.19999980926513672 27.19999885559082
      vertex 60.5 0 27.19999885559082
      vertex 60.5 0.19999980926513672 27.19999885559082
    endloop
  endfacet
  facet normal 0 0 1
    outer loop
      vertex 60.5 0 27.19999885559082
      vertex 50.5 0.19999980926513672 27.19999885559082
      vertex 50.5 0 27.19999885559082
    endloop
  endfacet
  facet normal 1 0 0
    outer loop
      vertex 50.5 0 37.20000076293945
      vertex 50.5 0.19999980926513672 27.19999885559082
      vertex 50.5 0.19999980926513672 37.20000076293945
    endloop
  endfacet
  facet normal 1 0 0
    outer loop
      vertex 50.5 0.19999980926513672 27.19999885559082
      vertex 50.5 0 37.20000076293945
      vertex 50.5 0 27.19999885559082
    endloop
  endfacet
  facet normal 0 -1 0
    outer loop
      vertex 50.5 0.19999980926513672 27.19999885559082
      vertex 60.5 0.19999980926513672 37.20000076293945
      vertex 50.5 0.19999980926513672 37.20000076293945
    endloop
  endfacet
  facet normal 0 -1 0
    outer loop
      vertex 60.5 0.19999980926513672 37.20000076293945
      vertex 50.5 0.19999980926513672 27.19999885559082
      vertex 60.5 0.19999980926513672 27.19999885559082
    endloop
  endfacet
  facet normal -1 0 0
    outer loop
      vertex 60.5 0 38.39999771118164
      vertex 60.5 0.19999980926513672 48.39999771118164
      vertex 60.5 0.19999980926513672 38.39999771118164
    endloop
  endfacet
  facet normal -1 0 0
    outer loop
      vertex 60.5 0.19999980926513672 48.39999771118164
      vertex 60.5 0 38.39999771118164
      vertex 60.5 0 48.39999771118164
    endloop
  endfacet
  facet normal 0 0 -1
    outer loop
      vertex 50.5 0 48.39999771118164
      vertex 60.5 0.19999980926513672 48.39999771118164
      vertex 60.5 0 48.39999771118164
    endloop
  endfacet
  facet normal 0 0 -1
    outer loop
      vertex 60.5 0.19999980926513672 48.39999771118164
      vertex 50.5 0 48.39999771118164
      vertex 50.5 0.19999980926513672 48.39999771118164
    endloop
  endfacet
  facet normal 0 0 1
    outer loop
      vertex 50.5 0.19999980926513672 38.39999771118164
      vertex 60.5 0 38.39999771118164
      vertex 60.5 0.19999980926513672 38.39999771118164
    endloop
  endfacet
  facet normal 0 0 1
    outer loop
      vertex 60.5 0 38.39999771118164
      vertex 50.5 0.19999980926513672 38.39999771118164
      vertex 50.5 0 38.39999771118164
    endloop
  endfacet
  facet normal 1 0 0
    outer loop
      vertex 50.5 0 48.39999771118164
      vertex 50.5 0.19999980926513672 38.39999771118164
      vertex 50.5 0.19999980926513672 48.39999771118164
    endloop
  endfacet
  facet normal 1 0 0
    outer loop
      vertex 50.5 0.19999980926513672 38.39999771118164
      vertex 50.5 0 48.39999771118164
      vertex 50.5 0 38.39999771118164
    endloop
  endfacet
  facet normal 0 -1 0
    outer loop
      vertex 50.5 0.19999980926513672 38.39999771118164
      vertex 60.5 0.19999980926513672 48.39999771118164
      vertex 50.5 0.19999980926513672 48.39999771118164
    endloop
  endfacet
  facet normal 0 -1 0
    outer loop
      vertex 60.5 0.19999980926513672 48.39999771118164
      vertex 50.5 0.19999980926513672 38.39999771118164
      vertex 60.5 0.19999980926513672 38.39999771118164
    endloop
  endfacet
  facet normal -1 0 0
    outer loop
      vertex 71.69999694824219 0 4.800000190734863
      vertex 71.69999694824219 0.19999980926513672 14.800000190734863
      vertex 71.69999694824219 0.19999980926513672 4.800000190734863
    endloop
  endfacet
  facet normal -1 0 0
    outer loop
      vertex 71.69999694824219 0.19999980926513672 14.800000190734863
      vertex 71.69999694824219 0 4.800000190734863
      vertex 71.69999694824219 0 14.800000190734863
    endloop
  endfacet
  facet normal 0 0 -1
    outer loop
      vertex 61.70000076293945 0 14.800000190734863
      vertex 71.69999694824219 0.19999980926513672 14.800000190734863
      vertex 71.69999694824219 0 14.800000190734863
    endloop
  endfacet
  facet normal 0 0 -1
    outer loop
      vertex 71.69999694824219 0.19999980926513672 14.800000190734863
      vertex 61.70000076293945 0 14.800000190734863
      vertex 61.70000076293945 0.19999980926513672 14.800000190734863
    endloop
  endfacet
  facet normal 0 0 1
    outer loop
      vertex 61.70000076293945 0.19999980926513672 4.800000190734863
      vertex 71.69999694824219 0 4.800000190734863
      vertex 71.69999694824219 0.19999980926513672 4.800000190734863
    endloop
  endfacet
  facet normal 0 0 1
    outer loop
      vertex 71.69999694824219 0 4.800000190734863
      vertex 61.70000076293945 0.19999980926513672 4.800000190734863
      vertex 61.70000076293945 0 4.800000190734863
    endloop
  endfacet
  facet normal 1 0 0
    outer loop
      vertex 61.70000076293945 0 14.800000190734863
      vertex 61.70000076293945 0.19999980926513672 4.800000190734863
      vertex 61.70000076293945 0.19999980926513672 14.800000190734863
    endloop
  endfacet
  facet normal 1 0 0
    outer loop
      vertex 61.70000076293945 0.19999980926513672 4.800000190734863
      vertex 61.70000076293945 0 14.800000190734863
      vertex 61.70000076293945 0 4.800000190734863
    endloop
  endfacet
  facet normal 0 -1 0
    outer loop
      vertex 61.70000076293945 0.19999980926513672 4.800000190734863
      vertex 71.69999694824219 0.19999980926513672 14.800000190734863
      vertex 61.70000076293945 0.19999980926513672 14.800000190734863
    endloop
  endfacet
  facet normal 0 -1 0
    outer loop
      vertex 71.69999694824219 0.19999980926513672 14.800000190734863
      vertex 61.70000076293945 0.19999980926513672 4.800000190734863
      vertex 71.69999694824219 0.19999980926513672 4.800000190734863
    endloop
  endfacet
  facet normal -1 0 0
    outer loop
      vertex 71.69999694824219 0 16
      vertex 71.69999694824219 0.19999980926513672 26
      vertex 71.69999694824219 0.19999980926513672 16
    endloop
  endfacet
  facet normal -1 0 0
    outer loop
      vertex 71.69999694824219 0.19999980926513672 26
      vertex 71.69999694824219 0 16
      vertex 71.69999694824219 0 26
    endloop
  endfacet
  facet normal 0 0 -1
    outer loop
      vertex 61.70000076293945 0 26
      vertex 71.69999694824219 0.19999980926513672 26
      vertex 71.69999694824219 0 26
    endloop
  endfacet
  facet normal 0 0 -1
    outer loop
      vertex 71.69999694824219 0.19999980926513672 26
      vertex 61.70000076293945 0 26
      vertex 61.70000076293945 0.19999980926513672 26
    endloop
  endfacet
  facet normal 0 0 1
    outer loop
      vertex 61.70000076293945 0.19999980926513672 16
      vertex 71.69999694824219 0 16
      vertex 71.69999694824219 0.19999980926513672 16
    endloop
  endfacet
  facet normal 0 0 1
    outer loop
      vertex 71.69999694824219 0 16
      vertex 61.70000076293945 0.19999980926513672 16
      vertex 61.70000076293945 0 16
    endloop
  endfacet
  facet normal 1 0 0
    outer loop
      vertex 61.70000076293945 0 26
      vertex 61.70000076293945 0.19999980926513672 16
      vertex 61.70000076293945 0.19999980926513672 26
    endloop
  endfacet
  facet normal 1 0 0
    outer loop
      vertex 61.70000076293945 0.19999980926513672 16
      vertex 61.70000076293945 0 26
      vertex 61.70000076293945 0 16
    endloop
  endfacet
  facet normal 0 -1 0
    outer loop
      vertex 61.70000076293945 0.19999980926513672 16
      vertex 71.69999694824219 0.19999980926513672 26
      vertex 61.70000076293945 0.19999980926513672 26
    endloop
  endfacet
  facet normal 0 -1 0
    outer loop
      vertex 71.69999694824219 0.19999980926513672 26
      vertex 61.70000076293945 0.19999980926513672 16
      vertex 71.69999694824219 0.19999980926513672 16
    endloop
  endfacet
  facet normal -1 0 0
    outer loop
      vertex 71.69999694824219 0 27.19999885559082
      vertex 71.69999694824219 0.19999980926513672 37.20000076293945
      vertex 71.69999694824219 0.19999980926513672 27.19999885559082
    endloop
  endfacet
  facet normal -1 0 0
    outer loop
      vertex 71.69999694824219 0.19999980926513672 37.20000076293945
      vertex 71.69999694824219 0 27.19999885559082
      vertex 71.69999694824219 0 37.20000076293945
    endloop
  endfacet
  facet normal 0 0 -1
    outer loop
      vertex 61.70000076293945 0 37.20000076293945
      vertex 71.69999694824219 0.19999980926513672 37.20000076293945
      vertex 71.69999694824219 0 37.20000076293945
    endloop
  endfacet
  facet normal 0 0 -1
    outer loop
      vertex 71.69999694824219 0.19999980926513672 37.20000076293945
      vertex 61.70000076293945 0 37.20000076293945
      vertex 61.70000076293945 0.19999980926513672 37.20000076293945
    endloop
  endfacet
  facet normal 0 0 1
    outer loop
      vertex 61.70000076293945 0.19999980926513672 27.19999885559082
      vertex 71.69999694824219 0 27.19999885559082
      vertex 71.69999694824219 0.19999980926513672 27.19999885559082
    endloop
  endfacet
  facet normal 0 0 1
    outer loop
      vertex 71.69999694824219 0 27.19999885559082
      vertex 61.70000076293945 0.19999980926513672 27.19999885559082
      vertex 61.70000076293945 0 27.19999885559082
    endloop
  endfacet
  facet normal 1 0 0
    outer loop
      vertex 61.70000076293945 0 37.20000076293945
      vertex 61.70000076293945 0.19999980926513672 27.19999885559082
      vertex 61.70000076293945 0.19999980926513672 37.20000076293945
    endloop
  endfacet
  facet normal 1 0 0
    outer loop
      vertex 61.70000076293945 0.19999980926513672 27.19999885559082
      vertex 61.70000076293945 0 37.20000076293945
      vertex 61.70000076293945 0 27.19999885559082
    endloop
  endfacet
  facet normal 0 -1 0
    outer loop
      vertex 61.70000076293945 0.19999980926513672 27.19999885559082
      vertex 71.69999694824219 0.19999980926513672 37.20000076293945
      vertex 61.70000076293945 0.19999980926513672 37.20000076293945
    endloop
  endfacet
  facet normal 0 -1 0
    outer loop
      vertex 71.69999694824219 0.19999980926513672 37.20000076293945
      vertex 61.70000076293945 0.19999980926513672 27.19999885559082
      vertex 71.69999694824219 0.19999980926513672 27.19999885559082
    endloop
  endfacet
  facet normal -1 0 0
    outer loop
      vertex 71.69999694824219 0 38.39999771118164
      vertex 71.69999694824219 0.19999980926513672 48.39999771118164
      vertex 71.69999694824219 0.19999980926513672 38.39999771118164
    endloop
  endfacet
  facet normal -1 0 0
    outer loop
      vertex 71.69999694824219 0.19999980926513672 48.39999771118164
      vertex 71.69999694824219 0 38.39999771118164
      vertex 71.69999694824219 0 48.39999771118164
    endloop
  endfacet
  facet normal 0 0 -1
    outer loop
      vertex 61.70000076293945 0 48.39999771118164
      vertex 71.69999694824219 0.19999980926513672 48.39999771118164
      vertex 71.69999694824219 0 48.39999771118164
    endloop
  endfacet
  facet normal 0 0 -1
    outer loop
      vertex 71.69999694824219 0.19999980926513672 48.39999771118164
      vertex 61.70000076293945 0 48.39999771118164
      vertex 61.70000076293945 0.19999980926513672 48.39999771118164
    endloop
  endfacet
  facet normal 0 0 1
    outer loop
      vertex 61.70000076293945 0.19999980926513672 38.39999771118164
      vertex 71.69999694824219 0 38.39999771118164
      vertex 71.69999694824219 0.19999980926513672 38.39999771118164
    endloop
  endfacet
  facet normal 0 0 1
    outer loop
      vertex 71.69999694824219 0 38.39999771118164
      vertex 61.70000076293945 0.19999980926513672 38.39999771118164
      vertex 61.70000076293945 0 38.39999771118164
    endloop
  endfacet
  facet normal 1 0 0
    outer loop
      vertex 61.70000076293945 0 48.39999771118164
      vertex 61.70000076293945 0.19999980926513672 38.39999771118164
      vertex 61.70000076293945 0.19999980926513672 48.39999771118164
    endloop
  endfacet
  facet normal 1 0 0
    outer loop
      vertex 61.70000076293945 0.19999980926513672 38.39999771118164
      vertex 61.70000076293945 0 48.39999771118164
      vertex 61.70000076293945 0 38.39999771118164
    endloop
  endfacet
  facet normal 0 -1 0
    outer loop
      vertex 61.70000076293945 0.19999980926513672 38.39999771118164
      vertex 71.69999694824219 0.19999980926513672 48.39999771118164
      vertex 61.70000076293945 0.19999980926513672 48.39999771118164
    endloop
  endfacet
  facet normal 0 -1 0
    outer loop
      vertex 71.69999694824219 0.19999980926513672 48.39999771118164
      vertex 61.70000076293945 0.19999980926513672 38.39999771118164
      vertex 71.69999694824219 0.19999980926513672 38.39999771118164
    endloop
  endfacet
  facet normal -1 0 0
    outer loop
      vertex 82.9000015258789 0 4.800000190734863
      vertex 82.9000015258789 0.19999980926513672 14.800000190734863
      vertex 82.9000015258789 0.19999980926513672 4.800000190734863
    endloop
  endfacet
  facet normal -1 0 0
    outer loop
      vertex 82.9000015258789 0.19999980926513672 14.800000190734863
      vertex 82.9000015258789 0 4.800000190734863
      vertex 82.9000015258789 0 14.800000190734863
    endloop
  endfacet
  facet normal 0 0 -1
    outer loop
      vertex 72.9000015258789 0 14.800000190734863
      vertex 82.9000015258789 0.19999980926513672 14.800000190734863
      vertex 82.9000015258789 0 14.800000190734863
    endloop
  endfacet
  facet normal 0 0 -1
    outer loop
      vertex 82.9000015258789 0.19999980926513672 14.800000190734863
      vertex 72.9000015258789 0 14.800000190734863
      vertex 72.9000015258789 0.19999980926513672 14.800000190734863
    endloop
  endfacet
  facet normal 0 0 1
    outer loop
      vertex 72.9000015258789 0.19999980926513672 4.800000190734863
      vertex 82.9000015258789 0 4.800000190734863
      vertex 82.9000015258789 0.19999980926513672 4.800000190734863
    endloop
  endfacet
  facet normal 0 0 1
    outer loop
      vertex 82.9000015258789 0 4.800000190734863
      vertex 72.9000015258789 0.19999980926513672 4.800000190734863
      vertex 72.9000015258789 0 4.800000190734863
    endloop
  endfacet
  facet normal 1 0 0
    outer loop
      vertex 72.9000015258789 0 14.800000190734863
      vertex 72.9000015258789 0.19999980926513672 4.800000190734863
      vertex 72.9000015258789 0.19999980926513672 14.800000190734863
    endloop
  endfacet
  facet normal 1 0 0
    outer loop
      vertex 72.9000015258789 0.19999980926513672 4.800000190734863
      vertex 72.9000015258789 0 14.800000190734863
      vertex 72.9000015258789 0 4.800000190734863
    endloop
  endfacet
  facet normal 0 -1 0
    outer loop
      vertex 72.9000015258789 0.19999980926513672 4.800000190734863
      vertex 82.9000015258789 0.19999980926513672 14.800000190734863
      vertex 72.9000015258789 0.19999980926513672 14.800000190734863
    endloop
  endfacet
  facet normal 0 -1 0
    outer loop
      vertex 82.9000015258789 0.19999980926513672 14.800000190734863
      vertex 72.9000015258789 0.19999980926513672 4.800000190734863
      vertex 82.9000015258789 0.19999980926513672 4.800000190734863
    endloop
  endfacet
  facet normal -1 0 0
    outer loop
      vertex 82.9000015258789 0 16
      vertex 82.9000015258789 0.19999980926513672 26
      vertex 82.9000015258789 0.19999980926513672 16
    endloop
  endfacet
  facet normal -1 0 0
    outer loop
      vertex 82.9000015258789 0.19999980926513672 26
      vertex 82.9000015258789 0 16
      vertex 82.9000015258789 0 26
    endloop
  endfacet
  facet normal 0 0 -1
    outer loop
      vertex 72.9000015258789 0 26
      vertex 82.9000015258789 0.19999980926513672 26
      vertex 82.9000015258789 0 26
    endloop
  endfacet
  facet normal 0 0 -1
    outer loop
      vertex 82.9000015258789 0.19999980926513672 26
      vertex 72.9000015258789 0 26
      vertex 72.9000015258789 0.19999980926513672 26
    endloop
  endfacet
  facet normal 0 0 1
    outer loop
      vertex 72.9000015258789 0.19999980926513672 16
      vertex 82.9000015258789 0 16
      vertex 82.9000015258789 0.19999980926513672 16
    endloop
  endfacet
  facet normal 0 0 1
    outer loop
      vertex 82.9000015258789 0 16
      vertex 72.9000015258789 0.19999980926513672 16
      vertex 72.9000015258789 0 16
    endloop
  endfacet
  facet normal 1 0 0
    outer loop
      vertex 72.9000015258789 0 26
      vertex 72.9000015258789 0.19999980926513672 16
      vertex 72.9000015258789 0.19999980926513672 26
    endloop
  endfacet
  facet normal 1 0 0
    outer loop
      vertex 72.9000015258789 0.19999980926513672 16
      vertex 72.9000015258789 0 26
      vertex 72.9000015258789 0 16
    endloop
  endfacet
  facet normal 0 -1 0
    outer loop
      vertex 72.9000015258789 0.19999980926513672 16
      vertex 82.9000015258789 0.19999980926513672 26
      vertex 72.9000015258789 0.19999980926513672 26
    endloop
  endfacet
  facet normal 0 -1 0
    outer loop
      vertex 82.9000015258789 0.19999980926513672 26
      vertex 72.9000015258789 0.19999980926513672 16
      vertex 82.9000015258789 0.19999980926513672 16
    endloop
  endfacet
  facet normal -1 0 0
    outer loop
      vertex 82.9000015258789 0 27.19999885559082
      vertex 82.9000015258789 0.19999980926513672 37.20000076293945
      vertex 82.9000015258789 0.19999980926513672 27.19999885559082
    endloop
  endfacet
  facet normal -1 0 0
    outer loop
      vertex 82.9000015258789 0.19999980926513672 37.20000076293945
      vertex 82.9000015258789 0 27.19999885559082
      vertex 82.9000015258789 0 37.20000076293945
    endloop
  endfacet
  facet normal 0 0 -1
    outer loop
      vertex 72.9000015258789 0 37.20000076293945
      vertex 82.9000015258789 0.19999980926513672 37.20000076293945
      vertex 82.9000015258789 0 37.20000076293945
    endloop
  endfacet
  facet normal 0 0 -1
    outer loop
      vertex 82.9000015258789 0.19999980926513672 37.20000076293945
      vertex 72.9000015258789 0 37.20000076293945
      vertex 72.9000015258789 0.19999980926513672 37.20000076293945
    endloop
  endfacet
  facet normal 0 0 1
    outer loop
      vertex 72.9000015258789 0.19999980926513672 27.19999885559082
      vertex 82.9000015258789 0 27.19999885559082
      vertex 82.9000015258789 0.19999980926513672 27.19999885559082
    endloop
  endfacet
  facet normal 0 0 1
    outer loop
      vertex 82.9000015258789 0 27.19999885559082
      vertex 72.9000015258789 0.19999980926513672 27.19999885559082
      vertex 72.9000015258789 0 27.19999885559082
    endloop
  endfacet
  facet normal 1 0 0
    outer loop
      vertex 72.9000015258789 0 37.20000076293945
      vertex 72.9000015258789 0.19999980926513672 27.19999885559082
      vertex 72.9000015258789 0.19999980926513672 37.20000076293945
    endloop
  endfacet
  facet normal 1 0 0
    outer loop
      vertex 72.9000015258789 0.19999980926513672 27.19999885559082
      vertex 72.9000015258789 0 37.20000076293945
      vertex 72.9000015258789 0 27.19999885559082
    endloop
  endfacet
  facet normal 0 -1 0
    outer loop
      vertex 72.9000015258789 0.19999980926513672 27.19999885559082
      vertex 82.9000015258789 0.19999980926513672 37.20000076293945
      vertex 72.9000015258789 0.19999980926513672 37.20000076293945
    endloop
  endfacet
  facet normal 0 -1 0
    outer loop
      vertex 82.9000015258789 0.19999980926513672 37.20000076293945
      vertex 72.9000015258789 0.19999980926513672 27.19999885559082
      vertex 82.9000015258789 0.19999980926513672 27.19999885559082
    endloop
  endfacet
  facet normal -1 0 0
    outer loop
      vertex 82.9000015258789 0 38.39999771118164
      vertex 82.9000015258789 0.19999980926513672 48.39999771118164
      vertex 82.9000015258789 0.19999980926513672 38.39999771118164
    endloop
  endfacet
  facet normal -1 0 0
    outer loop
      vertex 82.9000015258789 0.19999980926513672 48.39999771118164
      vertex 82.9000015258789 0 38.39999771118164
      vertex 82.9000015258789 0 48.39999771118164
    endloop
  endfacet
  facet normal 0 0 -1
    outer loop
      vertex 72.9000015258789 0 48.39999771118164
      vertex 82.9000015258789 0.19999980926513672 48.39999771118164
      vertex 82.9000015258789 0 48.39999771118164
    endloop
  endfacet
  facet normal 0 0 -1
    outer loop
      vertex 82.9000015258789 0.19999980926513672 48.39999771118164
      vertex 72.9000015258789 0 48.39999771118164
      vertex 72.9000015258789 0.19999980926513672 48.39999771118164
    endloop
  endfacet
  facet normal 0 0 1
    outer loop
      vertex 72.9000015258789 0.19999980926513672 38.39999771118164
      vertex 82.9000015258789 0 38.39999771118164
      vertex 82.9000015258789 0.19999980926513672 38.39999771118164
    endloop
  endfacet
  facet normal 0 0 1
    outer loop
      vertex 82.9000015258789 0 38.39999771118164
      vertex 72.9000015258789 0.19999980926513672 38.39999771118164
      vertex 72.9000015258789 0 38.39999771118164
    endloop
  endfacet
  facet normal 1 0 0
    outer loop
      vertex 72.9000015258789 0 48.39999771118164
      vertex 72.9000015258789 0.19999980926513672 38.39999771118164
      vertex 72.9000015258789 0.19999980926513672 48.39999771118164
    endloop
  endfacet
  facet normal 1 0 0
    outer loop
      vertex 72.9000015258789 0.19999980926513672 38.39999771118164
      vertex 72.9000015258789 0 48.39999771118164
      vertex 72.9000015258789 0 38.39999771118164
    endloop
  endfacet
  facet normal 0 -1 0
    outer loop
      vertex 72.9000015258789 0.19999980926513672 38.39999771118164
      vertex 82.9000015258789 0.19999980926513672 48.39999771118164
      vertex 72.9000015258789 0.19999980926513672 48.39999771118164
    endloop
  endfacet
  facet normal 0 -1 0
    outer loop
      vertex 82.9000015258789 0.19999980926513672 48.39999771118164
      vertex 72.9000015258789 0.19999980926513672 38.39999771118164
      vertex 82.9000015258789 0.19999980926513672 38.39999771118164
    endloop
  endfacet
  facet normal -1 0 0
    outer loop
      vertex 94.0999984741211 0 4.800000190734863
      vertex 94.0999984741211 0.19999980926513672 14.800000190734863
      vertex 94.0999984741211 0.19999980926513672 4.800000190734863
    endloop
  endfacet
  facet normal -1 0 0
    outer loop
      vertex 94.0999984741211 0.19999980926513672 14.800000190734863
      vertex 94.0999984741211 0 4.800000190734863
      vertex 94.0999984741211 0 14.800000190734863
    endloop
  endfacet
  facet normal 0 0 -1
    outer loop
      vertex 84.0999984741211 0 14.800000190734863
      vertex 94.0999984741211 0.19999980926513672 14.800000190734863
      vertex 94.0999984741211 0 14.800000190734863
    endloop
  endfacet
  facet normal 0 0 -1
    outer loop
      vertex 94.0999984741211 0.19999980926513672 14.800000190734863
      vertex 84.0999984741211 0 14.800000190734863
      vertex 84.0999984741211 0.19999980926513672 14.800000190734863
    endloop
  endfacet
  facet normal 0 0 1
    outer loop
      vertex 84.0999984741211 0.19999980926513672 4.800000190734863
      vertex 94.0999984741211 0 4.800000190734863
      vertex 94.0999984741211 0.19999980926513672 4.800000190734863
    endloop
  endfacet
  facet normal 0 0 1
    outer loop
      vertex 94.0999984741211 0 4.800000190734863
      vertex 84.0999984741211 0.19999980926513672 4.800000190734863
      vertex 84.0999984741211 0 4.800000190734863
    endloop
  endfacet
  facet normal 1 0 0
    outer loop
      vertex 84.0999984741211 0 14.800000190734863
      vertex 84.0999984741211 0.19999980926513672 4.800000190734863
      vertex 84.0999984741211 0.19999980926513672 14.800000190734863
    endloop
  endfacet
  facet normal 1 0 0
    outer loop
      vertex 84.0999984741211 0.19999980926513672 4.800000190734863
      vertex 84.0999984741211 0 14.800000190734863
      vertex 84.0999984741211 0 4.800000190734863
    endloop
  endfacet
  facet normal 0 -1 0
    outer loop
      vertex 84.0999984741211 0.19999980926513672 4.800000190734863
      vertex 94.0999984741211 0.19999980926513672 14.800000190734863
      vertex 84.0999984741211 0.19999980926513672 14.800000190734863
    endloop
  endfacet
  facet normal 0 -1 0
    outer loop
      vertex 94.0999984741211 0.19999980926513672 14.800000190734863
      vertex 84.0999984741211 0.19999980926513672 4.800000190734863
      vertex 94.0999984741211 0.19999980926513672 4.800000190734863
    endloop
  endfacet
  facet normal -1 0 0
    outer loop
      vertex 94.0999984741211 0 16
      vertex 94.0999984741211 0.19999980926513672 26
      vertex 94.0999984741211 0.19999980926513672 16
    endloop
  endfacet
  facet normal -1 0 0
    outer loop
      vertex 94.0999984741211 0.19999980926513672 26
      vertex 94.0999984741211 0 16
      vertex 94.0999984741211 0 26
    endloop
  endfacet
  facet normal 0 0 -1
    outer loop
      vertex 84.0999984741211 0 26
      vertex 94.0999984741211 0.19999980926513672 26
      vertex 94.0999984741211 0 26
    endloop
  endfacet
  facet normal 0 0 -1
    outer loop
      vertex 94.0999984741211 0.19999980926513672 26
      vertex 84.0999984741211 0 26
      vertex 84.0999984741211 0.19999980926513672 26
    endloop
  endfacet
  facet normal 0 0 1
    outer loop
      vertex 84.0999984741211 0.19999980926513672 16
      vertex 94.0999984741211 0 16
      vertex 94.0999984741211 0.19999980926513672 16
    endloop
  endfacet
  facet normal 0 0 1
    outer loop
      vertex 94.0999984741211 0 16
      vertex 84.0999984741211 0.19999980926513672 16
      vertex 84.0999984741211 0 16
    endloop
  endfacet
  facet normal 1 0 0
    outer loop
      vertex 84.0999984741211 0 26
      vertex 84.0999984741211 0.19999980926513672 16
      vertex 84.0999984741211 0.19999980926513672 26
    endloop
  endfacet
  facet normal 1 0 0
    outer loop
      vertex 84.0999984741211 0.19999980926513672 16
      vertex 84.0999984741211 0 26
      vertex 84.0999984741211 0 16
    endloop
  endfacet
  facet normal 0 -1 0
    outer loop
      vertex 84.0999984741211 0.19999980926513672 16
      vertex 94.0999984741211 0.19999980926513672 26
      vertex 84.0999984741211 0.19999980926513672 26
    endloop
  endfacet
  facet normal 0 -1 0
    outer loop
      vertex 94.0999984741211 0.19999980926513672 26
      vertex 84.0999984741211 0.19999980926513672 16
      vertex 94.0999984741211 0.19999980926513672 16
    endloop
  endfacet
  facet normal -1 0 0
    outer loop
      vertex 94.0999984741211 0 27.19999885559082
      vertex 94.0999984741211 0.19999980926513672 37.20000076293945
      vertex 94.0999984741211 0.19999980926513672 27.19999885559082
    endloop
  endfacet
  facet normal -1 0 0
    outer loop
      vertex 94.0999984741211 0.19999980926513672 37.20000076293945
      vertex 94.0999984741211 0 27.19999885559082
      vertex 94.0999984741211 0 37.20000076293945
    endloop
  endfacet
  facet normal 0 0 -1
    outer loop
      vertex 84.0999984741211 0 37.20000076293945
      vertex 94.0999984741211 0.19999980926513672 37.20000076293945
      vertex 94.0999984741211 0 37.20000076293945
    endloop
  endfacet
  facet normal 0 0 -1
    outer loop
      vertex 94.0999984741211 0.19999980926513672 37.20000076293945
      vertex 84.0999984741211 0 37.20000076293945
      vertex 84.0999984741211 0.19999980926513672 37.20000076293945
    endloop
  endfacet
  facet normal 0 0 1
    outer loop
      vertex 84.0999984741211 0.19999980926513672 27.19999885559082
      vertex 94.0999984741211 0 27.19999885559082
      vertex 94.0999984741211 0.19999980926513672 27.19999885559082
    endloop
  endfacet
  facet normal 0 0 1
    outer loop
      vertex 94.0999984741211 0 27.19999885559082
      vertex 84.0999984741211 0.19999980926513672 27.19999885559082
      vertex 84.0999984741211 0 27.19999885559082
    endloop
  endfacet
  facet normal 1 0 0
    outer loop
      vertex 84.0999984741211 0 37.20000076293945
      vertex 84.0999984741211 0.19999980926513672 27.19999885559082
      vertex 84.0999984741211 0.19999980926513672 37.20000076293945
    endloop
  endfacet
  facet normal 1 0 0
    outer loop
      vertex 84.0999984741211 0.19999980926513672 27.19999885559082
      vertex 84.0999984741211 0 37.20000076293945
      vertex 84.0999984741211 0 27.19999885559082
    endloop
  endfacet
  facet normal 0 -1 0
    outer loop
      vertex 84.0999984741211 0.19999980926513672 27.19999885559082
      vertex 94.0999984741211 0.19999980926513672 37.20000076293945
      vertex 84.0999984741211 0.19999980926513672 37.20000076293945
    endloop
  endfacet
  facet normal 0 -1 0
    outer loop
      vertex 94.0999984741211 0.19999980926513672 37.20000076293945
      vertex 84.0999984741211 0.19999980926513672 27.19999885559082
      vertex 94.0999984741211 0.19999980926513672 27.19999885559082
    endloop
  endfacet
  facet normal -1 0 0
    outer loop
      vertex 94.0999984741211 0 38.39999771118164
      vertex 94.0999984741211 0.19999980926513672 48.39999771118164
      vertex 94.0999984741211 0.19999980926513672 38.39999771118164
    endloop
  endfacet
  facet normal -1 0 0
    outer loop
      vertex 94.0999984741211 0.19999980926513672 48.39999771118164
      vertex 94.0999984741211 0 38.39999771118164
      vertex 94.0999984741211 0 48.39999771118164
    endloop
  endfacet
  facet normal 0 0 -1
    outer loop
      vertex 84.0999984741211 0 48.39999771118164
      vertex 94.0999984741211 0.19999980926513672 48.39999771118164
      vertex 94.0999984741211 0 48.39999771118164
    endloop
  endfacet
  facet normal 0 0 -1
    outer loop
      vertex 94.0999984741211 0.19999980926513672 48.39999771118164
      vertex 84.0999984741211 0 48.39999771118164
      vertex 84.0999984741211 0.19999980926513672 48.39999771118164
    endloop
  endfacet
  facet normal 0 0 1
    outer loop
      vertex 84.0999984741211 0.19999980926513672 38.39999771118164
      vertex 94.0999984741211 0 38.39999771118164
      vertex 94.0999984741211 0.19999980926513672 38.39999771118164
    endloop
  endfacet
  facet normal 0 0 1
    outer loop
      vertex 94.0999984741211 0 38.39999771118164
      vertex 84.0999984741211 0.19999980926513672 38.39999771118164
      vertex 84.0999984741211 0 38.39999771118164
    endloop
  endfacet
  facet normal 1 0 0
    outer loop
      vertex 84.0999984741211 0 48.39999771118164
      vertex 84.0999984741211 0.19999980926513672 38.39999771118164
      vertex 84.0999984741211 0.19999980926513672 48.39999771118164
    endloop
  endfacet
  facet normal 1 0 0
    outer loop
      vertex 84.0999984741211 0.19999980926513672 38.39999771118164
      vertex 84.0999984741211 0 48.39999771118164
      vertex 84.0999984741211 0 38.39999771118164
    endloop
  endfacet
  facet normal 0 -1 0
    outer loop
      vertex 84.0999984741211 0.19999980926513672 38.39999771118164
      vertex 94.0999984741211 0.19999980926513672 48.39999771118164
      vertex 84.0999984741211 0.19999980926513672 48.39999771118164
    endloop
  endfacet
  facet normal 0 -1 0
    outer loop
      vertex 94.0999984741211 0.19999980926513672 48.39999771118164
      vertex 84.0999984741211 0.19999980926513672 38.39999771118164
      vertex 94.0999984741211 0.19999980926513672 38.39999771118164
    endloop
  endfacet
  facet normal -1 0 0
    outer loop
      vertex 105.30000305175781 0 4.800000190734863
      vertex 105.30000305175781 0.19999980926513672 14.800000190734863
      vertex 105.30000305175781 0.19999980926513672 4.800000190734863
    endloop
  endfacet
  facet normal -1 0 0
    outer loop
      vertex 105.30000305175781 0.19999980926513672 14.800000190734863
      vertex 105.30000305175781 0 4.800000190734863
      vertex 105.30000305175781 0 14.800000190734863
    endloop
  endfacet
  facet normal 0 0 -1
    outer loop
      vertex 95.30000305175781 0 14.800000190734863
      vertex 105.30000305175781 0.19999980926513672 14.800000190734863
      vertex 105.30000305175781 0 14.800000190734863
    endloop
  endfacet
  facet normal 0 0 -1
    outer loop
      vertex 105.30000305175781 0.19999980926513672 14.800000190734863
      vertex 95.30000305175781 0 14.800000190734863
      vertex 95.30000305175781 0.19999980926513672 14.800000190734863
    endloop
  endfacet
  facet normal 0 0 1
    outer loop
      vertex 95.30000305175781 0.19999980926513672 4.800000190734863
      vertex 105.30000305175781 0 4.800000190734863
      vertex 105.30000305175781 0.19999980926513672 4.800000190734863
    endloop
  endfacet
  facet normal 0 0 1
    outer loop
      vertex 105.30000305175781 0 4.800000190734863
      vertex 95.30000305175781 0.19999980926513672 4.800000190734863
      vertex 95.30000305175781 0 4.800000190734863
    endloop
  endfacet
  facet normal 1 0 0
    outer loop
      vertex 95.30000305175781 0 14.800000190734863
      vertex 95.30000305175781 0.19999980926513672 4.800000190734863
      vertex 95.30000305175781 0.19999980926513672 14.800000190734863
    endloop
  endfacet
  facet normal 1 0 0
    outer loop
      vertex 95.30000305175781 0.19999980926513672 4.800000190734863
      vertex 95.30000305175781 0 14.800000190734863
      vertex 95.30000305175781 0 4.800000190734863
    endloop
  endfacet
  facet normal 0 -1 0
    outer loop
      vertex 95.30000305175781 0.19999980926513672 4.800000190734863
      vertex 105.30000305175781 0.19999980926513672 14.800000190734863
      vertex 95.30000305175781 0.19999980926513672 14.800000190734863
    endloop
  endfacet
  facet normal 0 -1 0
    outer loop
      vertex 105.30000305175781 0.19999980926513672 14.800000190734863
      vertex 95.30000305175781 0.19999980926513672 4.800000190734863
      vertex 105.30000305175781 0.19999980926513672 4.800000190734863
    endloop
  endfacet
  facet normal -1 0 0
    outer loop
      vertex 105.30000305175781 0 16
      vertex 105.30000305175781 0.19999980926513672 26
      vertex 105.30000305175781 0.19999980926513672 16
    endloop
  endfacet
  facet normal -1 0 0
    outer loop
      vertex 105.30000305175781 0.19999980926513672 26
      vertex 105.30000305175781 0 16
      vertex 105.30000305175781 0 26
    endloop
  endfacet
  facet normal 0 0 -1
    outer loop
      vertex 95.30000305175781 0 26
      vertex 105.30000305175781 0.19999980926513672 26
      vertex 105.30000305175781 0 26
    endloop
  endfacet
  facet normal 0 0 -1
    outer loop
      vertex 105.30000305175781 0.19999980926513672 26
      vertex 95.30000305175781 0 26
      vertex 95.30000305175781 0.19999980926513672 26
    endloop
  endfacet
  facet normal 0 0 1
    outer loop
      vertex 95.30000305175781 0.19999980926513672 16
      vertex 105.30000305175781 0 16
      vertex 105.30000305175781 0.19999980926513672 16
    endloop
  endfacet
  facet normal 0 0 1
    outer loop
      vertex 105.30000305175781 0 16
      vertex 95.30000305175781 0.19999980926513672 16
      vertex 95.30000305175781 0 16
    endloop
  endfacet
  facet normal 1 0 0
    outer loop
      vertex 95.30000305175781 0 26
      vertex 95.30000305175781 0.19999980926513672 16
      vertex 95.30000305175781 0.19999980926513672 26
    endloop
  endfacet
  facet normal 1 0 0
    outer loop
      vertex 95.30000305175781 0.19999980926513672 16
      vertex 95.30000305175781 0 26
      vertex 95.30000305175781 0 16
    endloop
  endfacet
  facet normal 0 -1 0
    outer loop
      vertex 95.30000305175781 0.19999980926513672 16
      vertex 105.30000305175781 0.19999980926513672 26
      vertex 95.30000305175781 0.19999980926513672 26
    endloop
  endfacet
  facet normal 0 -1 0
    outer loop
      vertex 105.30000305175781 0.19999980926513672 26
      vertex 95.30000305175781 0.19999980926513672 16
      vertex 105.30000305175781 0.19999980926513672 16
    endloop
  endfacet
  facet normal -1 0 0
    outer loop
      vertex 105.30000305175781 0 27.19999885559082
      vertex 105.30000305175781 0.19999980926513672 37.20000076293945
      vertex 105.30000305175781 0.19999980926513672 27.19999885559082
    endloop
  endfacet
  facet normal -1 0 0
    outer loop
      vertex 105.30000305175781 0.19999980926513672 37.20000076293945
      vertex 105.30000305175781 0 27.19999885559082
      vertex 105.30000305175781 0 37.20000076293945
    endloop
  endfacet
  facet normal 0 0 -1
    outer loop
      vertex 95.30000305175781 0 37.20000076293945
      vertex 105.30000305175781 0.19999980926513672 37.20000076293945
      vertex 105.30000305175781 0 37.20000076293945
    endloop
  endfacet
  facet normal 0 0 -1
    outer loop
      vertex 105.30000305175781 0.19999980926513672 37.20000076293945
      vertex 95.30000305175781 0 37.20000076293945
      vertex 95.30000305175781 0.19999980926513672 37.20000076293945
    endloop
  endfacet
  facet normal 0 0 1
    outer loop
      vertex 95.30000305175781 0.19999980926513672 27.19999885559082
      vertex 105.30000305175781 0 27.19999885559082
      vertex 105.30000305175781 0.19999980926513672 27.19999885559082
    endloop
  endfacet
  facet normal 0 0 1
    outer loop
      vertex 105.30000305175781 0 27.19999885559082
      vertex 95.30000305175781 0.19999980926513672 27.19999885559082
      vertex 95.30000305175781 0 27.19999885559082
    endloop
  endfacet
  facet normal 1 0 0
    outer loop
      vertex 95.30000305175781 0 37.20000076293945
      vertex 95.30000305175781 0.19999980926513672 27.19999885559082
      vertex 95.30000305175781 0.19999980926513672 37.20000076293945
    endloop
  endfacet
  facet normal 1 0 0
    outer loop
      vertex 95.30000305175781 0.19999980926513672 27.19999885559082
      vertex 95.30000305175781 0 37.20000076293945
      vertex 95.30000305175781 0 27.19999885559082
    endloop
  endfacet
  facet normal 0 -1 0
    outer loop
      vertex 95.30000305175781 0.19999980926513672 27.19999885559082
      vertex 105.30000305175781 0.19999980926513672 37.20000076293945
      vertex 95.30000305175781 0.19999980926513672 37.20000076293945
    endloop
  endfacet
  facet normal 0 -1 0
    outer loop
      vertex 105.30000305175781 0.19999980926513672 37.20000076293945
      vertex 95.30000305175781 0.19999980926513672 27.19999885559082
      vertex 105.30000305175781 0.19999980926513672 27.19999885559082
    endloop
  endfacet
  facet normal -1 0 0
    outer loop
      vertex 105.30000305175781 0 38.39999771118164
      vertex 105.30000305175781 0.19999980926513672 48.39999771118164
      vertex 105.30000305175781 0.19999980926513672 38.39999771118164
    endloop
  endfacet
  facet normal -1 0 0
    outer loop
      vertex 105.30000305175781 0.19999980926513672 48.39999771118164
      vertex 105.30000305175781 0 38.39999771118164
      vertex 105.30000305175781 0 48.39999771118164
    endloop
  endfacet
  facet normal 0 0 -1
    outer loop
      vertex 95.30000305175781 0 48.39999771118164
      vertex 105.30000305175781 0.19999980926513672 48.39999771118164
      vertex 105.30000305175781 0 48.39999771118164
    endloop
  endfacet
  facet normal 0 0 -1
    outer loop
      vertex 105.30000305175781 0.19999980926513672 48.39999771118164
      vertex 95.30000305175781 0 48.39999771118164
      vertex 95.30000305175781 0.19999980926513672 48.39999771118164
    endloop
  endfacet
  facet normal 0 0 1
    outer loop
      vertex 95.30000305175781 0.19999980926513672 38.39999771118164
      vertex 105.30000305175781 0 38.39999771118164
      vertex 105.30000305175781 0.19999980926513672 38.39999771118164
    endloop
  endfacet
  facet normal 0 0 1
    outer loop
      vertex 105.30000305175781 0 38.39999771118164
      vertex 95.30000305175781 0.19999980926513672 38.39999771118164
      vertex 95.30000305175781 0 38.39999771118164
    endloop
  endfacet
  facet normal 1 0 0
    outer loop
      vertex 95.30000305175781 0 48.39999771118164
      vertex 95.30000305175781 0.19999980926513672 38.39999771118164
      vertex 95.30000305175781 0.19999980926513672 48.39999771118164
    endloop
  endfacet
  facet normal 1 0 0
    outer loop
      vertex 95.30000305175781 0.19999980926513672 38.39999771118164
      vertex 95.30000305175781 0 48.39999771118164
      vertex 95.30000305175781 0 38.39999771118164
    endloop
  endfacet
  facet normal 0 -1 0
    outer loop
      vertex 95.30000305175781 0.19999980926513672 38.39999771118164
      vertex 105.30000305175781 0.19999980926513672 48.39999771118164
      vertex 95.30000305175781 0.19999980926513672 48.39999771118164
    endloop
  endfacet
  facet normal 0 -1 0
    outer loop
      vertex 105.30000305175781 0.19999980926513672 48.39999771118164
      vertex 95.30000305175781 0.19999980926513672 38.39999771118164
      vertex 105.30000305175781 0.19999980926513672 38.39999771118164
    endloop
  endfacet
  facet normal 1 0 0
    outer loop
      vertex 92.5 1.1421356201171875 -0.45999908447265625
      vertex 92.5 6 -14.999999046325684
      vertex 92.5 6 -0.45999908447265625
    endloop
  endfacet
  facet normal 1 0 0
    outer loop
      vertex 92.5 0 -14.999999046325684
      vertex 92.5 1.1421356201171875 -0.45999908447265625
      vertex 92.5 0 0.6821365356445312
    endloop
  endfacet
  facet normal 1 0 0
    outer loop
      vertex 92.5 1.1421356201171875 -0.45999908447265625
      vertex 92.5 0 -14.999999046325684
      vertex 92.5 6 -14.999999046325684
    endloop
  endfacet
  facet normal 0 0 -1
    outer loop
      vertex 89.5 0 -18
      vertex 78.5 6 -18
      vertex 89.5 6 -18
    endloop
  endfacet
  facet normal 0 0 -1
    outer loop
      vertex 78.5 6 -18
      vertex 73.5 6 -18
      vertex 78.5 7.715726852416992 -18
    endloop
  endfacet
  facet normal 0 0 -1
    outer loop
      vertex 64.64213562011719 0 -18
      vertex 78.5 6 -18
      vertex 89.5 0 -18
    endloop
  endfacet
  facet normal 0 0 -1
    outer loop
      vertex 78.5 6 -18
      vertex 64.64213562011719 0 -18
      vertex 73.5 6 -18
    endloop
  endfacet
  facet normal 0 0 -1
    outer loop
      vertex 73.5 6 -18
      vertex 64.64213562011719 0 -18
      vertex 64.64213562011719 6 -18
    endloop
  endfacet
  facet normal 0 0 -1
    outer loop
      vertex 78.5 7.715726852416992 -18
      vertex 73.5 6 -18
      vertex 73.5 7.715726852416992 -18
    endloop
  endfacet
  facet normal -1 0 0
    outer loop
      vertex 59.5 6 -12.999999046325684
      vertex 59.5 1.1421356201171875 -0.45999908447265625
      vertex 59.5 6 -0.45999908447265625
    endloop
  endfacet
  facet normal -1 0 0
    outer loop
      vertex 59.5 0 -12.999999046325684
      vertex 59.5 1.1421356201171875 -0.45999908447265625
      vertex 59.5 6 -12.999999046325684
    endloop
  endfacet
  facet normal -1 0 0
    outer loop
      vertex 59.5 1.1421356201171875 -0.45999908447265625
      vertex 59.5 0 -12.999999046325684
      vertex 59.5 0 0.6821365356445312
    endloop
  endfacet
  facet normal 0 1 0
    outer loop
      vertex 64.64213562011719 6 -18
      vertex 66.79556274414062 6 -12.83765983581543
      vertex 67.0999984741211 6 -13.058845520019531
    endloop
  endfacet
  facet normal 0 1 0
    outer loop
      vertex 64.64213562011719 6 -18
      vertex 67.0999984741211 6 -13.058845520019531
      vertex 67.44377136230469 6 -13.211901664733887
    endloop
  endfacet
  facet normal 0 1 0
    outer loop
      vertex 64.64213562011719 6 -18
      vertex 67.44377136230469 6 -13.211901664733887
      vertex 67.81185150146484 6 -13.290139198303223
    endloop
  endfacet
  facet normal 0 1 0
    outer loop
      vertex 68.18814849853516 6 -13.290139198303223
      vertex 64.64213562011719 6 -18
      vertex 67.81185150146484 6 -13.290139198303223
    endloop
  endfacet
  facet normal 0 1 0
    outer loop
      vertex 66.79556274414062 6 -12.83765983581543
      vertex 64.64213562011719 6 -18
      vertex 59.571067810058594 6 -12.92893123626709
    endloop
  endfacet
  facet normal 0 1 0
    outer loop
      vertex 69.64437866210938 6 -8.767873764038086
      vertex 73.4000015258789 6 -3.5
      vertex 73.5 6 -3.5
    endloop
  endfacet
  facet normal 0 1 0
    outer loop
      vertex 73.4000015258789 6 -3.5
      vertex 68.55622863769531 6 -7.788097381591797
      vertex 68.18814849853516 6 -7.709859848022461
    endloop
  endfacet
  facet normal 0 1 0
    outer loop
      vertex 73.4000015258789 6 -3.5
      vertex 68.9000015258789 6 -7.941153526306152
      vertex 68.55622863769531 6 -7.788097381591797
    endloop
  endfacet
  facet normal 0 1 0
    outer loop
      vertex 73.4000015258789 6 -3.5
      vertex 69.20443725585938 6 -8.162339210510254
      vertex 68.9000015258789 6 -7.941153526306152
    endloop
  endfacet
  facet normal 0 1 0
    outer loop
      vertex 73.4000015258789 6 -3.5
      vertex 69.45623016357422 6 -8.441986083984375
      vertex 69.20443725585938 6 -8.162339210510254
    endloop
  endfacet
  facet normal 0 1 0
    outer loop
      vertex 73.4000015258789 6 -3.5
      vertex 69.64437866210938 6 -8.767873764038086
      vertex 69.45623016357422 6 -8.441986083984375
    endloop
  endfacet
  facet normal 0 1 0
    outer loop
      vertex 73.5 6 -3.5
      vertex 69.76066589355469 6 -9.125758171081543
      vertex 69.64437866210938 6 -8.767873764038086
    endloop
  endfacet
  facet normal 0 1 0
    outer loop
      vertex 73.5 6 -3.5
      vertex 69.80000305175781 6 -9.5
      vertex 69.76066589355469 6 -9.125758171081543
    endloop
  endfacet
  facet normal 0 1 0
    outer loop
      vertex 73.5 6 -3.5
      vertex 69.80000305175781 6 -11.5
      vertex 69.80000305175781 6 -9.5
    endloop
  endfacet
  facet normal 0 1 0
    outer loop
      vertex 73.5 6 -18
      vertex 69.80000305175781 6 -11.5
      vertex 73.5 6 -3.5
    endloop
  endfacet
  facet normal 0 1 0
    outer loop
      vertex 69.80000305175781 6 -11.5
      vertex 73.5 6 -18
      vertex 69.76066589355469 6 -11.87424087524414
    endloop
  endfacet
  facet normal 0 1 0
    outer loop
      vertex 64.64213562011719 6 -18
      vertex 68.18814849853516 6 -13.290139198303223
      vertex 73.5 6 -18
    endloop
  endfacet
  facet normal 0 1 0
    outer loop
      vertex 68.55622863769531 6 -13.211901664733887
      vertex 73.5 6 -18
      vertex 68.18814849853516 6 -13.290139198303223
    endloop
  endfacet
  facet normal 0 1 0
    outer loop
      vertex 68.9000015258789 6 -13.058845520019531
      vertex 73.5 6 -18
      vertex 68.55622863769531 6 -13.211901664733887
    endloop
  endfacet
  facet normal 0 1 0
    outer loop
      vertex 69.20443725585938 6 -12.83765983581543
      vertex 73.5 6 -18
      vertex 68.9000015258789 6 -13.058845520019531
    endloop
  endfacet
  facet normal 0 1 0
    outer loop
      vertex 69.45623016357422 6 -12.558012962341309
      vertex 73.5 6 -18
      vertex 69.20443725585938 6 -12.83765983581543
    endloop
  endfacet
  facet normal 0 1 0
    outer loop
      vertex 69.64437866210938 6 -12.232125282287598
      vertex 73.5 6 -18
      vertex 69.45623016357422 6 -12.558012962341309
    endloop
  endfacet
  facet normal 0 1 0
    outer loop
      vertex 69.76066589355469 6 -11.87424087524414
      vertex 73.5 6 -18
      vertex 69.64437866210938 6 -12.232125282287598
    endloop
  endfacet
  facet normal 0 1 0
    outer loop
      vertex 67.81185150146484 6 -7.709859848022461
      vertex 73.4000015258789 6 -0.45999908447265625
      vertex 73.4000015258789 6 -3.5
    endloop
  endfacet
  facet normal 0 1 0
    outer loop
      vertex 67.81185150146484 6 -7.709859848022461
      vertex 73.4000015258789 6 -3.5
      vertex 68.18814849853516 6 -7.709859848022461
    endloop
  endfacet
  facet normal 0 1 0
    outer loop
      vertex 73.4000015258789 6 -0.45999908447265625
      vertex 67.81185150146484 6 -7.709859848022461
      vertex 59.5 6 -0.45999908447265625
    endloop
  endfacet
  facet normal 0 1 0
    outer loop
      vertex 67.44377136230469 6 -7.788097381591797
      vertex 59.5 6 -0.45999908447265625
      vertex 67.81185150146484 6 -7.709859848022461
    endloop
  endfacet
  facet normal 0 1 0
    outer loop
      vertex 67.0999984741211 6 -7.941153526306152
      vertex 59.5 6 -0.45999908447265625
      vertex 67.44377136230469 6 -7.788097381591797
    endloop
  endfacet
  facet normal 0 1 0
    outer loop
      vertex 66.79556274414062 6 -8.162339210510254
      vertex 59.5 6 -0.45999908447265625
      vertex 67.0999984741211 6 -7.941153526306152
    endloop
  endfacet
  facet normal 0 1 0
    outer loop
      vertex 66.54376983642578 6 -8.441986083984375
      vertex 59.5 6 -0.45999908447265625
      vertex 66.79556274414062 6 -8.162339210510254
    endloop
  endfacet
  facet normal 0 1 0
    outer loop
      vertex 66.35562133789062 6 -8.767873764038086
      vertex 59.5 6 -0.45999908447265625
      vertex 66.54376983642578 6 -8.441986083984375
    endloop
  endfacet
  facet normal 0 1 0
    outer loop
      vertex 59.571067810058594 6 -12.92893123626709
      vertex 66.35562133789062 6 -8.767873764038086
      vertex 66.23933410644531 6 -9.125758171081543
    endloop
  endfacet
  facet normal 0 1 0
    outer loop
      vertex 59.571067810058594 6 -12.92893123626709
      vertex 66.23933410644531 6 -9.125758171081543
      vertex 66.19999694824219 6 -9.5
    endloop
  endfacet
  facet normal 0 1 0
    outer loop
      vertex 59.571067810058594 6 -12.92893123626709
      vertex 66.19999694824219 6 -9.5
      vertex 66.19999694824219 6 -11.5
    endloop
  endfacet
  facet normal 0 1 0
    outer loop
      vertex 59.571067810058594 6 -12.92893123626709
      vertex 66.19999694824219 6 -11.5
      vertex 66.23933410644531 6 -11.87424087524414
    endloop
  endfacet
  facet normal 0 1 0
    outer loop
      vertex 59.571067810058594 6 -12.92893123626709
      vertex 66.23933410644531 6 -11.87424087524414
      vertex 66.35562133789062 6 -12.232125282287598
    endloop
  endfacet
  facet normal 0 1 0
    outer loop
      vertex 59.571067810058594 6 -12.92893123626709
      vertex 66.35562133789062 6 -12.232125282287598
      vertex 66.54376983642578 6 -12.558012962341309
    endloop
  endfacet
  facet normal 0 1 0
    outer loop
      vertex 59.571067810058594 6 -12.92893123626709
      vertex 66.54376983642578 6 -12.558012962341309
      vertex 66.79556274414062 6 -12.83765983581543
    endloop
  endfacet
  facet normal 0 1 0
    outer loop
      vertex 66.35562133789062 6 -8.767873764038086
      vertex 59.571067810058594 6 -12.92893123626709
      vertex 59.5 6 -0.45999908447265625
    endloop
  endfacet
  facet normal 0 1 0
    outer loop
      vertex 59.5 6 -0.45999908447265625
      vertex 59.571067810058594 6 -12.92893123626709
      vertex 59.5 6 -12.999999046325684
    endloop
  endfacet
  facet normal 0 1 0
    outer loop
      vertex 92.5 6 -0.45999908447265625
      vertex 87.4000015258789 6 -3.5
      vertex 87.4000015258789 6 -0.45999908447265625
    endloop
  endfacet
  facet normal 0 1 0
    outer loop
      vertex 87.81185150146484 6 -7.709859848022461
      vertex 87.4000015258789 6 -3.5
      vertex 88.18814849853516 6 -7.709859848022461
    endloop
  endfacet
  facet normal 0 1 0
    outer loop
      vertex 88.9000015258789 6 -7.941153526306152
      vertex 87.4000015258789 6 -3.5
      vertex 92.5 6 -0.45999908447265625
    endloop
  endfacet
  facet normal 0 1 0
    outer loop
      vertex 87.4000015258789 6 -3.5
      vertex 88.55622863769531 6 -7.788097381591797
      vertex 88.18814849853516 6 -7.709859848022461
    endloop
  endfacet
  facet normal 0 1 0
    outer loop
      vertex 87.4000015258789 6 -3.5
      vertex 88.9000015258789 6 -7.941153526306152
      vertex 88.55622863769531 6 -7.788097381591797
    endloop
  endfacet
  facet normal 0 1 0
    outer loop
      vertex 92.5 6 -0.45999908447265625
      vertex 89.20443725585938 6 -8.162339210510254
      vertex 88.9000015258789 6 -7.941153526306152
    endloop
  endfacet
  facet normal 0 1 0
    outer loop
      vertex 92.5 6 -0.45999908447265625
      vertex 89.45623016357422 6 -8.441986083984375
      vertex 89.20443725585938 6 -8.162339210510254
    endloop
  endfacet
  facet normal 0 1 0
    outer loop
      vertex 92.5 6 -0.45999908447265625
      vertex 89.64437866210938 6 -8.767873764038086
      vertex 89.45623016357422 6 -8.441986083984375
    endloop
  endfacet
  facet normal 0 1 0
    outer loop
      vertex 92.5 6 -0.45999908447265625
      vertex 89.76066589355469 6 -9.125758171081543
      vertex 89.64437866210938 6 -8.767873764038086
    endloop
  endfacet
  facet normal 0 1 0
    outer loop
      vertex 92.5 6 -14.999999046325684
      vertex 89.76066589355469 6 -9.125758171081543
      vertex 92.5 6 -0.45999908447265625
    endloop
  endfacet
  facet normal 0 1 0
    outer loop
      vertex 89.76066589355469 6 -9.125758171081543
      vertex 92.5 6 -14.999999046325684
      vertex 89.80000305175781 6 -9.5
    endloop
  endfacet
  facet normal 0 1 0
    outer loop
      vertex 89.80000305175781 6 -9.5
      vertex 92.5 6 -14.999999046325684
      vertex 89.80000305175781 6 -11.5
    endloop
  endfacet
  facet normal 0 1 0
    outer loop
      vertex 88.55622863769531 6 -13.211901664733887
      vertex 89.5 6 -18
      vertex 88.18814849853516 6 -13.290139198303223
    endloop
  endfacet
  facet normal 0 1 0
    outer loop
      vertex 88.9000015258789 6 -13.058845520019531
      vertex 89.5 6 -18
      vertex 88.55622863769531 6 -13.211901664733887
    endloop
  endfacet
  facet normal 0 1 0
    outer loop
      vertex 89.5 6 -18
      vertex 88.9000015258789 6 -13.058845520019531
      vertex 92.5 6 -14.999999046325684
    endloop
  endfacet
  facet normal 0 1 0
    outer loop
      vertex 89.20443725585938 6 -12.83765983581543
      vertex 92.5 6 -14.999999046325684
      vertex 88.9000015258789 6 -13.058845520019531
    endloop
  endfacet
  facet normal 0 1 0
    outer loop
      vertex 89.45623016357422 6 -12.558012962341309
      vertex 92.5 6 -14.999999046325684
      vertex 89.20443725585938 6 -12.83765983581543
    endloop
  endfacet
  facet normal 0 1 0
    outer loop
      vertex 89.64437866210938 6 -12.232125282287598
      vertex 92.5 6 -14.999999046325684
      vertex 89.45623016357422 6 -12.558012962341309
    endloop
  endfacet
  facet normal 0 1 0
    outer loop
      vertex 89.76066589355469 6 -11.87424087524414
      vertex 92.5 6 -14.999999046325684
      vertex 89.64437866210938 6 -12.232125282287598
    endloop
  endfacet
  facet normal 0 1 0
    outer loop
      vertex 89.80000305175781 6 -11.5
      vertex 92.5 6 -14.999999046325684
      vertex 89.76066589355469 6 -11.87424087524414
    endloop
  endfacet
  facet normal 0 1 0
    outer loop
      vertex 87.44377136230469 6 -7.788097381591797
      vertex 87.4000015258789 6 -3.5
      vertex 87.81185150146484 6 -7.709859848022461
    endloop
  endfacet
  facet normal 0 1 0
    outer loop
      vertex 87.0999984741211 6 -7.941153526306152
      vertex 87.4000015258789 6 -3.5
      vertex 87.44377136230469 6 -7.788097381591797
    endloop
  endfacet
  facet normal 0 1 0
    outer loop
      vertex 86.79556274414062 6 -8.162339210510254
      vertex 87.4000015258789 6 -3.5
      vertex 87.0999984741211 6 -7.941153526306152
    endloop
  endfacet
  facet normal 0 1 0
    outer loop
      vertex 86.54376983642578 6 -8.441986083984375
      vertex 87.4000015258789 6 -3.5
      vertex 86.79556274414062 6 -8.162339210510254
    endloop
  endfacet
  facet normal 0 1 0
    outer loop
      vertex 87.4000015258789 6 -3.5
      vertex 86.54376983642578 6 -8.441986083984375
      vertex 78.5 6 -3.5
    endloop
  endfacet
  facet normal 0 1 0
    outer loop
      vertex 86.35562133789062 6 -8.767873764038086
      vertex 78.5 6 -3.5
      vertex 86.54376983642578 6 -8.441986083984375
    endloop
  endfacet
  facet normal 0 1 0
    outer loop
      vertex 86.23933410644531 6 -9.125758171081543
      vertex 78.5 6 -3.5
      vertex 86.35562133789062 6 -8.767873764038086
    endloop
  endfacet
  facet normal 0 1 0
    outer loop
      vertex 86.19999694824219 6 -9.5
      vertex 78.5 6 -3.5
      vertex 86.23933410644531 6 -9.125758171081543
    endloop
  endfacet
  facet normal 0 1 0
    outer loop
      vertex 86.19999694824219 6 -11.5
      vertex 78.5 6 -3.5
      vertex 86.19999694824219 6 -9.5
    endloop
  endfacet
  facet normal 0 1 0
    outer loop
      vertex 78.5 6 -18
      vertex 86.19999694824219 6 -11.5
      vertex 86.23933410644531 6 -11.87424087524414
    endloop
  endfacet
  facet normal 0 1 0
    outer loop
      vertex 78.5 6 -18
      vertex 86.23933410644531 6 -11.87424087524414
      vertex 86.35562133789062 6 -12.232125282287598
    endloop
  endfacet
  facet normal 0 1 0
    outer loop
      vertex 78.5 6 -18
      vertex 86.35562133789062 6 -12.232125282287598
      vertex 86.54376983642578 6 -12.558012962341309
    endloop
  endfacet
  facet normal 0 1 0
    outer loop
      vertex 88.18814849853516 6 -13.290139198303223
      vertex 89.5 6 -18
      vertex 87.81185150146484 6 -13.290139198303223
    endloop
  endfacet
  facet normal 0 1 0
    outer loop
      vertex 87.81185150146484 6 -13.290139198303223
      vertex 89.5 6 -18
      vertex 87.44377136230469 6 -13.211901664733887
    endloop
  endfacet
  facet normal 0 1 0
    outer loop
      vertex 89.5 6 -18
      vertex 87.0999984741211 6 -13.058845520019531
      vertex 87.44377136230469 6 -13.211901664733887
    endloop
  endfacet
  facet normal 0 1 0
    outer loop
      vertex 78.5 6 -18
      vertex 87.0999984741211 6 -13.058845520019531
      vertex 89.5 6 -18
    endloop
  endfacet
  facet normal 0 1 0
    outer loop
      vertex 87.0999984741211 6 -13.058845520019531
      vertex 78.5 6 -18
      vertex 86.79556274414062 6 -12.83765983581543
    endloop
  endfacet
  facet normal 0 1 0
    outer loop
      vertex 86.79556274414062 6 -12.83765983581543
      vertex 78.5 6 -18
      vertex 86.54376983642578 6 -12.558012962341309
    endloop
  endfacet
  facet normal 0 1 0
    outer loop
      vertex 86.19999694824219 6 -11.5
      vertex 78.5 6 -18
      vertex 78.5 6 -3.5
    endloop
  endfacet
  facet normal 0 -1 0
    outer loop
      vertex 89.80000305175781 0 -5
      vertex 87.44377136230469 0 -7.788097381591797
      vertex 87.81185150146484 0 -7.709859848022461
    endloop
  endfacet
  facet normal 0 -1 0
    outer loop
      vertex 83.5999984741211 0 -7.699999809265137
      vertex 87.0999984741211 0 -7.941153526306152
      vertex 87.44377136230469 0 -7.788097381591797
    endloop
  endfacet
  facet normal 0 -1 0
    outer loop
      vertex 83.5999984741211 0 -7.699999809265137
      vertex 86.79556274414062 0 -8.162339210510254
      vertex 87.0999984741211 0 -7.941153526306152
    endloop
  endfacet
  facet normal 0 -1 0
    outer loop
      vertex 83.5999984741211 0 -7.699999809265137
      vertex 86.54376983642578 0 -8.441986083984375
      vertex 86.79556274414062 0 -8.162339210510254
    endloop
  endfacet
  facet normal 0 -1 0
    outer loop
      vertex 83.5999984741211 0 -7.699999809265137
      vertex 86.35562133789062 0 -8.767873764038086
      vertex 86.54376983642578 0 -8.441986083984375
    endloop
  endfacet
  facet normal 0 -1 0
    outer loop
      vertex 83.5999984741211 0 -7.699999809265137
      vertex 86.23933410644531 0 -9.125758171081543
      vertex 86.35562133789062 0 -8.767873764038086
    endloop
  endfacet
  facet normal 0 -1 0
    outer loop
      vertex 83.5999984741211 0 -7.699999809265137
      vertex 86.19999694824219 0 -9.5
      vertex 86.23933410644531 0 -9.125758171081543
    endloop
  endfacet
  facet normal 0 -1 0
    outer loop
      vertex 83.5999984741211 0 -7.699999809265137
      vertex 86.19999694824219 0 -11.5
      vertex 86.19999694824219 0 -9.5
    endloop
  endfacet
  facet normal 0 -1 0
    outer loop
      vertex 83.5999984741211 0 -13.299999237060547
      vertex 86.19999694824219 0 -11.5
      vertex 83.5999984741211 0 -7.699999809265137
    endloop
  endfacet
  facet normal 0 -1 0
    outer loop
      vertex 86.19999694824219 0 -11.5
      vertex 83.5999984741211 0 -13.299999237060547
      vertex 86.23933410644531 0 -11.87424087524414
    endloop
  endfacet
  facet normal 0 -1 0
    outer loop
      vertex 86.23933410644531 0 -11.87424087524414
      vertex 83.5999984741211 0 -13.299999237060547
      vertex 86.35562133789062 0 -12.232125282287598
    endloop
  endfacet
  facet normal 0 -1 0
    outer loop
      vertex 87.44377136230469 0 -13.211901664733887
      vertex 89.5 0 -18
      vertex 87.81185150146484 0 -13.290139198303223
    endloop
  endfacet
  facet normal 0 -1 0
    outer loop
      vertex 89.5 0 -18
      vertex 87.44377136230469 0 -13.211901664733887
      vertex 83.5999984741211 0 -13.299999237060547
    endloop
  endfacet
  facet normal 0 -1 0
    outer loop
      vertex 87.0999984741211 0 -13.058845520019531
      vertex 83.5999984741211 0 -13.299999237060547
      vertex 87.44377136230469 0 -13.211901664733887
    endloop
  endfacet
  facet normal 0 -1 0
    outer loop
      vertex 86.79556274414062 0 -12.83765983581543
      vertex 83.5999984741211 0 -13.299999237060547
      vertex 87.0999984741211 0 -13.058845520019531
    endloop
  endfacet
  facet normal 0 -1 0
    outer loop
      vertex 86.54376983642578 0 -12.558012962341309
      vertex 83.5999984741211 0 -13.299999237060547
      vertex 86.79556274414062 0 -12.83765983581543
    endloop
  endfacet
  facet normal 0 -1 0
    outer loop
      vertex 86.35562133789062 0 -12.232125282287598
      vertex 83.5999984741211 0 -13.299999237060547
      vertex 86.54376983642578 0 -12.558012962341309
    endloop
  endfacet
  facet normal 0 -1 0
    outer loop
      vertex 89.80000305175781 0 0.5999994277954102
      vertex 82.9000015258789 0 4.800000190734863
      vertex 66.19999694824219 0 0.5999994277954102
    endloop
  endfacet
  facet normal 0 -1 0
    outer loop
      vertex 59.5 0 0.6821365356445312
      vertex 66.19999694824219 0 -5
      vertex 66.19999694824219 0 0.5999994277954102
    endloop
  endfacet
  facet normal 0 -1 0
    outer loop
      vertex 66.19999694824219 0 -5
      vertex 72.4000015258789 0 -7.699999809265137
      vertex 89.80000305175781 0 -5
    endloop
  endfacet
  facet normal 0 -1 0
    outer loop
      vertex 68.18814849853516 0 -7.709859848022461
      vertex 66.19999694824219 0 -5
      vertex 67.81185150146484 0 -7.709859848022461
    endloop
  endfacet
  facet normal 0 -1 0
    outer loop
      vertex 59.571067810058594 0 -12.92893123626709
      vertex 66.19999694824219 0 -5
      vertex 59.5 0 0.6821365356445312
    endloop
  endfacet
  facet normal 0 -1 0
    outer loop
      vertex 66.19999694824219 0 -5
      vertex 67.44377136230469 0 -7.788097381591797
      vertex 67.81185150146484 0 -7.709859848022461
    endloop
  endfacet
  facet normal 0 -1 0
    outer loop
      vertex 66.19999694824219 0 -5
      vertex 67.0999984741211 0 -7.941153526306152
      vertex 67.44377136230469 0 -7.788097381591797
    endloop
  endfacet
  facet normal 0 -1 0
    outer loop
      vertex 66.19999694824219 0 -5
      vertex 66.79556274414062 0 -8.162339210510254
      vertex 67.0999984741211 0 -7.941153526306152
    endloop
  endfacet
  facet normal 0 -1 0
    outer loop
      vertex 66.19999694824219 0 -5
      vertex 66.54376983642578 0 -8.441986083984375
      vertex 66.79556274414062 0 -8.162339210510254
    endloop
  endfacet
  facet normal 0 -1 0
    outer loop
      vertex 66.19999694824219 0 -5
      vertex 66.35562133789062 0 -8.767873764038086
      vertex 66.54376983642578 0 -8.441986083984375
    endloop
  endfacet
  facet normal 0 -1 0
    outer loop
      vertex 66.19999694824219 0 -5
      vertex 59.571067810058594 0 -12.92893123626709
      vertex 66.35562133789062 0 -8.767873764038086
    endloop
  endfacet
  facet normal 0 -1 0
    outer loop
      vertex 66.35562133789062 0 -8.767873764038086
      vertex 59.571067810058594 0 -12.92893123626709
      vertex 66.23933410644531 0 -9.125758171081543
    endloop
  endfacet
  facet normal 0 -1 0
    outer loop
      vertex 66.23933410644531 0 -9.125758171081543
      vertex 59.571067810058594 0 -12.92893123626709
      vertex 66.19999694824219 0 -9.5
    endloop
  endfacet
  facet normal 0 -1 0
    outer loop
      vertex 66.19999694824219 0 -9.5
      vertex 59.571067810058594 0 -12.92893123626709
      vertex 66.19999694824219 0 -11.5
    endloop
  endfacet
  facet normal 0 -1 0
    outer loop
      vertex 66.19999694824219 0 -11.5
      vertex 59.571067810058594 0 -12.92893123626709
      vertex 66.23933410644531 0 -11.87424087524414
    endloop
  endfacet
  facet normal 0 -1 0
    outer loop
      vertex 64.64213562011719 0 -18
      vertex 66.54376983642578 0 -12.558012962341309
      vertex 59.571067810058594 0 -12.92893123626709
    endloop
  endfacet
  facet normal 0 -1 0
    outer loop
      vertex 66.35562133789062 0 -12.232125282287598
      vertex 59.571067810058594 0 -12.92893123626709
      vertex 66.54376983642578 0 -12.558012962341309
    endloop
  endfacet
  facet normal 0 -1 0
    outer loop
      vertex 66.23933410644531 0 -11.87424087524414
      vertex 59.571067810058594 0 -12.92893123626709
      vertex 66.35562133789062 0 -12.232125282287598
    endloop
  endfacet
  facet normal 0 -1 0
    outer loop
      vertex 59.571067810058594 0 -12.92893123626709
      vertex 59.5 0 0.6821365356445312
      vertex 59.5 0 -12.999999046325684
    endloop
  endfacet
  facet normal 0 -1 0
    outer loop
      vertex 94.0999984741211 0 4.800000190734863
      vertex 95.30000305175781 0 14.800000190734863
      vertex 94.0999984741211 0 14.800000190734863
    endloop
  endfacet
  facet normal 0 -1 0
    outer loop
      vertex 95.30000305175781 0 14.800000190734863
      vertex 94.0999984741211 0 4.800000190734863
      vertex 95.30000305175781 0 4.800000190734863
    endloop
  endfacet
  facet normal 0 -1 0
    outer loop
      vertex 82.9000015258789 0 4.800000190734863
      vertex 84.0999984741211 0 14.800000190734863
      vertex 82.9000015258789 0 14.800000190734863
    endloop
  endfacet
  facet normal 0 -1 0
    outer loop
      vertex 84.0999984741211 0 14.800000190734863
      vertex 82.9000015258789 0 4.800000190734863
      vertex 84.0999984741211 0 4.800000190734863
    endloop
  endfacet
  facet normal 0 -1 0
    outer loop
      vertex 71.69999694824219 0 4.800000190734863
      vertex 72.9000015258789 0 14.800000190734863
      vertex 71.69999694824219 0 14.800000190734863
    endloop
  endfacet
  facet normal 0 -1 0
    outer loop
      vertex 72.9000015258789 0 14.800000190734863
      vertex 71.69999694824219 0 4.800000190734863
      vertex 72.9000015258789 0 4.800000190734863
    endloop
  endfacet
  facet normal 0 -1 0
    outer loop
      vertex 60.5 0 4.800000190734863
      vertex 61.70000076293945 0 14.800000190734863
      vertex 60.5 0 14.800000190734863
    endloop
  endfacet
  facet normal 0 -1 0
    outer loop
      vertex 61.70000076293945 0 14.800000190734863
      vertex 60.5 0 4.800000190734863
      vertex 61.70000076293945 0 4.800000190734863
    endloop
  endfacet
  facet normal 0 -1 0
    outer loop
      vertex 49.29999923706055 0 4.800000190734863
      vertex 50.5 0 14.800000190734863
      vertex 49.29999923706055 0 14.800000190734863
    endloop
  endfacet
  facet normal 0 -1 0
    outer loop
      vertex 50.5 0 14.800000190734863
      vertex 49.29999923706055 0 4.800000190734863
      vertex 50.5 0 4.800000190734863
    endloop
  endfacet
  facet normal 0 -1 0
    outer loop
      vertex 38.099998474121094 0 4.800000190734863
      vertex 39.29999923706055 0 14.800000190734863
      vertex 38.099998474121094 0 14.800000190734863
    endloop
  endfacet
  facet normal 0 -1 0
    outer loop
      vertex 39.29999923706055 0 14.800000190734863
      vertex 38.099998474121094 0 4.800000190734863
      vertex 39.29999923706055 0 4.800000190734863
    endloop
  endfacet
  facet normal 0 -1 0
    outer loop
      vertex 26.899999618530273 0 4.800000190734863
      vertex 28.100000381469727 0 14.800000190734863
      vertex 26.899999618530273 0 14.800000190734863
    endloop
  endfacet
  facet normal 0 -1 0
    outer loop
      vertex 28.100000381469727 0 14.800000190734863
      vertex 26.899999618530273 0 4.800000190734863
      vertex 28.100000381469727 0 4.800000190734863
    endloop
  endfacet
  facet normal 0 -1 0
    outer loop
      vertex 15.699999809265137 0 4.800000190734863
      vertex 16.899999618530273 0 14.800000190734863
      vertex 15.699999809265137 0 14.800000190734863
    endloop
  endfacet
  facet normal 0 -1 0
    outer loop
      vertex 16.899999618530273 0 14.800000190734863
      vertex 15.699999809265137 0 4.800000190734863
      vertex 16.899999618530273 0 4.800000190734863
    endloop
  endfacet
  facet normal 0 -1 0
    outer loop
      vertex 94.0999984741211 0 16
      vertex 95.30000305175781 0 26
      vertex 94.0999984741211 0 26
    endloop
  endfacet
  facet normal 0 -1 0
    outer loop
      vertex 95.30000305175781 0 26
      vertex 94.0999984741211 0 16
      vertex 95.30000305175781 0 16
    endloop
  endfacet
  facet normal 0 -1 0
    outer loop
      vertex 82.9000015258789 0 16
      vertex 84.0999984741211 0 26
      vertex 82.9000015258789 0 26
    endloop
  endfacet
  facet normal 0 -1 0
    outer loop
      vertex 84.0999984741211 0 26
      vertex 82.9000015258789 0 16
      vertex 84.0999984741211 0 16
    endloop
  endfacet
  facet normal 0 -1 0
    outer loop
      vertex 71.69999694824219 0 16
      vertex 72.9000015258789 0 26
      vertex 71.69999694824219 0 26
    endloop
  endfacet
  facet normal 0 -1 0
    outer loop
      vertex 72.9000015258789 0 26
      vertex 71.69999694824219 0 16
      vertex 72.9000015258789 0 16
    endloop
  endfacet
  facet normal 0 -1 0
    outer loop
      vertex 60.5 0 16
      vertex 61.70000076293945 0 26
      vertex 60.5 0 26
    endloop
  endfacet
  facet normal 0 -1 0
    outer loop
      vertex 61.70000076293945 0 26
      vertex 60.5 0 16
      vertex 61.70000076293945 0 16
    endloop
  endfacet
  facet normal 0 -1 0
    outer loop
      vertex 49.29999923706055 0 16
      vertex 50.5 0 26
      vertex 49.29999923706055 0 26
    endloop
  endfacet
  facet normal 0 -1 0
    outer loop
      vertex 50.5 0 26
      vertex 49.29999923706055 0 16
      vertex 50.5 0 16
    endloop
  endfacet
  facet normal 0 -1 0
    outer loop
      vertex 38.099998474121094 0 16
      vertex 39.29999923706055 0 26
      vertex 38.099998474121094 0 26
    endloop
  endfacet
  facet normal 0 -1 0
    outer loop
      vertex 39.29999923706055 0 26
      vertex 38.099998474121094 0 16
      vertex 39.29999923706055 0 16
    endloop
  endfacet
  facet normal 0 -1 0
    outer loop
      vertex 26.899999618530273 0 16
      vertex 28.100000381469727 0 26
      vertex 26.899999618530273 0 26
    endloop
  endfacet
  facet normal 0 -1 0
    outer loop
      vertex 28.100000381469727 0 26
      vertex 26.899999618530273 0 16
      vertex 28.100000381469727 0 16
    endloop
  endfacet
  facet normal 0 -1 0
    outer loop
      vertex 15.699999809265137 0 16
      vertex 16.899999618530273 0 26
      vertex 15.699999809265137 0 26
    endloop
  endfacet
  facet normal 0 -1 0
    outer loop
      vertex 16.899999618530273 0 26
      vertex 15.699999809265137 0 16
      vertex 16.899999618530273 0 16
    endloop
  endfacet
  facet normal 0 -1 0
    outer loop
      vertex 94.0999984741211 0 27.19999885559082
      vertex 95.30000305175781 0 37.20000076293945
      vertex 94.0999984741211 0 37.20000076293945
    endloop
  endfacet
  facet normal 0 -1 0
    outer loop
      vertex 95.30000305175781 0 37.20000076293945
      vertex 94.0999984741211 0 27.19999885559082
      vertex 95.30000305175781 0 27.19999885559082
    endloop
  endfacet
  facet normal 0 -1 0
    outer loop
      vertex 82.9000015258789 0 27.19999885559082
      vertex 84.0999984741211 0 37.20000076293945
      vertex 82.9000015258789 0 37.20000076293945
    endloop
  endfacet
  facet normal 0 -1 0
    outer loop
      vertex 84.0999984741211 0 37.20000076293945
      vertex 82.9000015258789 0 27.19999885559082
      vertex 84.0999984741211 0 27.19999885559082
    endloop
  endfacet
  facet normal 0 -1 0
    outer loop
      vertex 71.69999694824219 0 27.19999885559082
      vertex 72.9000015258789 0 37.20000076293945
      vertex 71.69999694824219 0 37.20000076293945
    endloop
  endfacet
  facet normal 0 -1 0
    outer loop
      vertex 72.9000015258789 0 37.20000076293945
      vertex 71.69999694824219 0 27.19999885559082
      vertex 72.9000015258789 0 27.19999885559082
    endloop
  endfacet
  facet normal 0 -1 0
    outer loop
      vertex 60.5 0 27.19999885559082
      vertex 61.70000076293945 0 37.20000076293945
      vertex 60.5 0 37.20000076293945
    endloop
  endfacet
  facet normal 0 -1 0
    outer loop
      vertex 61.70000076293945 0 37.20000076293945
      vertex 60.5 0 27.19999885559082
      vertex 61.70000076293945 0 27.19999885559082
    endloop
  endfacet
  facet normal 0 -1 0
    outer loop
      vertex 49.29999923706055 0 27.19999885559082
      vertex 50.5 0 37.20000076293945
      vertex 49.29999923706055 0 37.20000076293945
    endloop
  endfacet
  facet normal 0 -1 0
    outer loop
      vertex 50.5 0 37.20000076293945
      vertex 49.29999923706055 0 27.19999885559082
      vertex 50.5 0 27.19999885559082
    endloop
  endfacet
  facet normal 0 -1 0
    outer loop
      vertex 38.099998474121094 0 27.19999885559082
      vertex 39.29999923706055 0 37.20000076293945
      vertex 38.099998474121094 0 37.20000076293945
    endloop
  endfacet
  facet normal 0 -1 0
    outer loop
      vertex 39.29999923706055 0 37.20000076293945
      vertex 38.099998474121094 0 27.19999885559082
      vertex 39.29999923706055 0 27.19999885559082
    endloop
  endfacet
  facet normal 0 -1 0
    outer loop
      vertex 26.899999618530273 0 27.19999885559082
      vertex 28.100000381469727 0 37.20000076293945
      vertex 26.899999618530273 0 37.20000076293945
    endloop
  endfacet
  facet normal 0 -1 0
    outer loop
      vertex 28.100000381469727 0 37.20000076293945
      vertex 26.899999618530273 0 27.19999885559082
      vertex 28.100000381469727 0 27.19999885559082
    endloop
  endfacet
  facet normal 0 -1 0
    outer loop
      vertex 15.699999809265137 0 27.19999885559082
      vertex 16.899999618530273 0 37.20000076293945
      vertex 15.699999809265137 0 37.20000076293945
    endloop
  endfacet
  facet normal 0 -1 0
    outer loop
      vertex 16.899999618530273 0 37.20000076293945
      vertex 15.699999809265137 0 27.19999885559082
      vertex 16.899999618530273 0 27.19999885559082
    endloop
  endfacet
  facet normal 0 -1 0
    outer loop
      vertex 94.0999984741211 0 38.39999771118164
      vertex 95.30000305175781 0 48.39999771118164
      vertex 94.0999984741211 0 48.39999771118164
    endloop
  endfacet
  facet normal 0 -1 0
    outer loop
      vertex 95.30000305175781 0 48.39999771118164
      vertex 94.0999984741211 0 38.39999771118164
      vertex 95.30000305175781 0 38.39999771118164
    endloop
  endfacet
  facet normal 0 -1 0
    outer loop
      vertex 82.9000015258789 0 38.39999771118164
      vertex 84.0999984741211 0 48.39999771118164
      vertex 82.9000015258789 0 48.39999771118164
    endloop
  endfacet
  facet normal 0 -1 0
    outer loop
      vertex 84.0999984741211 0 48.39999771118164
      vertex 82.9000015258789 0 38.39999771118164
      vertex 84.0999984741211 0 38.39999771118164
    endloop
  endfacet
  facet normal 0 -1 0
    outer loop
      vertex 71.69999694824219 0 38.39999771118164
      vertex 72.9000015258789 0 48.39999771118164
      vertex 71.69999694824219 0 48.39999771118164
    endloop
  endfacet
  facet normal 0 -1 0
    outer loop
      vertex 72.9000015258789 0 48.39999771118164
      vertex 71.69999694824219 0 38.39999771118164
      vertex 72.9000015258789 0 38.39999771118164
    endloop
  endfacet
  facet normal 0 -1 0
    outer loop
      vertex 60.5 0 38.39999771118164
      vertex 61.70000076293945 0 48.39999771118164
      vertex 60.5 0 48.39999771118164
    endloop
  endfacet
  facet normal 0 -1 0
    outer loop
      vertex 61.70000076293945 0 48.39999771118164
      vertex 60.5 0 38.39999771118164
      vertex 61.70000076293945 0 38.39999771118164
    endloop
  endfacet
  facet normal 0 -1 0
    outer loop
      vertex 49.29999923706055 0 38.39999771118164
      vertex 50.5 0 48.39999771118164
      vertex 49.29999923706055 0 48.39999771118164
    endloop
  endfacet
  facet normal 0 -1 0
    outer loop
      vertex 50.5 0 48.39999771118164
      vertex 49.29999923706055 0 38.39999771118164
      vertex 50.5 0 38.39999771118164
    endloop
  endfacet
  facet normal 0 -1 0
    outer loop
      vertex 38.099998474121094 0 38.39999771118164
      vertex 39.29999923706055 0 48.39999771118164
      vertex 38.099998474121094 0 48.39999771118164
    endloop
  endfacet
  facet normal 0 -1 0
    outer loop
      vertex 39.29999923706055 0 48.39999771118164
      vertex 38.099998474121094 0 38.39999771118164
      vertex 39.29999923706055 0 38.39999771118164
    endloop
  endfacet
  facet normal 0 -1 0
    outer loop
      vertex 26.899999618530273 0 38.39999771118164
      vertex 28.100000381469727 0 48.39999771118164
      vertex 26.899999618530273 0 48.39999771118164
    endloop
  endfacet
  facet normal 0 -1 0
    outer loop
      vertex 28.100000381469727 0 48.39999771118164
      vertex 26.899999618530273 0 38.39999771118164
      vertex 28.100000381469727 0 38.39999771118164
    endloop
  endfacet
  facet normal 0 -1 0
    outer loop
      vertex 15.699999809265137 0 38.39999771118164
      vertex 16.899999618530273 0 48.39999771118164
      vertex 15.699999809265137 0 48.39999771118164
    endloop
  endfacet
  facet normal 0 -1 0
    outer loop
      vertex 16.899999618530273 0 48.39999771118164
      vertex 15.699999809265137 0 38.39999771118164
      vertex 16.899999618530273 0 38.39999771118164
    endloop
  endfacet
  facet normal 0 -1 0
    outer loop
      vertex 60.5 0 48.39999771118164
      vertex 109.79843139648438 0 53.33786392211914
      vertex 1.1421358585357666 0 53.33786392211914
    endloop
  endfacet
  facet normal 0 -1 0
    outer loop
      vertex 15.699999809265137 0 48.39999771118164
      vertex 1.1421358585357666 0 53.33786392211914
      vertex 5.699999809265137 0 48.39999771118164
    endloop
  endfacet
  facet normal 0 -1 0
    outer loop
      vertex 1.1421358585357666 0 53.33786392211914
      vertex 5.699999809265137 0 38.39999771118164
      vertex 5.699999809265137 0 48.39999771118164
    endloop
  endfacet
  facet normal 0 -1 0
    outer loop
      vertex 15.699999809265137 0 37.20000076293945
      vertex 15.699999809265137 0 38.39999771118164
      vertex 5.699999809265137 0 38.39999771118164
    endloop
  endfacet
  facet normal 0 -1 0
    outer loop
      vertex 15.699999809265137 0 38.39999771118164
      vertex 15.699999809265137 0 37.20000076293945
      vertex 16.899999618530273 0 38.39999771118164
    endloop
  endfacet
  facet normal 0 -1 0
    outer loop
      vertex 16.899999618530273 0 38.39999771118164
      vertex 16.899999618530273 0 37.20000076293945
      vertex 26.899999618530273 0 38.39999771118164
    endloop
  endfacet
  facet normal 0 -1 0
    outer loop
      vertex 26.899999618530273 0 37.20000076293945
      vertex 26.899999618530273 0 38.39999771118164
      vertex 16.899999618530273 0 37.20000076293945
    endloop
  endfacet
  facet normal 0 -1 0
    outer loop
      vertex 28.100000381469727 0 37.20000076293945
      vertex 28.100000381469727 0 38.39999771118164
      vertex 26.899999618530273 0 37.20000076293945
    endloop
  endfacet
  facet normal 0 -1 0
    outer loop
      vertex 28.100000381469727 0 38.39999771118164
      vertex 28.100000381469727 0 37.20000076293945
      vertex 38.099998474121094 0 38.39999771118164
    endloop
  endfacet
  facet normal 0 -1 0
    outer loop
      vertex 38.099998474121094 0 38.39999771118164
      vertex 38.099998474121094 0 37.20000076293945
      vertex 39.29999923706055 0 38.39999771118164
    endloop
  endfacet
  facet normal 0 -1 0
    outer loop
      vertex 39.29999923706055 0 37.20000076293945
      vertex 39.29999923706055 0 38.39999771118164
      vertex 38.099998474121094 0 37.20000076293945
    endloop
  endfacet
  facet normal 0 -1 0
    outer loop
      vertex 49.29999923706055 0 37.20000076293945
      vertex 49.29999923706055 0 38.39999771118164
      vertex 39.29999923706055 0 37.20000076293945
    endloop
  endfacet
  facet normal 0 -1 0
    outer loop
      vertex 49.29999923706055 0 38.39999771118164
      vertex 49.29999923706055 0 37.20000076293945
      vertex 50.5 0 38.39999771118164
    endloop
  endfacet
  facet normal 0 -1 0
    outer loop
      vertex 50.5 0 38.39999771118164
      vertex 50.5 0 37.20000076293945
      vertex 60.5 0 38.39999771118164
    endloop
  endfacet
  facet normal 0 -1 0
    outer loop
      vertex 60.5 0 37.20000076293945
      vertex 60.5 0 38.39999771118164
      vertex 50.5 0 37.20000076293945
    endloop
  endfacet
  facet normal 0 -1 0
    outer loop
      vertex 61.70000076293945 0 37.20000076293945
      vertex 61.70000076293945 0 38.39999771118164
      vertex 60.5 0 37.20000076293945
    endloop
  endfacet
  facet normal 0 -1 0
    outer loop
      vertex 61.70000076293945 0 38.39999771118164
      vertex 61.70000076293945 0 37.20000076293945
      vertex 71.69999694824219 0 38.39999771118164
    endloop
  endfacet
  facet normal 0 -1 0
    outer loop
      vertex 71.69999694824219 0 37.20000076293945
      vertex 71.69999694824219 0 38.39999771118164
      vertex 61.70000076293945 0 37.20000076293945
    endloop
  endfacet
  facet normal 0 -1 0
    outer loop
      vertex 71.69999694824219 0 38.39999771118164
      vertex 71.69999694824219 0 37.20000076293945
      vertex 72.9000015258789 0 38.39999771118164
    endloop
  endfacet
  facet normal 0 -1 0
    outer loop
      vertex 15.699999809265137 0 37.20000076293945
      vertex 5.699999809265137 0 38.39999771118164
      vertex 5.699999809265137 0 37.20000076293945
    endloop
  endfacet
  facet normal 0 -1 0
    outer loop
      vertex 1.1421358585357666 0 53.33786392211914
      vertex 5.699999809265137 0 37.20000076293945
      vertex 5.699999809265137 0 38.39999771118164
    endloop
  endfacet
  facet normal 0 -1 0
    outer loop
      vertex 1.1421358585357666 0 53.33786392211914
      vertex 5.699999809265137 0 27.19999885559082
      vertex 5.699999809265137 0 37.20000076293945
    endloop
  endfacet
  facet normal 0 -1 0
    outer loop
      vertex 15.699999809265137 0 26
      vertex 15.699999809265137 0 27.19999885559082
      vertex 5.699999809265137 0 27.19999885559082
    endloop
  endfacet
  facet normal 0 -1 0
    outer loop
      vertex 15.699999809265137 0 27.19999885559082
      vertex 15.699999809265137 0 26
      vertex 16.899999618530273 0 27.19999885559082
    endloop
  endfacet
  facet normal 0 -1 0
    outer loop
      vertex 16.899999618530273 0 27.19999885559082
      vertex 16.899999618530273 0 26
      vertex 26.899999618530273 0 27.19999885559082
    endloop
  endfacet
  facet normal 0 -1 0
    outer loop
      vertex 26.899999618530273 0 26
      vertex 26.899999618530273 0 27.19999885559082
      vertex 16.899999618530273 0 26
    endloop
  endfacet
  facet normal 0 -1 0
    outer loop
      vertex 28.100000381469727 0 26
      vertex 28.100000381469727 0 27.19999885559082
      vertex 26.899999618530273 0 26
    endloop
  endfacet
  facet normal 0 -1 0
    outer loop
      vertex 28.100000381469727 0 27.19999885559082
      vertex 28.100000381469727 0 26
      vertex 38.099998474121094 0 27.19999885559082
    endloop
  endfacet
  facet normal 0 -1 0
    outer loop
      vertex 38.099998474121094 0 27.19999885559082
      vertex 38.099998474121094 0 26
      vertex 39.29999923706055 0 27.19999885559082
    endloop
  endfacet
  facet normal 0 -1 0
    outer loop
      vertex 39.29999923706055 0 26
      vertex 39.29999923706055 0 27.19999885559082
      vertex 38.099998474121094 0 26
    endloop
  endfacet
  facet normal 0 -1 0
    outer loop
      vertex 49.29999923706055 0 26
      vertex 49.29999923706055 0 27.19999885559082
      vertex 39.29999923706055 0 26
    endloop
  endfacet
  facet normal 0 -1 0
    outer loop
      vertex 49.29999923706055 0 27.19999885559082
      vertex 49.29999923706055 0 26
      vertex 50.5 0 27.19999885559082
    endloop
  endfacet
  facet normal 0 -1 0
    outer loop
      vertex 50.5 0 27.19999885559082
      vertex 50.5 0 26
      vertex 60.5 0 27.19999885559082
    endloop
  endfacet
  facet normal 0 -1 0
    outer loop
      vertex 60.5 0 26
      vertex 60.5 0 27.19999885559082
      vertex 50.5 0 26
    endloop
  endfacet
  facet normal 0 -1 0
    outer loop
      vertex 61.70000076293945 0 26
      vertex 61.70000076293945 0 27.19999885559082
      vertex 60.5 0 26
    endloop
  endfacet
  facet normal 0 -1 0
    outer loop
      vertex 61.70000076293945 0 27.19999885559082
      vertex 61.70000076293945 0 26
      vertex 71.69999694824219 0 27.19999885559082
    endloop
  endfacet
  facet normal 0 -1 0
    outer loop
      vertex 71.69999694824219 0 26
      vertex 71.69999694824219 0 27.19999885559082
      vertex 61.70000076293945 0 26
    endloop
  endfacet
  facet normal 0 -1 0
    outer loop
      vertex 71.69999694824219 0 27.19999885559082
      vertex 71.69999694824219 0 26
      vertex 72.9000015258789 0 27.19999885559082
    endloop
  endfacet
  facet normal 0 -1 0
    outer loop
      vertex 15.699999809265137 0 26
      vertex 5.699999809265137 0 27.19999885559082
      vertex 5.699999809265137 0 26
    endloop
  endfacet
  facet normal 0 -1 0
    outer loop
      vertex 1.1421358585357666 0 53.33786392211914
      vertex 5.699999809265137 0 26
      vertex 5.699999809265137 0 27.19999885559082
    endloop
  endfacet
  facet normal 0 -1 0
    outer loop
      vertex 1.1421358585357666 0 0.6821365356445312
      vertex 5.699999809265137 0 26
      vertex 1.1421358585357666 0 53.33786392211914
    endloop
  endfacet
  facet normal 0 -1 0
    outer loop
      vertex 15.699999809265137 0 14.800000190734863
      vertex 15.699999809265137 0 16
      vertex 5.699999809265137 0 16
    endloop
  endfacet
  facet normal 0 -1 0
    outer loop
      vertex 15.699999809265137 0 16
      vertex 15.699999809265137 0 14.800000190734863
      vertex 16.899999618530273 0 16
    endloop
  endfacet
  facet normal 0 -1 0
    outer loop
      vertex 16.899999618530273 0 16
      vertex 16.899999618530273 0 14.800000190734863
      vertex 26.899999618530273 0 16
    endloop
  endfacet
  facet normal 0 -1 0
    outer loop
      vertex 26.899999618530273 0 14.800000190734863
      vertex 26.899999618530273 0 16
      vertex 16.899999618530273 0 14.800000190734863
    endloop
  endfacet
  facet normal 0 -1 0
    outer loop
      vertex 28.100000381469727 0 14.800000190734863
      vertex 28.100000381469727 0 16
      vertex 26.899999618530273 0 14.800000190734863
    endloop
  endfacet
  facet normal 0 -1 0
    outer loop
      vertex 28.100000381469727 0 16
      vertex 28.100000381469727 0 14.800000190734863
      vertex 38.099998474121094 0 16
    endloop
  endfacet
  facet normal 0 -1 0
    outer loop
      vertex 38.099998474121094 0 16
      vertex 38.099998474121094 0 14.800000190734863
      vertex 39.29999923706055 0 16
    endloop
  endfacet
  facet normal 0 -1 0
    outer loop
      vertex 39.29999923706055 0 14.800000190734863
      vertex 39.29999923706055 0 16
      vertex 38.099998474121094 0 14.800000190734863
    endloop
  endfacet
  facet normal 0 -1 0
    outer loop
      vertex 49.29999923706055 0 14.800000190734863
      vertex 49.29999923706055 0 16
      vertex 39.29999923706055 0 14.800000190734863
    endloop
  endfacet
  facet normal 0 -1 0
    outer loop
      vertex 49.29999923706055 0 16
      vertex 49.29999923706055 0 14.800000190734863
      vertex 50.5 0 16
    endloop
  endfacet
  facet normal 0 -1 0
    outer loop
      vertex 50.5 0 16
      vertex 50.5 0 14.800000190734863
      vertex 60.5 0 16
    endloop
  endfacet
  facet normal 0 -1 0
    outer loop
      vertex 60.5 0 14.800000190734863
      vertex 60.5 0 16
      vertex 50.5 0 14.800000190734863
    endloop
  endfacet
  facet normal 0 -1 0
    outer loop
      vertex 61.70000076293945 0 14.800000190734863
      vertex 61.70000076293945 0 16
      vertex 60.5 0 14.800000190734863
    endloop
  endfacet
  facet normal 0 -1 0
    outer loop
      vertex 61.70000076293945 0 16
      vertex 61.70000076293945 0 14.800000190734863
      vertex 71.69999694824219 0 16
    endloop
  endfacet
  facet normal 0 -1 0
    outer loop
      vertex 71.69999694824219 0 14.800000190734863
      vertex 71.69999694824219 0 16
      vertex 61.70000076293945 0 14.800000190734863
    endloop
  endfacet
  facet normal 0 -1 0
    outer loop
      vertex 71.69999694824219 0 16
      vertex 71.69999694824219 0 14.800000190734863
      vertex 72.9000015258789 0 16
    endloop
  endfacet
  facet normal 0 -1 0
    outer loop
      vertex 15.699999809265137 0 14.800000190734863
      vertex 5.699999809265137 0 16
      vertex 5.699999809265137 0 14.800000190734863
    endloop
  endfacet
  facet normal 0 -1 0
    outer loop
      vertex 5.699999809265137 0 26
      vertex 1.1421358585357666 0 0.6821365356445312
      vertex 5.699999809265137 0 16
    endloop
  endfacet
  facet normal 0 -1 0
    outer loop
      vertex 5.699999809265137 0 16
      vertex 1.1421358585357666 0 0.6821365356445312
      vertex 5.699999809265137 0 14.800000190734863
    endloop
  endfacet
  facet normal 0 -1 0
    outer loop
      vertex 1.1421358585357666 0 0.6821365356445312
      vertex 15.699999809265137 0 4.800000190734863
      vertex 5.699999809265137 0 4.800000190734863
    endloop
  endfacet
  facet normal 0 -1 0
    outer loop
      vertex 15.699999809265137 0 4.800000190734863
      vertex 1.1421358585357666 0 0.6821365356445312
      vertex 16.899999618530273 0 4.800000190734863
    endloop
  endfacet
  facet normal 0 -1 0
    outer loop
      vertex 16.899999618530273 0 4.800000190734863
      vertex 1.1421358585357666 0 0.6821365356445312
      vertex 26.899999618530273 0 4.800000190734863
    endloop
  endfacet
  facet normal 0 -1 0
    outer loop
      vertex 26.899999618530273 0 4.800000190734863
      vertex 1.1421358585357666 0 0.6821365356445312
      vertex 28.100000381469727 0 4.800000190734863
    endloop
  endfacet
  facet normal 0 -1 0
    outer loop
      vertex 59.5 0 0.6821365356445312
      vertex 28.100000381469727 0 4.800000190734863
      vertex 1.1421358585357666 0 0.6821365356445312
    endloop
  endfacet
  facet normal 0 -1 0
    outer loop
      vertex 28.100000381469727 0 4.800000190734863
      vertex 59.5 0 0.6821365356445312
      vertex 38.099998474121094 0 4.800000190734863
    endloop
  endfacet
  facet normal 0 -1 0
    outer loop
      vertex 38.099998474121094 0 4.800000190734863
      vertex 59.5 0 0.6821365356445312
      vertex 39.29999923706055 0 4.800000190734863
    endloop
  endfacet
  facet normal 0 -1 0
    outer loop
      vertex 39.29999923706055 0 4.800000190734863
      vertex 59.5 0 0.6821365356445312
      vertex 49.29999923706055 0 4.800000190734863
    endloop
  endfacet
  facet normal 0 -1 0
    outer loop
      vertex 50.5 0 4.800000190734863
      vertex 59.5 0 0.6821365356445312
      vertex 60.5 0 4.800000190734863
    endloop
  endfacet
  facet normal 0 -1 0
    outer loop
      vertex 60.5 0 4.800000190734863
      vertex 59.5 0 0.6821365356445312
      vertex 61.70000076293945 0 4.800000190734863
    endloop
  endfacet
  facet normal 0 -1 0
    outer loop
      vertex 66.19999694824219 0 0.5999994277954102
      vertex 61.70000076293945 0 4.800000190734863
      vertex 59.5 0 0.6821365356445312
    endloop
  endfacet
  facet normal 0 -1 0
    outer loop
      vertex 61.70000076293945 0 4.800000190734863
      vertex 66.19999694824219 0 0.5999994277954102
      vertex 71.69999694824219 0 4.800000190734863
    endloop
  endfacet
  facet normal 0 -1 0
    outer loop
      vertex 71.69999694824219 0 4.800000190734863
      vertex 66.19999694824219 0 0.5999994277954102
      vertex 72.9000015258789 0 4.800000190734863
    endloop
  endfacet
  facet normal 0 -1 0
    outer loop
      vertex 66.19999694824219 0 0.5999994277954102
      vertex 82.9000015258789 0 4.800000190734863
      vertex 72.9000015258789 0 4.800000190734863
    endloop
  endfacet
  facet normal 0 -1 0
    outer loop
      vertex 82.9000015258789 0 4.800000190734863
      vertex 92.5 0 0.6821365356445312
      vertex 84.0999984741211 0 4.800000190734863
    endloop
  endfacet
  facet normal 0 -1 0
    outer loop
      vertex 84.0999984741211 0 4.800000190734863
      vertex 92.5 0 0.6821365356445312
      vertex 94.0999984741211 0 4.800000190734863
    endloop
  endfacet
  facet normal 0 -1 0
    outer loop
      vertex 94.0999984741211 0 4.800000190734863
      vertex 92.5 0 0.6821365356445312
      vertex 95.30000305175781 0 4.800000190734863
    endloop
  endfacet
  facet normal 0 -1 0
    outer loop
      vertex 5.699999809265137 0 14.800000190734863
      vertex 1.1421358585357666 0 0.6821365356445312
      vertex 5.699999809265137 0 4.800000190734863
    endloop
  endfacet
  facet normal 0 -1 0
    outer loop
      vertex 49.29999923706055 0 4.800000190734863
      vertex 59.5 0 0.6821365356445312
      vertex 50.5 0 4.800000190734863
    endloop
  endfacet
  facet normal 0 -1 0
    outer loop
      vertex 95.30000305175781 0 4.800000190734863
      vertex 92.5 0 0.6821365356445312
      vertex 105.30000305175781 0 4.800000190734863
    endloop
  endfacet
  facet normal 0 -1 0
    outer loop
      vertex 109.84895324707031 0 0.6821365356445312
      vertex 105.30000305175781 0 4.800000190734863
      vertex 92.5 0 0.6821365356445312
    endloop
  endfacet
  facet normal 0 -1 0
    outer loop
      vertex 105.30000305175781 0 4.800000190734863
      vertex 109.84895324707031 0 0.6821365356445312
      vertex 115.5999984741211 0 4.748737335205078
    endloop
  endfacet
  facet normal 0 -1 0
    outer loop
      vertex 16.899999618530273 0 48.39999771118164
      vertex 1.1421358585357666 0 53.33786392211914
      vertex 15.699999809265137 0 48.39999771118164
    endloop
  endfacet
  facet normal 0 -1 0
    outer loop
      vertex 26.899999618530273 0 48.39999771118164
      vertex 1.1421358585357666 0 53.33786392211914
      vertex 16.899999618530273 0 48.39999771118164
    endloop
  endfacet
  facet normal 0 -1 0
    outer loop
      vertex 28.100000381469727 0 48.39999771118164
      vertex 1.1421358585357666 0 53.33786392211914
      vertex 26.899999618530273 0 48.39999771118164
    endloop
  endfacet
  facet normal 0 -1 0
    outer loop
      vertex 38.099998474121094 0 48.39999771118164
      vertex 1.1421358585357666 0 53.33786392211914
      vertex 28.100000381469727 0 48.39999771118164
    endloop
  endfacet
  facet normal 0 -1 0
    outer loop
      vertex 39.29999923706055 0 48.39999771118164
      vertex 1.1421358585357666 0 53.33786392211914
      vertex 38.099998474121094 0 48.39999771118164
    endloop
  endfacet
  facet normal 0 -1 0
    outer loop
      vertex 49.29999923706055 0 48.39999771118164
      vertex 1.1421358585357666 0 53.33786392211914
      vertex 39.29999923706055 0 48.39999771118164
    endloop
  endfacet
  facet normal 0 -1 0
    outer loop
      vertex 50.5 0 48.39999771118164
      vertex 1.1421358585357666 0 53.33786392211914
      vertex 49.29999923706055 0 48.39999771118164
    endloop
  endfacet
  facet normal 0 -1 0
    outer loop
      vertex 60.5 0 48.39999771118164
      vertex 1.1421358585357666 0 53.33786392211914
      vertex 50.5 0 48.39999771118164
    endloop
  endfacet
  facet normal 0 -1 0
    outer loop
      vertex 109.79843139648438 0 53.33786392211914
      vertex 60.5 0 48.39999771118164
      vertex 61.70000076293945 0 48.39999771118164
    endloop
  endfacet
  facet normal 0 -1 0
    outer loop
      vertex 109.79843139648438 0 53.33786392211914
      vertex 61.70000076293945 0 48.39999771118164
      vertex 71.69999694824219 0 48.39999771118164
    endloop
  endfacet
  facet normal 0 -1 0
    outer loop
      vertex 109.79843139648438 0 53.33786392211914
      vertex 71.69999694824219 0 48.39999771118164
      vertex 72.9000015258789 0 48.39999771118164
    endloop
  endfacet
  facet normal 0 -1 0
    outer loop
      vertex 82.9000015258789 0 48.39999771118164
      vertex 109.79843139648438 0 53.33786392211914
      vertex 72.9000015258789 0 48.39999771118164
    endloop
  endfacet
  facet normal 0 -1 0
    outer loop
      vertex 84.0999984741211 0 48.39999771118164
      vertex 109.79843139648438 0 53.33786392211914
      vertex 82.9000015258789 0 48.39999771118164
    endloop
  endfacet
  facet normal 0 -1 0
    outer loop
      vertex 94.0999984741211 0 48.39999771118164
      vertex 109.79843139648438 0 53.33786392211914
      vertex 84.0999984741211 0 48.39999771118164
    endloop
  endfacet
  facet normal 0 -1 0
    outer loop
      vertex 95.30000305175781 0 48.39999771118164
      vertex 109.79843139648438 0 53.33786392211914
      vertex 94.0999984741211 0 48.39999771118164
    endloop
  endfacet
  facet normal 0 -1 0
    outer loop
      vertex 105.30000305175781 0 48.39999771118164
      vertex 109.79843139648438 0 53.33786392211914
      vertex 95.30000305175781 0 48.39999771118164
    endloop
  endfacet
  facet normal 0 -1 0
    outer loop
      vertex 109.79843139648438 0 53.33786392211914
      vertex 105.30000305175781 0 48.39999771118164
      vertex 115.5999984741211 0 49.23553466796875
    endloop
  endfacet
  facet normal 0 -1 0
    outer loop
      vertex 105.30000305175781 0 38.39999771118164
      vertex 115.5999984741211 0 49.23553466796875
      vertex 105.30000305175781 0 48.39999771118164
    endloop
  endfacet
  facet normal 0 -1 0
    outer loop
      vertex 16.899999618530273 0 38.39999771118164
      vertex 15.699999809265137 0 37.20000076293945
      vertex 16.899999618530273 0 37.20000076293945
    endloop
  endfacet
  facet normal 0 -1 0
    outer loop
      vertex 26.899999618530273 0 38.39999771118164
      vertex 26.899999618530273 0 37.20000076293945
      vertex 28.100000381469727 0 38.39999771118164
    endloop
  endfacet
  facet normal 0 -1 0
    outer loop
      vertex 38.099998474121094 0 37.20000076293945
      vertex 38.099998474121094 0 38.39999771118164
      vertex 28.100000381469727 0 37.20000076293945
    endloop
  endfacet
  facet normal 0 -1 0
    outer loop
      vertex 39.29999923706055 0 38.39999771118164
      vertex 39.29999923706055 0 37.20000076293945
      vertex 49.29999923706055 0 38.39999771118164
    endloop
  endfacet
  facet normal 0 -1 0
    outer loop
      vertex 50.5 0 37.20000076293945
      vertex 50.5 0 38.39999771118164
      vertex 49.29999923706055 0 37.20000076293945
    endloop
  endfacet
  facet normal 0 -1 0
    outer loop
      vertex 60.5 0 38.39999771118164
      vertex 60.5 0 37.20000076293945
      vertex 61.70000076293945 0 38.39999771118164
    endloop
  endfacet
  facet normal 0 -1 0
    outer loop
      vertex 72.9000015258789 0 37.20000076293945
      vertex 72.9000015258789 0 38.39999771118164
      vertex 71.69999694824219 0 37.20000076293945
    endloop
  endfacet
  facet normal 0 -1 0
    outer loop
      vertex 72.9000015258789 0 38.39999771118164
      vertex 72.9000015258789 0 37.20000076293945
      vertex 82.9000015258789 0 38.39999771118164
    endloop
  endfacet
  facet normal 0 -1 0
    outer loop
      vertex 82.9000015258789 0 37.20000076293945
      vertex 82.9000015258789 0 38.39999771118164
      vertex 72.9000015258789 0 37.20000076293945
    endloop
  endfacet
  facet normal 0 -1 0
    outer loop
      vertex 82.9000015258789 0 38.39999771118164
      vertex 82.9000015258789 0 37.20000076293945
      vertex 84.0999984741211 0 38.39999771118164
    endloop
  endfacet
  facet normal 0 -1 0
    outer loop
      vertex 84.0999984741211 0 37.20000076293945
      vertex 84.0999984741211 0 38.39999771118164
      vertex 82.9000015258789 0 37.20000076293945
    endloop
  endfacet
  facet normal 0 -1 0
    outer loop
      vertex 84.0999984741211 0 38.39999771118164
      vertex 84.0999984741211 0 37.20000076293945
      vertex 94.0999984741211 0 38.39999771118164
    endloop
  endfacet
  facet normal 0 -1 0
    outer loop
      vertex 94.0999984741211 0 37.20000076293945
      vertex 94.0999984741211 0 38.39999771118164
      vertex 84.0999984741211 0 37.20000076293945
    endloop
  endfacet
  facet normal 0 -1 0
    outer loop
      vertex 94.0999984741211 0 38.39999771118164
      vertex 94.0999984741211 0 37.20000076293945
      vertex 95.30000305175781 0 38.39999771118164
    endloop
  endfacet
  facet normal 0 -1 0
    outer loop
      vertex 95.30000305175781 0 37.20000076293945
      vertex 95.30000305175781 0 38.39999771118164
      vertex 94.0999984741211 0 37.20000076293945
    endloop
  endfacet
  facet normal 0 -1 0
    outer loop
      vertex 95.30000305175781 0 38.39999771118164
      vertex 95.30000305175781 0 37.20000076293945
      vertex 105.30000305175781 0 38.39999771118164
    endloop
  endfacet
  facet normal 0 -1 0
    outer loop
      vertex 105.30000305175781 0 37.20000076293945
      vertex 105.30000305175781 0 38.39999771118164
      vertex 95.30000305175781 0 37.20000076293945
    endloop
  endfacet
  facet normal 0 -1 0
    outer loop
      vertex 105.30000305175781 0 37.20000076293945
      vertex 115.5999984741211 0 49.23553466796875
      vertex 105.30000305175781 0 38.39999771118164
    endloop
  endfacet
  facet normal 0 -1 0
    outer loop
      vertex 105.30000305175781 0 27.19999885559082
      vertex 115.5999984741211 0 49.23553466796875
      vertex 105.30000305175781 0 37.20000076293945
    endloop
  endfacet
  facet normal 0 -1 0
    outer loop
      vertex 16.899999618530273 0 27.19999885559082
      vertex 15.699999809265137 0 26
      vertex 16.899999618530273 0 26
    endloop
  endfacet
  facet normal 0 -1 0
    outer loop
      vertex 26.899999618530273 0 27.19999885559082
      vertex 26.899999618530273 0 26
      vertex 28.100000381469727 0 27.19999885559082
    endloop
  endfacet
  facet normal 0 -1 0
    outer loop
      vertex 38.099998474121094 0 26
      vertex 38.099998474121094 0 27.19999885559082
      vertex 28.100000381469727 0 26
    endloop
  endfacet
  facet normal 0 -1 0
    outer loop
      vertex 39.29999923706055 0 27.19999885559082
      vertex 39.29999923706055 0 26
      vertex 49.29999923706055 0 27.19999885559082
    endloop
  endfacet
  facet normal 0 -1 0
    outer loop
      vertex 50.5 0 26
      vertex 50.5 0 27.19999885559082
      vertex 49.29999923706055 0 26
    endloop
  endfacet
  facet normal 0 -1 0
    outer loop
      vertex 60.5 0 27.19999885559082
      vertex 60.5 0 26
      vertex 61.70000076293945 0 27.19999885559082
    endloop
  endfacet
  facet normal 0 -1 0
    outer loop
      vertex 72.9000015258789 0 26
      vertex 72.9000015258789 0 27.19999885559082
      vertex 71.69999694824219 0 26
    endloop
  endfacet
  facet normal 0 -1 0
    outer loop
      vertex 72.9000015258789 0 27.19999885559082
      vertex 72.9000015258789 0 26
      vertex 82.9000015258789 0 27.19999885559082
    endloop
  endfacet
  facet normal 0 -1 0
    outer loop
      vertex 82.9000015258789 0 26
      vertex 82.9000015258789 0 27.19999885559082
      vertex 72.9000015258789 0 26
    endloop
  endfacet
  facet normal 0 -1 0
    outer loop
      vertex 82.9000015258789 0 27.19999885559082
      vertex 82.9000015258789 0 26
      vertex 84.0999984741211 0 27.19999885559082
    endloop
  endfacet
  facet normal 0 -1 0
    outer loop
      vertex 84.0999984741211 0 26
      vertex 84.0999984741211 0 27.19999885559082
      vertex 82.9000015258789 0 26
    endloop
  endfacet
  facet normal 0 -1 0
    outer loop
      vertex 84.0999984741211 0 27.19999885559082
      vertex 84.0999984741211 0 26
      vertex 94.0999984741211 0 27.19999885559082
    endloop
  endfacet
  facet normal 0 -1 0
    outer loop
      vertex 94.0999984741211 0 26
      vertex 94.0999984741211 0 27.19999885559082
      vertex 84.0999984741211 0 26
    endloop
  endfacet
  facet normal 0 -1 0
    outer loop
      vertex 94.0999984741211 0 27.19999885559082
      vertex 94.0999984741211 0 26
      vertex 95.30000305175781 0 27.19999885559082
    endloop
  endfacet
  facet normal 0 -1 0
    outer loop
      vertex 95.30000305175781 0 26
      vertex 95.30000305175781 0 27.19999885559082
      vertex 94.0999984741211 0 26
    endloop
  endfacet
  facet normal 0 -1 0
    outer loop
      vertex 95.30000305175781 0 27.19999885559082
      vertex 95.30000305175781 0 26
      vertex 105.30000305175781 0 27.19999885559082
    endloop
  endfacet
  facet normal 0 -1 0
    outer loop
      vertex 105.30000305175781 0 26
      vertex 105.30000305175781 0 27.19999885559082
      vertex 95.30000305175781 0 26
    endloop
  endfacet
  facet normal 0 -1 0
    outer loop
      vertex 115.5999984741211 0 4.748737335205078
      vertex 105.30000305175781 0 27.19999885559082
      vertex 105.30000305175781 0 26
    endloop
  endfacet
  facet normal 0 -1 0
    outer loop
      vertex 115.5999984741211 0 4.748737335205078
      vertex 105.30000305175781 0 26
      vertex 105.30000305175781 0 16
    endloop
  endfacet
  facet normal 0 -1 0
    outer loop
      vertex 16.899999618530273 0 16
      vertex 15.699999809265137 0 14.800000190734863
      vertex 16.899999618530273 0 14.800000190734863
    endloop
  endfacet
  facet normal 0 -1 0
    outer loop
      vertex 26.899999618530273 0 16
      vertex 26.899999618530273 0 14.800000190734863
      vertex 28.100000381469727 0 16
    endloop
  endfacet
  facet normal 0 -1 0
    outer loop
      vertex 38.099998474121094 0 14.800000190734863
      vertex 38.099998474121094 0 16
      vertex 28.100000381469727 0 14.800000190734863
    endloop
  endfacet
  facet normal 0 -1 0
    outer loop
      vertex 39.29999923706055 0 16
      vertex 39.29999923706055 0 14.800000190734863
      vertex 49.29999923706055 0 16
    endloop
  endfacet
  facet normal 0 -1 0
    outer loop
      vertex 50.5 0 14.800000190734863
      vertex 50.5 0 16
      vertex 49.29999923706055 0 14.800000190734863
    endloop
  endfacet
  facet normal 0 -1 0
    outer loop
      vertex 60.5 0 16
      vertex 60.5 0 14.800000190734863
      vertex 61.70000076293945 0 16
    endloop
  endfacet
  facet normal 0 -1 0
    outer loop
      vertex 72.9000015258789 0 14.800000190734863
      vertex 72.9000015258789 0 16
      vertex 71.69999694824219 0 14.800000190734863
    endloop
  endfacet
  facet normal 0 -1 0
    outer loop
      vertex 72.9000015258789 0 16
      vertex 72.9000015258789 0 14.800000190734863
      vertex 82.9000015258789 0 16
    endloop
  endfacet
  facet normal 0 -1 0
    outer loop
      vertex 82.9000015258789 0 14.800000190734863
      vertex 82.9000015258789 0 16
      vertex 72.9000015258789 0 14.800000190734863
    endloop
  endfacet
  facet normal 0 -1 0
    outer loop
      vertex 82.9000015258789 0 16
      vertex 82.9000015258789 0 14.800000190734863
      vertex 84.0999984741211 0 16
    endloop
  endfacet
  facet normal 0 -1 0
    outer loop
      vertex 84.0999984741211 0 14.800000190734863
      vertex 84.0999984741211 0 16
      vertex 82.9000015258789 0 14.800000190734863
    endloop
  endfacet
  facet normal 0 -1 0
    outer loop
      vertex 84.0999984741211 0 16
      vertex 84.0999984741211 0 14.800000190734863
      vertex 94.0999984741211 0 16
    endloop
  endfacet
  facet normal 0 -1 0
    outer loop
      vertex 94.0999984741211 0 14.800000190734863
      vertex 94.0999984741211 0 16
      vertex 84.0999984741211 0 14.800000190734863
    endloop
  endfacet
  facet normal 0 -1 0
    outer loop
      vertex 94.0999984741211 0 16
      vertex 94.0999984741211 0 14.800000190734863
      vertex 95.30000305175781 0 16
    endloop
  endfacet
  facet normal 0 -1 0
    outer loop
      vertex 95.30000305175781 0 14.800000190734863
      vertex 95.30000305175781 0 16
      vertex 94.0999984741211 0 14.800000190734863
    endloop
  endfacet
  facet normal 0 -1 0
    outer loop
      vertex 95.30000305175781 0 16
      vertex 95.30000305175781 0 14.800000190734863
      vertex 105.30000305175781 0 16
    endloop
  endfacet
  facet normal 0 -1 0
    outer loop
      vertex 105.30000305175781 0 14.800000190734863
      vertex 105.30000305175781 0 16
      vertex 95.30000305175781 0 14.800000190734863
    endloop
  endfacet
  facet normal 0 -1 0
    outer loop
      vertex 115.5999984741211 0 4.748737335205078
      vertex 105.30000305175781 0 16
      vertex 105.30000305175781 0 14.800000190734863
    endloop
  endfacet
  facet normal 0 -1 0
    outer loop
      vertex 115.5999984741211 0 4.748737335205078
      vertex 105.30000305175781 0 14.800000190734863
      vertex 105.30000305175781 0 4.800000190734863
    endloop
  endfacet
  facet normal 0 -1 0
    outer loop
      vertex 105.30000305175781 0 27.19999885559082
      vertex 115.5999984741211 0 4.748737335205078
      vertex 115.5999984741211 0 49.23553466796875
    endloop
  endfacet
  facet normal 0 -1 0
    outer loop
      vertex 82.9000015258789 0 4.800000190734863
      vertex 89.80000305175781 0 0.5999994277954102
      vertex 92.5 0 0.6821365356445312
    endloop
  endfacet
  facet normal 0 -1 0
    outer loop
      vertex 89.80000305175781 0 -5
      vertex 92.5 0 0.6821365356445312
      vertex 89.80000305175781 0 0.5999994277954102
    endloop
  endfacet
  facet normal 0 -1 0
    outer loop
      vertex 83.5999984741211 0 -7.699999809265137
      vertex 89.80000305175781 0 -5
      vertex 72.4000015258789 0 -7.699999809265137
    endloop
  endfacet
  facet normal 0 -1 0
    outer loop
      vertex 87.44377136230469 0 -7.788097381591797
      vertex 89.80000305175781 0 -5
      vertex 83.5999984741211 0 -7.699999809265137
    endloop
  endfacet
  facet normal 0 -1 0
    outer loop
      vertex 88.18814849853516 0 -7.709859848022461
      vertex 89.80000305175781 0 -5
      vertex 87.81185150146484 0 -7.709859848022461
    endloop
  endfacet
  facet normal 0 -1 0
    outer loop
      vertex 88.55622863769531 0 -7.788097381591797
      vertex 89.80000305175781 0 -5
      vertex 88.18814849853516 0 -7.709859848022461
    endloop
  endfacet
  facet normal 0 -1 0
    outer loop
      vertex 88.9000015258789 0 -7.941153526306152
      vertex 89.80000305175781 0 -5
      vertex 88.55622863769531 0 -7.788097381591797
    endloop
  endfacet
  facet normal 0 -1 0
    outer loop
      vertex 89.20443725585938 0 -8.162339210510254
      vertex 89.80000305175781 0 -5
      vertex 88.9000015258789 0 -7.941153526306152
    endloop
  endfacet
  facet normal 0 -1 0
    outer loop
      vertex 89.45623016357422 0 -8.441986083984375
      vertex 89.80000305175781 0 -5
      vertex 89.20443725585938 0 -8.162339210510254
    endloop
  endfacet
  facet normal 0 -1 0
    outer loop
      vertex 89.64437866210938 0 -8.767873764038086
      vertex 89.80000305175781 0 -5
      vertex 89.45623016357422 0 -8.441986083984375
    endloop
  endfacet
  facet normal 0 -1 0
    outer loop
      vertex 89.76066589355469 0 -9.125758171081543
      vertex 89.80000305175781 0 -5
      vertex 89.64437866210938 0 -8.767873764038086
    endloop
  endfacet
  facet normal 0 -1 0
    outer loop
      vertex 89.80000305175781 0 -5
      vertex 89.76066589355469 0 -9.125758171081543
      vertex 92.5 0 0.6821365356445312
    endloop
  endfacet
  facet normal 0 -1 0
    outer loop
      vertex 92.5 0 -14.999999046325684
      vertex 89.76066589355469 0 -9.125758171081543
      vertex 89.80000305175781 0 -9.5
    endloop
  endfacet
  facet normal 0 -1 0
    outer loop
      vertex 92.5 0 -14.999999046325684
      vertex 89.80000305175781 0 -9.5
      vertex 89.80000305175781 0 -11.5
    endloop
  endfacet
  facet normal 0 -1 0
    outer loop
      vertex 92.5 0 -14.999999046325684
      vertex 89.80000305175781 0 -11.5
      vertex 89.76066589355469 0 -11.87424087524414
    endloop
  endfacet
  facet normal 0 -1 0
    outer loop
      vertex 89.76066589355469 0 -9.125758171081543
      vertex 92.5 0 -14.999999046325684
      vertex 92.5 0 0.6821365356445312
    endloop
  endfacet
  facet normal 0 -1 0
    outer loop
      vertex 89.64437866210938 0 -12.232125282287598
      vertex 92.5 0 -14.999999046325684
      vertex 89.76066589355469 0 -11.87424087524414
    endloop
  endfacet
  facet normal 0 -1 0
    outer loop
      vertex 89.45623016357422 0 -12.558012962341309
      vertex 92.5 0 -14.999999046325684
      vertex 89.64437866210938 0 -12.232125282287598
    endloop
  endfacet
  facet normal 0 -1 0
    outer loop
      vertex 89.20443725585938 0 -12.83765983581543
      vertex 92.5 0 -14.999999046325684
      vertex 89.45623016357422 0 -12.558012962341309
    endloop
  endfacet
  facet normal 0 -1 0
    outer loop
      vertex 88.9000015258789 0 -13.058845520019531
      vertex 92.5 0 -14.999999046325684
      vertex 89.20443725585938 0 -12.83765983581543
    endloop
  endfacet
  facet normal 0 -1 0
    outer loop
      vertex 89.5 0 -18
      vertex 88.9000015258789 0 -13.058845520019531
      vertex 88.55622863769531 0 -13.211901664733887
    endloop
  endfacet
  facet normal 0 -1 0
    outer loop
      vertex 89.5 0 -18
      vertex 88.55622863769531 0 -13.211901664733887
      vertex 88.18814849853516 0 -13.290139198303223
    endloop
  endfacet
  facet normal 0 -1 0
    outer loop
      vertex 87.81185150146484 0 -13.290139198303223
      vertex 89.5 0 -18
      vertex 88.18814849853516 0 -13.290139198303223
    endloop
  endfacet
  facet normal 0 -1 0
    outer loop
      vertex 68.55622863769531 0 -7.788097381591797
      vertex 66.19999694824219 0 -5
      vertex 68.18814849853516 0 -7.709859848022461
    endloop
  endfacet
  facet normal 0 -1 0
    outer loop
      vertex 66.19999694824219 0 -5
      vertex 68.55622863769531 0 -7.788097381591797
      vertex 72.4000015258789 0 -7.699999809265137
    endloop
  endfacet
  facet normal 0 -1 0
    outer loop
      vertex 68.9000015258789 0 -7.941153526306152
      vertex 72.4000015258789 0 -7.699999809265137
      vertex 68.55622863769531 0 -7.788097381591797
    endloop
  endfacet
  facet normal 0 -1 0
    outer loop
      vertex 69.20443725585938 0 -8.162339210510254
      vertex 72.4000015258789 0 -7.699999809265137
      vertex 68.9000015258789 0 -7.941153526306152
    endloop
  endfacet
  facet normal 0 -1 0
    outer loop
      vertex 69.45623016357422 0 -8.441986083984375
      vertex 72.4000015258789 0 -7.699999809265137
      vertex 69.20443725585938 0 -8.162339210510254
    endloop
  endfacet
  facet normal 0 -1 0
    outer loop
      vertex 69.64437866210938 0 -8.767873764038086
      vertex 72.4000015258789 0 -7.699999809265137
      vertex 69.45623016357422 0 -8.441986083984375
    endloop
  endfacet
  facet normal 0 -1 0
    outer loop
      vertex 69.76066589355469 0 -9.125758171081543
      vertex 72.4000015258789 0 -7.699999809265137
      vertex 69.64437866210938 0 -8.767873764038086
    endloop
  endfacet
  facet normal 0 -1 0
    outer loop
      vertex 69.80000305175781 0 -9.5
      vertex 72.4000015258789 0 -7.699999809265137
      vertex 69.76066589355469 0 -9.125758171081543
    endloop
  endfacet
  facet normal 0 -1 0
    outer loop
      vertex 69.80000305175781 0 -11.5
      vertex 72.4000015258789 0 -7.699999809265137
      vertex 69.80000305175781 0 -9.5
    endloop
  endfacet
  facet normal 0 -1 0
    outer loop
      vertex 72.4000015258789 0 -13.299999237060547
      vertex 69.80000305175781 0 -11.5
      vertex 69.76066589355469 0 -11.87424087524414
    endloop
  endfacet
  facet normal 0 -1 0
    outer loop
      vertex 72.4000015258789 0 -13.299999237060547
      vertex 69.76066589355469 0 -11.87424087524414
      vertex 69.64437866210938 0 -12.232125282287598
    endloop
  endfacet
  facet normal 0 -1 0
    outer loop
      vertex 72.4000015258789 0 -13.299999237060547
      vertex 69.64437866210938 0 -12.232125282287598
      vertex 69.45623016357422 0 -12.558012962341309
    endloop
  endfacet
  facet normal 0 -1 0
    outer loop
      vertex 69.80000305175781 0 -11.5
      vertex 72.4000015258789 0 -13.299999237060547
      vertex 72.4000015258789 0 -7.699999809265137
    endloop
  endfacet
  facet normal 0 -1 0
    outer loop
      vertex 69.20443725585938 0 -12.83765983581543
      vertex 72.4000015258789 0 -13.299999237060547
      vertex 69.45623016357422 0 -12.558012962341309
    endloop
  endfacet
  facet normal 0 -1 0
    outer loop
      vertex 68.9000015258789 0 -13.058845520019531
      vertex 72.4000015258789 0 -13.299999237060547
      vertex 69.20443725585938 0 -12.83765983581543
    endloop
  endfacet
  facet normal 0 -1 0
    outer loop
      vertex 68.55622863769531 0 -13.211901664733887
      vertex 72.4000015258789 0 -13.299999237060547
      vertex 68.9000015258789 0 -13.058845520019531
    endloop
  endfacet
  facet normal 0 -1 0
    outer loop
      vertex 64.64213562011719 0 -18
      vertex 68.55622863769531 0 -13.211901664733887
      vertex 68.18814849853516 0 -13.290139198303223
    endloop
  endfacet
  facet normal 0 -1 0
    outer loop
      vertex 66.54376983642578 0 -12.558012962341309
      vertex 64.64213562011719 0 -18
      vertex 66.79556274414062 0 -12.83765983581543
    endloop
  endfacet
  facet normal 0 -1 0
    outer loop
      vertex 66.79556274414062 0 -12.83765983581543
      vertex 64.64213562011719 0 -18
      vertex 67.0999984741211 0 -13.058845520019531
    endloop
  endfacet
  facet normal 0 -1 0
    outer loop
      vertex 67.0999984741211 0 -13.058845520019531
      vertex 64.64213562011719 0 -18
      vertex 67.44377136230469 0 -13.211901664733887
    endloop
  endfacet
  facet normal 0 -1 0
    outer loop
      vertex 64.64213562011719 0 -18
      vertex 68.18814849853516 0 -13.290139198303223
      vertex 67.81185150146484 0 -13.290139198303223
    endloop
  endfacet
  facet normal 0 -1 0
    outer loop
      vertex 89.5 0 -18
      vertex 83.5999984741211 0 -13.299999237060547
      vertex 72.4000015258789 0 -13.299999237060547
    endloop
  endfacet
  facet normal 0 -1 0
    outer loop
      vertex 68.55622863769531 0 -13.211901664733887
      vertex 64.64213562011719 0 -18
      vertex 72.4000015258789 0 -13.299999237060547
    endloop
  endfacet
  facet normal 0 -1 0
    outer loop
      vertex 67.44377136230469 0 -13.211901664733887
      vertex 64.64213562011719 0 -18
      vertex 67.81185150146484 0 -13.290139198303223
    endloop
  endfacet
  facet normal 0 -1 0
    outer loop
      vertex 72.4000015258789 0 -13.299999237060547
      vertex 64.64213562011719 0 -18
      vertex 89.5 0 -18
    endloop
  endfacet
  facet normal 0 -1 0
    outer loop
      vertex 88.9000015258789 0 -13.058845520019531
      vertex 89.5 0 -18
      vertex 92.5 0 -14.999999046325684
    endloop
  endfacet
  facet normal 1 0 0
    outer loop
      vertex 78.5 6 -3.5
      vertex 78.5 21 -4.715727806091309
      vertex 78.5 21 -3.5
    endloop
  endfacet
  facet normal 1 0 0
    outer loop
      vertex 78.5 21 -4.715727806091309
      vertex 78.5 6 -3.5
      vertex 78.5 7.715726852416992 -18
    endloop
  endfacet
  facet normal 1 0 0
    outer loop
      vertex 78.5 7.715726852416992 -18
      vertex 78.5 6 -3.5
      vertex 78.5 6 -18
    endloop
  endfacet
  facet normal -1 0 0
    outer loop
      vertex 73.5 6 -3.5
      vertex 73.5 21 -4.715727806091309
      vertex 73.5 7.715726852416992 -18
    endloop
  endfacet
  facet normal -1 0 0
    outer loop
      vertex 73.5 6 -3.5
      vertex 73.5 7.715726852416992 -18
      vertex 73.5 6 -18
    endloop
  endfacet
  facet normal -1 0 0
    outer loop
      vertex 73.5 21 -4.715727806091309
      vertex 73.5 6 -3.5
      vertex 73.5 21 -3.5
    endloop
  endfacet
  facet normal 0 1 0
    outer loop
      vertex 78.5 21 -4.715727806091309
      vertex 73.5 21 -3.5
      vertex 78.5 21 -3.5
    endloop
  endfacet
  facet normal 0 1 0
    outer loop
      vertex 73.5 21 -3.5
      vertex 78.5 21 -4.715727806091309
      vertex 73.5 21 -4.715727806091309
    endloop
  endfacet
  facet normal 0.7071068935781167 0 -0.7071066687949604
    outer loop
      vertex 92.5 0 -14.999999046325684
      vertex 89.5 6 -18
      vertex 92.5 6 -14.999999046325684
    endloop
  endfacet
  facet normal 0.7071068935781167 0 -0.7071066687949604
    outer loop
      vertex 89.5 6 -18
      vertex 92.5 0 -14.999999046325684
      vertex 89.5 0 -18
    endloop
  endfacet
  facet normal -0.7071068476764375 0 -0.7071067146966513
    outer loop
      vertex 64.64213562011719 0 -18
      vertex 59.571067810058594 6 -12.92893123626709
      vertex 64.64213562011719 6 -18
    endloop
  endfacet
  facet normal -0.7071068476764375 0 -0.7071067146966513
    outer loop
      vertex 59.571067810058594 6 -12.92893123626709
      vertex 64.64213562011719 0 -18
      vertex 59.571067810058594 0 -12.92893123626709
    endloop
  endfacet
  facet normal 0.7071067811865476 0 -0.7071067811865476
    outer loop
      vertex 59.571067810058594 0 -12.92893123626709
      vertex 59.5 6 -12.999999046325684
      vertex 59.571067810058594 6 -12.92893123626709
    endloop
  endfacet
  facet normal 0.7071067811865476 0 -0.7071067811865476
    outer loop
      vertex 59.5 6 -12.999999046325684
      vertex 59.571067810058594 0 -12.92893123626709
      vertex 59.5 0 -12.999999046325684
    endloop
  endfacet
  facet normal 0 0.7071067558050456 -0.7071068065680487
    outer loop
      vertex 78.5 7.715726852416992 -18
      vertex 73.5 21 -4.715727806091309
      vertex 78.5 21 -4.715727806091309
    endloop
  endfacet
  facet normal 0 0.7071067558050456 -0.7071068065680487
    outer loop
      vertex 73.5 21 -4.715727806091309
      vertex 78.5 7.715726852416992 -18
      vertex 73.5 7.715726852416992 -18
    endloop
  endfacet
  facet normal -1 0 0
    outer loop
      vertex 89.80000305175781 0 -5
      vertex 89.80000305175781 0.19999980926513672 0.48213672637939453
      vertex 89.80000305175781 0.19999980926513672 -5
    endloop
  endfacet
  facet normal -1 0 0
    outer loop
      vertex 89.80000305175781 0 0.5999994277954102
      vertex 89.80000305175781 0.19999980926513672 0.48213672637939453
      vertex 89.80000305175781 0 -5
    endloop
  endfacet
  facet normal -1 0 0
    outer loop
      vertex 89.80000305175781 0.19999980926513672 0.48213672637939453
      vertex 89.80000305175781 0 0.5999994277954102
      vertex 89.80000305175781 0.0821371078491211 0.5999994277954102
    endloop
  endfacet
  facet normal 0 0 -1
    outer loop
      vertex 66.19999694824219 0 0.5999994277954102
      vertex 89.80000305175781 0.0821371078491211 0.5999994277954102
      vertex 89.80000305175781 0 0.5999994277954102
    endloop
  endfacet
  facet normal 0 0 -1
    outer loop
      vertex 89.80000305175781 0.0821371078491211 0.5999994277954102
      vertex 66.19999694824219 0 0.5999994277954102
      vertex 66.19999694824219 0.0821371078491211 0.5999994277954102
    endloop
  endfacet
  facet normal 0 0 1
    outer loop
      vertex 66.19999694824219 0.19999980926513672 -5
      vertex 89.80000305175781 0 -5
      vertex 89.80000305175781 0.19999980926513672 -5
    endloop
  endfacet
  facet normal 0 0 1
    outer loop
      vertex 89.80000305175781 0 -5
      vertex 66.19999694824219 0.19999980926513672 -5
      vertex 66.19999694824219 0 -5
    endloop
  endfacet
  facet normal 1 0 0
    outer loop
      vertex 66.19999694824219 0 0.5999994277954102
      vertex 66.19999694824219 0.19999980926513672 0.48213672637939453
      vertex 66.19999694824219 0.0821371078491211 0.5999994277954102
    endloop
  endfacet
  facet normal 1 0 0
    outer loop
      vertex 66.19999694824219 0.19999980926513672 0.48213672637939453
      vertex 66.19999694824219 0 0.5999994277954102
      vertex 66.19999694824219 0 -5
    endloop
  endfacet
  facet normal 1 0 0
    outer loop
      vertex 66.19999694824219 0.19999980926513672 0.48213672637939453
      vertex 66.19999694824219 0 -5
      vertex 66.19999694824219 0.19999980926513672 -5
    endloop
  endfacet
  facet normal 0 -1 0
    outer loop
      vertex 66.19999694824219 0.19999980926513672 -5
      vertex 89.80000305175781 0.19999980926513672 0.48213672637939453
      vertex 66.19999694824219 0.19999980926513672 0.48213672637939453
    endloop
  endfacet
  facet normal 0 -1 0
    outer loop
      vertex 89.80000305175781 0.19999980926513672 0.48213672637939453
      vertex 66.19999694824219 0.19999980926513672 -5
      vertex 89.80000305175781 0.19999980926513672 -5
    endloop
  endfacet
  facet normal -1 0 0
    outer loop
      vertex 83.5999984741211 0 -13.299999237060547
      vertex 83.5999984741211 0.19999980926513672 -7.699999809265137
      vertex 83.5999984741211 0.19999980926513672 -13.299999237060547
    endloop
  endfacet
  facet normal -1 0 0
    outer loop
      vertex 83.5999984741211 0.19999980926513672 -7.699999809265137
      vertex 83.5999984741211 0 -13.299999237060547
      vertex 83.5999984741211 0 -7.699999809265137
    endloop
  endfacet
  facet normal 0 0 -1
    outer loop
      vertex 72.4000015258789 0 -7.699999809265137
      vertex 83.5999984741211 0.19999980926513672 -7.699999809265137
      vertex 83.5999984741211 0 -7.699999809265137
    endloop
  endfacet
  facet normal 0 0 -1
    outer loop
      vertex 83.5999984741211 0.19999980926513672 -7.699999809265137
      vertex 72.4000015258789 0 -7.699999809265137
      vertex 72.4000015258789 0.19999980926513672 -7.699999809265137
    endloop
  endfacet
  facet normal 0 0 1
    outer loop
      vertex 72.4000015258789 0.19999980926513672 -13.299999237060547
      vertex 83.5999984741211 0 -13.299999237060547
      vertex 83.5999984741211 0.19999980926513672 -13.299999237060547
    endloop
  endfacet
  facet normal 0 0 1
    outer loop
      vertex 83.5999984741211 0 -13.299999237060547
      vertex 72.4000015258789 0.19999980926513672 -13.299999237060547
      vertex 72.4000015258789 0 -13.299999237060547
    endloop
  endfacet
  facet normal 1 0 0
    outer loop
      vertex 72.4000015258789 0 -7.699999809265137
      vertex 72.4000015258789 0.19999980926513672 -13.299999237060547
      vertex 72.4000015258789 0.19999980926513672 -7.699999809265137
    endloop
  endfacet
  facet normal 1 0 0
    outer loop
      vertex 72.4000015258789 0.19999980926513672 -13.299999237060547
      vertex 72.4000015258789 0 -7.699999809265137
      vertex 72.4000015258789 0 -13.299999237060547
    endloop
  endfacet
  facet normal 0 -1 0
    outer loop
      vertex 72.4000015258789 0.19999980926513672 -13.299999237060547
      vertex 83.5999984741211 0.19999980926513672 -7.699999809265137
      vertex 72.4000015258789 0.19999980926513672 -7.699999809265137
    endloop
  endfacet
  facet normal 0 -1 0
    outer loop
      vertex 83.5999984741211 0.19999980926513672 -7.699999809265137
      vertex 72.4000015258789 0.19999980926513672 -13.299999237060547
      vertex 83.5999984741211 0.19999980926513672 -13.299999237060547
    endloop
  endfacet
  facet normal -0.9510537525935 0 -0.3090255000446107
    outer loop
      vertex 89.76066589355469 0 -9.125758171081543
      vertex 89.64437866210938 6 -8.767873764038086
      vertex 89.76066589355469 6 -9.125758171081543
    endloop
  endfacet
  facet normal -0.9510537525935 0 -0.3090255000446107
    outer loop
      vertex 89.64437866210938 6 -8.767873764038086
      vertex 89.76066589355469 0 -9.125758171081543
      vertex 89.64437866210938 0 -8.767873764038086
    endloop
  endfacet
  facet normal -0.5877855642011792 0 -0.8090167677599157
    outer loop
      vertex 88.9000015258789 0 -7.941153526306152
      vertex 89.20443725585938 6 -8.162339210510254
      vertex 89.20443725585938 0 -8.162339210510254
    endloop
  endfacet
  facet normal -0.5877855642011792 0 -0.8090167677599157
    outer loop
      vertex 89.20443725585938 6 -8.162339210510254
      vertex 88.9000015258789 0 -7.941153526306152
      vertex 88.9000015258789 6 -7.941153526306152
    endloop
  endfacet
  facet normal 0.20791088932821586 0 -0.9781477710953241
    outer loop
      vertex 87.44377136230469 0 -7.788097381591797
      vertex 87.81185150146484 6 -7.709859848022461
      vertex 87.81185150146484 0 -7.709859848022461
    endloop
  endfacet
  facet normal 0.20791088932821586 0 -0.9781477710953241
    outer loop
      vertex 87.81185150146484 6 -7.709859848022461
      vertex 87.44377136230469 0 -7.788097381591797
      vertex 87.44377136230469 6 -7.788097381591797
    endloop
  endfacet
  facet normal -0.9945211060198124 0 0.10453597314383879
    outer loop
      vertex 89.76066589355469 0 -11.87424087524414
      vertex 89.80000305175781 6 -11.5
      vertex 89.76066589355469 6 -11.87424087524414
    endloop
  endfacet
  facet normal -0.9945211060198124 0 0.10453597314383879
    outer loop
      vertex 89.80000305175781 6 -11.5
      vertex 89.76066589355469 0 -11.87424087524414
      vertex 89.80000305175781 0 -11.5
    endloop
  endfacet
  facet normal -0.20791088932821586 0 0.9781477710953241
    outer loop
      vertex 88.18814849853516 6 -13.290139198303223
      vertex 88.55622863769531 0 -13.211901664733887
      vertex 88.55622863769531 6 -13.211901664733887
    endloop
  endfacet
  facet normal -0.20791088932821586 0 0.9781477710953241
    outer loop
      vertex 88.55622863769531 0 -13.211901664733887
      vertex 88.18814849853516 6 -13.290139198303223
      vertex 88.18814849853516 0 -13.290139198303223
    endloop
  endfacet
  facet normal 0.5877855642011792 0 0.8090167677599157
    outer loop
      vertex 86.79556274414062 6 -12.83765983581543
      vertex 87.0999984741211 0 -13.058845520019531
      vertex 87.0999984741211 6 -13.058845520019531
    endloop
  endfacet
  facet normal 0.5877855642011792 0 0.8090167677599157
    outer loop
      vertex 87.0999984741211 0 -13.058845520019531
      vertex 86.79556274414062 6 -12.83765983581543
      vertex 86.79556274414062 0 -12.83765983581543
    endloop
  endfacet
  facet normal -0.8660286732361319 0 0.4999943371007965
    outer loop
      vertex 89.45623016357422 0 -12.558012962341309
      vertex 89.64437866210938 6 -12.232125282287598
      vertex 89.45623016357422 6 -12.558012962341309
    endloop
  endfacet
  facet normal -0.8660286732361319 0 0.4999943371007965
    outer loop
      vertex 89.64437866210938 6 -12.232125282287598
      vertex 89.45623016357422 0 -12.558012962341309
      vertex 89.64437866210938 0 -12.232125282287598
    endloop
  endfacet
  facet normal 0.40673352412118324 0 -0.913546846284285
    outer loop
      vertex 87.0999984741211 0 -7.941153526306152
      vertex 87.44377136230469 6 -7.788097381591797
      vertex 87.44377136230469 0 -7.788097381591797
    endloop
  endfacet
  facet normal 0.40673352412118324 0 -0.913546846284285
    outer loop
      vertex 87.44377136230469 6 -7.788097381591797
      vertex 87.0999984741211 0 -7.941153526306152
      vertex 87.0999984741211 6 -7.941153526306152
    endloop
  endfacet
  facet normal 0 0 1
    outer loop
      vertex 87.81185150146484 6 -13.290139198303223
      vertex 88.18814849853516 0 -13.290139198303223
      vertex 88.18814849853516 6 -13.290139198303223
    endloop
  endfacet
  facet normal 0 0 1
    outer loop
      vertex 88.18814849853516 0 -13.290139198303223
      vertex 87.81185150146484 6 -13.290139198303223
      vertex 87.81185150146484 0 -13.290139198303223
    endloop
  endfacet
  facet normal 0.9510537525935 0 0.3090255000446107
    outer loop
      vertex 86.23933410644531 0 -11.87424087524414
      vertex 86.35562133789062 6 -12.232125282287598
      vertex 86.23933410644531 6 -11.87424087524414
    endloop
  endfacet
  facet normal 0.9510537525935 0 0.3090255000446107
    outer loop
      vertex 86.35562133789062 6 -12.232125282287598
      vertex 86.23933410644531 0 -11.87424087524414
      vertex 86.35562133789062 0 -12.232125282287598
    endloop
  endfacet
  facet normal 1 0 0
    outer loop
      vertex 86.19999694824219 0 -9.5
      vertex 86.19999694824219 6 -11.5
      vertex 86.19999694824219 6 -9.5
    endloop
  endfacet
  facet normal 1 0 0
    outer loop
      vertex 86.19999694824219 6 -11.5
      vertex 86.19999694824219 0 -9.5
      vertex 86.19999694824219 0 -11.5
    endloop
  endfacet
  facet normal -0.9510537525935 0 0.3090255000446107
    outer loop
      vertex 89.64437866210938 0 -12.232125282287598
      vertex 89.76066589355469 6 -11.87424087524414
      vertex 89.64437866210938 6 -12.232125282287598
    endloop
  endfacet
  facet normal -0.9510537525935 0 0.3090255000446107
    outer loop
      vertex 89.76066589355469 6 -11.87424087524414
      vertex 89.64437866210938 0 -12.232125282287598
      vertex 89.76066589355469 0 -11.87424087524414
    endloop
  endfacet
  facet normal 0.7431478226910482 0 0.6691272776008721
    outer loop
      vertex 86.54376983642578 0 -12.558012962341309
      vertex 86.79556274414062 6 -12.83765983581543
      vertex 86.54376983642578 6 -12.558012962341309
    endloop
  endfacet
  facet normal 0.7431478226910482 0 0.6691272776008721
    outer loop
      vertex 86.79556274414062 6 -12.83765983581543
      vertex 86.54376983642578 0 -12.558012962341309
      vertex 86.79556274414062 0 -12.83765983581543
    endloop
  endfacet
  facet normal 0.8660286732361319 0 0.4999943371007965
    outer loop
      vertex 86.35562133789062 0 -12.232125282287598
      vertex 86.54376983642578 6 -12.558012962341309
      vertex 86.35562133789062 6 -12.232125282287598
    endloop
  endfacet
  facet normal 0.8660286732361319 0 0.4999943371007965
    outer loop
      vertex 86.54376983642578 6 -12.558012962341309
      vertex 86.35562133789062 0 -12.232125282287598
      vertex 86.54376983642578 0 -12.558012962341309
    endloop
  endfacet
  facet normal -0.40673352412118324 0 -0.913546846284285
    outer loop
      vertex 88.55622863769531 0 -7.788097381591797
      vertex 88.9000015258789 6 -7.941153526306152
      vertex 88.9000015258789 0 -7.941153526306152
    endloop
  endfacet
  facet normal -0.40673352412118324 0 -0.913546846284285
    outer loop
      vertex 88.9000015258789 6 -7.941153526306152
      vertex 88.55622863769531 0 -7.788097381591797
      vertex 88.55622863769531 6 -7.788097381591797
    endloop
  endfacet
  facet normal -0.7431478226910482 0 0.6691272776008721
    outer loop
      vertex 89.20443725585938 0 -12.83765983581543
      vertex 89.45623016357422 6 -12.558012962341309
      vertex 89.20443725585938 6 -12.83765983581543
    endloop
  endfacet
  facet normal -0.7431478226910482 0 0.6691272776008721
    outer loop
      vertex 89.45623016357422 6 -12.558012962341309
      vertex 89.20443725585938 0 -12.83765983581543
      vertex 89.45623016357422 0 -12.558012962341309
    endloop
  endfacet
  facet normal -0.5877855642011792 0 0.8090167677599157
    outer loop
      vertex 88.9000015258789 6 -13.058845520019531
      vertex 89.20443725585938 0 -12.83765983581543
      vertex 89.20443725585938 6 -12.83765983581543
    endloop
  endfacet
  facet normal -0.5877855642011792 0 0.8090167677599157
    outer loop
      vertex 89.20443725585938 0 -12.83765983581543
      vertex 88.9000015258789 6 -13.058845520019531
      vertex 88.9000015258789 0 -13.058845520019531
    endloop
  endfacet
  facet normal 0.9945211337142634 0 -0.10453570966754057
    outer loop
      vertex 86.23933410644531 0 -9.125758171081543
      vertex 86.19999694824219 6 -9.5
      vertex 86.23933410644531 6 -9.125758171081543
    endloop
  endfacet
  facet normal 0.9945211337142634 0 -0.10453570966754057
    outer loop
      vertex 86.19999694824219 6 -9.5
      vertex 86.23933410644531 0 -9.125758171081543
      vertex 86.19999694824219 0 -9.5
    endloop
  endfacet
  facet normal 0.9510537525935 0 -0.3090255000446107
    outer loop
      vertex 86.35562133789062 0 -8.767873764038086
      vertex 86.23933410644531 6 -9.125758171081543
      vertex 86.35562133789062 6 -8.767873764038086
    endloop
  endfacet
  facet normal 0.9510537525935 0 -0.3090255000446107
    outer loop
      vertex 86.23933410644531 6 -9.125758171081543
      vertex 86.35562133789062 0 -8.767873764038086
      vertex 86.23933410644531 0 -9.125758171081543
    endloop
  endfacet
  facet normal 0 0 -1
    outer loop
      vertex 87.81185150146484 0 -7.709859848022461
      vertex 88.18814849853516 6 -7.709859848022461
      vertex 88.18814849853516 0 -7.709859848022461
    endloop
  endfacet
  facet normal 0 0 -1
    outer loop
      vertex 88.18814849853516 6 -7.709859848022461
      vertex 87.81185150146484 0 -7.709859848022461
      vertex 87.81185150146484 6 -7.709859848022461
    endloop
  endfacet
  facet normal 0.20791088932821586 0 0.9781477710953241
    outer loop
      vertex 87.44377136230469 6 -13.211901664733887
      vertex 87.81185150146484 0 -13.290139198303223
      vertex 87.81185150146484 6 -13.290139198303223
    endloop
  endfacet
  facet normal 0.20791088932821586 0 0.9781477710953241
    outer loop
      vertex 87.81185150146484 0 -13.290139198303223
      vertex 87.44377136230469 6 -13.211901664733887
      vertex 87.44377136230469 0 -13.211901664733887
    endloop
  endfacet
  facet normal -0.8660286732361319 0 -0.4999943371007965
    outer loop
      vertex 89.64437866210938 0 -8.767873764038086
      vertex 89.45623016357422 6 -8.441986083984375
      vertex 89.64437866210938 6 -8.767873764038086
    endloop
  endfacet
  facet normal -0.8660286732361319 0 -0.4999943371007965
    outer loop
      vertex 89.45623016357422 6 -8.441986083984375
      vertex 89.64437866210938 0 -8.767873764038086
      vertex 89.45623016357422 0 -8.441986083984375
    endloop
  endfacet
  facet normal -1 0 0
    outer loop
      vertex 89.80000305175781 0 -11.5
      vertex 89.80000305175781 6 -9.5
      vertex 89.80000305175781 6 -11.5
    endloop
  endfacet
  facet normal -1 0 0
    outer loop
      vertex 89.80000305175781 6 -9.5
      vertex 89.80000305175781 0 -11.5
      vertex 89.80000305175781 0 -9.5
    endloop
  endfacet
  facet normal 0.9945211060198124 0 0.10453597314383879
    outer loop
      vertex 86.19999694824219 0 -11.5
      vertex 86.23933410644531 6 -11.87424087524414
      vertex 86.19999694824219 6 -11.5
    endloop
  endfacet
  facet normal 0.9945211060198124 0 0.10453597314383879
    outer loop
      vertex 86.23933410644531 6 -11.87424087524414
      vertex 86.19999694824219 0 -11.5
      vertex 86.23933410644531 0 -11.87424087524414
    endloop
  endfacet
  facet normal -0.20791088932821586 0 -0.9781477710953241
    outer loop
      vertex 88.18814849853516 0 -7.709859848022461
      vertex 88.55622863769531 6 -7.788097381591797
      vertex 88.55622863769531 0 -7.788097381591797
    endloop
  endfacet
  facet normal -0.20791088932821586 0 -0.9781477710953241
    outer loop
      vertex 88.55622863769531 6 -7.788097381591797
      vertex 88.18814849853516 0 -7.709859848022461
      vertex 88.18814849853516 6 -7.709859848022461
    endloop
  endfacet
  facet normal 0.8660286732361319 0 -0.4999943371007965
    outer loop
      vertex 86.54376983642578 0 -8.441986083984375
      vertex 86.35562133789062 6 -8.767873764038086
      vertex 86.54376983642578 6 -8.441986083984375
    endloop
  endfacet
  facet normal 0.8660286732361319 0 -0.4999943371007965
    outer loop
      vertex 86.35562133789062 6 -8.767873764038086
      vertex 86.54376983642578 0 -8.441986083984375
      vertex 86.35562133789062 0 -8.767873764038086
    endloop
  endfacet
  facet normal -0.40673352412118324 0 0.913546846284285
    outer loop
      vertex 88.55622863769531 6 -13.211901664733887
      vertex 88.9000015258789 0 -13.058845520019531
      vertex 88.9000015258789 6 -13.058845520019531
    endloop
  endfacet
  facet normal -0.40673352412118324 0 0.913546846284285
    outer loop
      vertex 88.9000015258789 0 -13.058845520019531
      vertex 88.55622863769531 6 -13.211901664733887
      vertex 88.55622863769531 0 -13.211901664733887
    endloop
  endfacet
  facet normal -0.9945211337142634 0 -0.10453570966754057
    outer loop
      vertex 89.80000305175781 0 -9.5
      vertex 89.76066589355469 6 -9.125758171081543
      vertex 89.80000305175781 6 -9.5
    endloop
  endfacet
  facet normal -0.9945211337142634 0 -0.10453570966754057
    outer loop
      vertex 89.76066589355469 6 -9.125758171081543
      vertex 89.80000305175781 0 -9.5
      vertex 89.76066589355469 0 -9.125758171081543
    endloop
  endfacet
  facet normal 0.40673352412118324 0 0.913546846284285
    outer loop
      vertex 87.0999984741211 6 -13.058845520019531
      vertex 87.44377136230469 0 -13.211901664733887
      vertex 87.44377136230469 6 -13.211901664733887
    endloop
  endfacet
  facet normal 0.40673352412118324 0 0.913546846284285
    outer loop
      vertex 87.44377136230469 0 -13.211901664733887
      vertex 87.0999984741211 6 -13.058845520019531
      vertex 87.0999984741211 0 -13.058845520019531
    endloop
  endfacet
  facet normal 0.5877855642011792 0 -0.8090167677599157
    outer loop
      vertex 86.79556274414062 0 -8.162339210510254
      vertex 87.0999984741211 6 -7.941153526306152
      vertex 87.0999984741211 0 -7.941153526306152
    endloop
  endfacet
  facet normal 0.5877855642011792 0 -0.8090167677599157
    outer loop
      vertex 87.0999984741211 6 -7.941153526306152
      vertex 86.79556274414062 0 -8.162339210510254
      vertex 86.79556274414062 6 -8.162339210510254
    endloop
  endfacet
  facet normal 0.7431478226910482 0 -0.6691272776008721
    outer loop
      vertex 86.79556274414062 0 -8.162339210510254
      vertex 86.54376983642578 6 -8.441986083984375
      vertex 86.79556274414062 6 -8.162339210510254
    endloop
  endfacet
  facet normal 0.7431478226910482 0 -0.6691272776008721
    outer loop
      vertex 86.54376983642578 6 -8.441986083984375
      vertex 86.79556274414062 0 -8.162339210510254
      vertex 86.54376983642578 0 -8.441986083984375
    endloop
  endfacet
  facet normal -0.7431478226910482 0 -0.6691272776008721
    outer loop
      vertex 89.45623016357422 0 -8.441986083984375
      vertex 89.20443725585938 6 -8.162339210510254
      vertex 89.45623016357422 6 -8.441986083984375
    endloop
  endfacet
  facet normal -0.7431478226910482 0 -0.6691272776008721
    outer loop
      vertex 89.20443725585938 6 -8.162339210510254
      vertex 89.45623016357422 0 -8.441986083984375
      vertex 89.20443725585938 0 -8.162339210510254
    endloop
  endfacet
  facet normal -0.9510537525935 0 -0.3090255000446107
    outer loop
      vertex 69.76066589355469 0 -9.125758171081543
      vertex 69.64437866210938 6 -8.767873764038086
      vertex 69.76066589355469 6 -9.125758171081543
    endloop
  endfacet
  facet normal -0.9510537525935 0 -0.3090255000446107
    outer loop
      vertex 69.64437866210938 6 -8.767873764038086
      vertex 69.76066589355469 0 -9.125758171081543
      vertex 69.64437866210938 0 -8.767873764038086
    endloop
  endfacet
  facet normal -0.5877855642011792 0 -0.8090167677599157
    outer loop
      vertex 68.9000015258789 0 -7.941153526306152
      vertex 69.20443725585938 6 -8.162339210510254
      vertex 69.20443725585938 0 -8.162339210510254
    endloop
  endfacet
  facet normal -0.5877855642011792 0 -0.8090167677599157
    outer loop
      vertex 69.20443725585938 6 -8.162339210510254
      vertex 68.9000015258789 0 -7.941153526306152
      vertex 68.9000015258789 6 -7.941153526306152
    endloop
  endfacet
  facet normal 0.20791088932821586 0 -0.9781477710953241
    outer loop
      vertex 67.44377136230469 0 -7.788097381591797
      vertex 67.81185150146484 6 -7.709859848022461
      vertex 67.81185150146484 0 -7.709859848022461
    endloop
  endfacet
  facet normal 0.20791088932821586 0 -0.9781477710953241
    outer loop
      vertex 67.81185150146484 6 -7.709859848022461
      vertex 67.44377136230469 0 -7.788097381591797
      vertex 67.44377136230469 6 -7.788097381591797
    endloop
  endfacet
  facet normal -0.9945211060198124 0 0.10453597314383879
    outer loop
      vertex 69.76066589355469 0 -11.87424087524414
      vertex 69.80000305175781 6 -11.5
      vertex 69.76066589355469 6 -11.87424087524414
    endloop
  endfacet
  facet normal -0.9945211060198124 0 0.10453597314383879
    outer loop
      vertex 69.80000305175781 6 -11.5
      vertex 69.76066589355469 0 -11.87424087524414
      vertex 69.80000305175781 0 -11.5
    endloop
  endfacet
  facet normal -0.20791088932821586 0 0.9781477710953241
    outer loop
      vertex 68.18814849853516 6 -13.290139198303223
      vertex 68.55622863769531 0 -13.211901664733887
      vertex 68.55622863769531 6 -13.211901664733887
    endloop
  endfacet
  facet normal -0.20791088932821586 0 0.9781477710953241
    outer loop
      vertex 68.55622863769531 0 -13.211901664733887
      vertex 68.18814849853516 6 -13.290139198303223
      vertex 68.18814849853516 0 -13.290139198303223
    endloop
  endfacet
  facet normal 0.5877855642011792 0 0.8090167677599157
    outer loop
      vertex 66.79556274414062 6 -12.83765983581543
      vertex 67.0999984741211 0 -13.058845520019531
      vertex 67.0999984741211 6 -13.058845520019531
    endloop
  endfacet
  facet normal 0.5877855642011792 0 0.8090167677599157
    outer loop
      vertex 67.0999984741211 0 -13.058845520019531
      vertex 66.79556274414062 6 -12.83765983581543
      vertex 66.79556274414062 0 -12.83765983581543
    endloop
  endfacet
  facet normal -0.8660286732361319 0 0.4999943371007965
    outer loop
      vertex 69.45623016357422 0 -12.558012962341309
      vertex 69.64437866210938 6 -12.232125282287598
      vertex 69.45623016357422 6 -12.558012962341309
    endloop
  endfacet
  facet normal -0.8660286732361319 0 0.4999943371007965
    outer loop
      vertex 69.64437866210938 6 -12.232125282287598
      vertex 69.45623016357422 0 -12.558012962341309
      vertex 69.64437866210938 0 -12.232125282287598
    endloop
  endfacet
  facet normal 0.40673352412118324 0 -0.913546846284285
    outer loop
      vertex 67.0999984741211 0 -7.941153526306152
      vertex 67.44377136230469 6 -7.788097381591797
      vertex 67.44377136230469 0 -7.788097381591797
    endloop
  endfacet
  facet normal 0.40673352412118324 0 -0.913546846284285
    outer loop
      vertex 67.44377136230469 6 -7.788097381591797
      vertex 67.0999984741211 0 -7.941153526306152
      vertex 67.0999984741211 6 -7.941153526306152
    endloop
  endfacet
  facet normal 0 0 1
    outer loop
      vertex 67.81185150146484 6 -13.290139198303223
      vertex 68.18814849853516 0 -13.290139198303223
      vertex 68.18814849853516 6 -13.290139198303223
    endloop
  endfacet
  facet normal 0 0 1
    outer loop
      vertex 68.18814849853516 0 -13.290139198303223
      vertex 67.81185150146484 6 -13.290139198303223
      vertex 67.81185150146484 0 -13.290139198303223
    endloop
  endfacet
  facet normal 0.9510537525935 0 0.3090255000446107
    outer loop
      vertex 66.23933410644531 0 -11.87424087524414
      vertex 66.35562133789062 6 -12.232125282287598
      vertex 66.23933410644531 6 -11.87424087524414
    endloop
  endfacet
  facet normal 0.9510537525935 0 0.3090255000446107
    outer loop
      vertex 66.35562133789062 6 -12.232125282287598
      vertex 66.23933410644531 0 -11.87424087524414
      vertex 66.35562133789062 0 -12.232125282287598
    endloop
  endfacet
  facet normal 1 0 0
    outer loop
      vertex 66.19999694824219 0 -9.5
      vertex 66.19999694824219 6 -11.5
      vertex 66.19999694824219 6 -9.5
    endloop
  endfacet
  facet normal 1 0 0
    outer loop
      vertex 66.19999694824219 6 -11.5
      vertex 66.19999694824219 0 -9.5
      vertex 66.19999694824219 0 -11.5
    endloop
  endfacet
  facet normal -0.9510537525935 0 0.3090255000446107
    outer loop
      vertex 69.64437866210938 0 -12.232125282287598
      vertex 69.76066589355469 6 -11.87424087524414
      vertex 69.64437866210938 6 -12.232125282287598
    endloop
  endfacet
  facet normal -0.9510537525935 0 0.3090255000446107
    outer loop
      vertex 69.76066589355469 6 -11.87424087524414
      vertex 69.64437866210938 0 -12.232125282287598
      vertex 69.76066589355469 0 -11.87424087524414
    endloop
  endfacet
  facet normal 0.7431478226910482 0 0.6691272776008721
    outer loop
      vertex 66.54376983642578 0 -12.558012962341309
      vertex 66.79556274414062 6 -12.83765983581543
      vertex 66.54376983642578 6 -12.558012962341309
    endloop
  endfacet
  facet normal 0.7431478226910482 0 0.6691272776008721
    outer loop
      vertex 66.79556274414062 6 -12.83765983581543
      vertex 66.54376983642578 0 -12.558012962341309
      vertex 66.79556274414062 0 -12.83765983581543
    endloop
  endfacet
  facet normal 0.8660286732361319 0 0.4999943371007965
    outer loop
      vertex 66.35562133789062 0 -12.232125282287598
      vertex 66.54376983642578 6 -12.558012962341309
      vertex 66.35562133789062 6 -12.232125282287598
    endloop
  endfacet
  facet normal 0.8660286732361319 0 0.4999943371007965
    outer loop
      vertex 66.54376983642578 6 -12.558012962341309
      vertex 66.35562133789062 0 -12.232125282287598
      vertex 66.54376983642578 0 -12.558012962341309
    endloop
  endfacet
  facet normal -0.40673352412118324 0 -0.913546846284285
    outer loop
      vertex 68.55622863769531 0 -7.788097381591797
      vertex 68.9000015258789 6 -7.941153526306152
      vertex 68.9000015258789 0 -7.941153526306152
    endloop
  endfacet
  facet normal -0.40673352412118324 0 -0.913546846284285
    outer loop
      vertex 68.9000015258789 6 -7.941153526306152
      vertex 68.55622863769531 0 -7.788097381591797
      vertex 68.55622863769531 6 -7.788097381591797
    endloop
  endfacet
  facet normal -0.7431478226910482 0 0.6691272776008721
    outer loop
      vertex 69.20443725585938 0 -12.83765983581543
      vertex 69.45623016357422 6 -12.558012962341309
      vertex 69.20443725585938 6 -12.83765983581543
    endloop
  endfacet
  facet normal -0.7431478226910482 0 0.6691272776008721
    outer loop
      vertex 69.45623016357422 6 -12.558012962341309
      vertex 69.20443725585938 0 -12.83765983581543
      vertex 69.45623016357422 0 -12.558012962341309
    endloop
  endfacet
  facet normal -0.5877855642011792 0 0.8090167677599157
    outer loop
      vertex 68.9000015258789 6 -13.058845520019531
      vertex 69.20443725585938 0 -12.83765983581543
      vertex 69.20443725585938 6 -12.83765983581543
    endloop
  endfacet
  facet normal -0.5877855642011792 0 0.8090167677599157
    outer loop
      vertex 69.20443725585938 0 -12.83765983581543
      vertex 68.9000015258789 6 -13.058845520019531
      vertex 68.9000015258789 0 -13.058845520019531
    endloop
  endfacet
  facet normal 0.9945211337142634 0 -0.10453570966754057
    outer loop
      vertex 66.23933410644531 0 -9.125758171081543
      vertex 66.19999694824219 6 -9.5
      vertex 66.23933410644531 6 -9.125758171081543
    endloop
  endfacet
  facet normal 0.9945211337142634 0 -0.10453570966754057
    outer loop
      vertex 66.19999694824219 6 -9.5
      vertex 66.23933410644531 0 -9.125758171081543
      vertex 66.19999694824219 0 -9.5
    endloop
  endfacet
  facet normal 0.9510537525935 0 -0.3090255000446107
    outer loop
      vertex 66.35562133789062 0 -8.767873764038086
      vertex 66.23933410644531 6 -9.125758171081543
      vertex 66.35562133789062 6 -8.767873764038086
    endloop
  endfacet
  facet normal 0.9510537525935 0 -0.3090255000446107
    outer loop
      vertex 66.23933410644531 6 -9.125758171081543
      vertex 66.35562133789062 0 -8.767873764038086
      vertex 66.23933410644531 0 -9.125758171081543
    endloop
  endfacet
  facet normal 0 0 -1
    outer loop
      vertex 67.81185150146484 0 -7.709859848022461
      vertex 68.18814849853516 6 -7.709859848022461
      vertex 68.18814849853516 0 -7.709859848022461
    endloop
  endfacet
  facet normal 0 0 -1
    outer loop
      vertex 68.18814849853516 6 -7.709859848022461
      vertex 67.81185150146484 0 -7.709859848022461
      vertex 67.81185150146484 6 -7.709859848022461
    endloop
  endfacet
  facet normal 0.20791088932821586 0 0.9781477710953241
    outer loop
      vertex 67.44377136230469 6 -13.211901664733887
      vertex 67.81185150146484 0 -13.290139198303223
      vertex 67.81185150146484 6 -13.290139198303223
    endloop
  endfacet
  facet normal 0.20791088932821586 0 0.9781477710953241
    outer loop
      vertex 67.81185150146484 0 -13.290139198303223
      vertex 67.44377136230469 6 -13.211901664733887
      vertex 67.44377136230469 0 -13.211901664733887
    endloop
  endfacet
  facet normal -0.8660286732361319 0 -0.4999943371007965
    outer loop
      vertex 69.64437866210938 0 -8.767873764038086
      vertex 69.45623016357422 6 -8.441986083984375
      vertex 69.64437866210938 6 -8.767873764038086
    endloop
  endfacet
  facet normal -0.8660286732361319 0 -0.4999943371007965
    outer loop
      vertex 69.45623016357422 6 -8.441986083984375
      vertex 69.64437866210938 0 -8.767873764038086
      vertex 69.45623016357422 0 -8.441986083984375
    endloop
  endfacet
  facet normal -1 0 0
    outer loop
      vertex 69.80000305175781 0 -11.5
      vertex 69.80000305175781 6 -9.5
      vertex 69.80000305175781 6 -11.5
    endloop
  endfacet
  facet normal -1 0 0
    outer loop
      vertex 69.80000305175781 6 -9.5
      vertex 69.80000305175781 0 -11.5
      vertex 69.80000305175781 0 -9.5
    endloop
  endfacet
  facet normal 0.9945211060198124 0 0.10453597314383879
    outer loop
      vertex 66.19999694824219 0 -11.5
      vertex 66.23933410644531 6 -11.87424087524414
      vertex 66.19999694824219 6 -11.5
    endloop
  endfacet
  facet normal 0.9945211060198124 0 0.10453597314383879
    outer loop
      vertex 66.23933410644531 6 -11.87424087524414
      vertex 66.19999694824219 0 -11.5
      vertex 66.23933410644531 0 -11.87424087524414
    endloop
  endfacet
  facet normal -0.20791088932821586 0 -0.9781477710953241
    outer loop
      vertex 68.18814849853516 0 -7.709859848022461
      vertex 68.55622863769531 6 -7.788097381591797
      vertex 68.55622863769531 0 -7.788097381591797
    endloop
  endfacet
  facet normal -0.20791088932821586 0 -0.9781477710953241
    outer loop
      vertex 68.55622863769531 6 -7.788097381591797
      vertex 68.18814849853516 0 -7.709859848022461
      vertex 68.18814849853516 6 -7.709859848022461
    endloop
  endfacet
  facet normal 0.8660286732361319 0 -0.4999943371007965
    outer loop
      vertex 66.54376983642578 0 -8.441986083984375
      vertex 66.35562133789062 6 -8.767873764038086
      vertex 66.54376983642578 6 -8.441986083984375
    endloop
  endfacet
  facet normal 0.8660286732361319 0 -0.4999943371007965
    outer loop
      vertex 66.35562133789062 6 -8.767873764038086
      vertex 66.54376983642578 0 -8.441986083984375
      vertex 66.35562133789062 0 -8.767873764038086
    endloop
  endfacet
  facet normal -0.40673352412118324 0 0.913546846284285
    outer loop
      vertex 68.55622863769531 6 -13.211901664733887
      vertex 68.9000015258789 0 -13.058845520019531
      vertex 68.9000015258789 6 -13.058845520019531
    endloop
  endfacet
  facet normal -0.40673352412118324 0 0.913546846284285
    outer loop
      vertex 68.9000015258789 0 -13.058845520019531
      vertex 68.55622863769531 6 -13.211901664733887
      vertex 68.55622863769531 0 -13.211901664733887
    endloop
  endfacet
  facet normal -0.9945211337142634 0 -0.10453570966754057
    outer loop
      vertex 69.80000305175781 0 -9.5
      vertex 69.76066589355469 6 -9.125758171081543
      vertex 69.80000305175781 6 -9.5
    endloop
  endfacet
  facet normal -0.9945211337142634 0 -0.10453570966754057
    outer loop
      vertex 69.76066589355469 6 -9.125758171081543
      vertex 69.80000305175781 0 -9.5
      vertex 69.76066589355469 0 -9.125758171081543
    endloop
  endfacet
  facet normal 0.40673352412118324 0 0.913546846284285
    outer loop
      vertex 67.0999984741211 6 -13.058845520019531
      vertex 67.44377136230469 0 -13.211901664733887
      vertex 67.44377136230469 6 -13.211901664733887
    endloop
  endfacet
  facet normal 0.40673352412118324 0 0.913546846284285
    outer loop
      vertex 67.44377136230469 0 -13.211901664733887
      vertex 67.0999984741211 6 -13.058845520019531
      vertex 67.0999984741211 0 -13.058845520019531
    endloop
  endfacet
  facet normal 0.5877855642011792 0 -0.8090167677599157
    outer loop
      vertex 66.79556274414062 0 -8.162339210510254
      vertex 67.0999984741211 6 -7.941153526306152
      vertex 67.0999984741211 0 -7.941153526306152
    endloop
  endfacet
  facet normal 0.5877855642011792 0 -0.8090167677599157
    outer loop
      vertex 67.0999984741211 6 -7.941153526306152
      vertex 66.79556274414062 0 -8.162339210510254
      vertex 66.79556274414062 6 -8.162339210510254
    endloop
  endfacet
  facet normal 0.7431478226910482 0 -0.6691272776008721
    outer loop
      vertex 66.79556274414062 0 -8.162339210510254
      vertex 66.54376983642578 6 -8.441986083984375
      vertex 66.79556274414062 6 -8.162339210510254
    endloop
  endfacet
  facet normal 0.7431478226910482 0 -0.6691272776008721
    outer loop
      vertex 66.54376983642578 6 -8.441986083984375
      vertex 66.79556274414062 0 -8.162339210510254
      vertex 66.54376983642578 0 -8.441986083984375
    endloop
  endfacet
  facet normal -0.7431478226910482 0 -0.6691272776008721
    outer loop
      vertex 69.45623016357422 0 -8.441986083984375
      vertex 69.20443725585938 6 -8.162339210510254
      vertex 69.45623016357422 6 -8.441986083984375
    endloop
  endfacet
  facet normal -0.7431478226910482 0 -0.6691272776008721
    outer loop
      vertex 69.20443725585938 6 -8.162339210510254
      vertex 69.45623016357422 0 -8.441986083984375
      vertex 69.20443725585938 0 -8.162339210510254
    endloop
  endfacet
  facet normal -1 0 0
    outer loop
      vertex 88 2 52.02000045776367
      vertex 88 33.900001525878906 54.48999786376953
      vertex 88 33.900001525878906 52.02000045776367
    endloop
  endfacet
  facet normal -1 0 0
    outer loop
      vertex 88 33.900001525878906 54.48999786376953
      vertex 88 2 52.02000045776367
      vertex 88 2 54.48999786376953
    endloop
  endfacet
  facet normal 1 0 0
    outer loop
      vertex 60.5 2 54.48999786376953
      vertex 60.5 33.900001525878906 52.02000045776367
      vertex 60.5 33.900001525878906 54.48999786376953
    endloop
  endfacet
  facet normal 1 0 0
    outer loop
      vertex 60.5 33.900001525878906 52.02000045776367
      vertex 60.5 2 54.48999786376953
      vertex 60.5 2 52.02000045776367
    endloop
  endfacet
  facet normal 0 -1 0
    outer loop
      vertex 60.5 33.900001525878906 52.02000045776367
      vertex 88 33.900001525878906 54.48999786376953
      vertex 60.5 33.900001525878906 54.48999786376953
    endloop
  endfacet
  facet normal 0 -1 0
    outer loop
      vertex 88 33.900001525878906 54.48999786376953
      vertex 60.5 33.900001525878906 52.02000045776367
      vertex 88 33.900001525878906 52.02000045776367
    endloop
  endfacet
  facet normal 0 1 0
    outer loop
      vertex 112.5999984741211 2 52
      vertex 112.5999984741211 2 2
      vertex 107.62000274658203 2 52
    endloop
  endfacet
  facet normal 0 1 0
    outer loop
      vertex 107.62000274658203 2 52
      vertex 88 2 52.02000045776367
      vertex 107.62000274658203 2 52.02000045776367
    endloop
  endfacet
  facet normal 0 1 0
    outer loop
      vertex 112.5999984741211 2 2
      vertex 88 2 52.02000045776367
      vertex 107.62000274658203 2 52
    endloop
  endfacet
  facet normal 0 1 0
    outer loop
      vertex 88 2 52.02000045776367
      vertex 112.5999984741211 2 2
      vertex 60.5 2 52.02000045776367
    endloop
  endfacet
  facet normal 0 1 0
    outer loop
      vertex 3 2 2
      vertex 60.5 2 52.02000045776367
      vertex 112.5999984741211 2 2
    endloop
  endfacet
  facet normal 0 1 0
    outer loop
      vertex 60.5 2 52.02000045776367
      vertex 3 2 2
      vertex 36.5 2 52.02000045776367
    endloop
  endfacet
  facet normal 0 1 0
    outer loop
      vertex 36.5 2 52.02000045776367
      vertex 3 2 2
      vertex 16.5 2 52.02000045776367
    endloop
  endfacet
  facet normal 0 1 0
    outer loop
      vertex 16.5 2 52.02000045776367
      vertex 3 2 2
      vertex 3 2 52.02000045776367
    endloop
  endfacet
  facet normal 0 1 0
    outer loop
      vertex 88 2 52.02000045776367
      vertex 60.5 2 54.48999786376953
      vertex 88 2 54.48999786376953
    endloop
  endfacet
  facet normal 0 1 0
    outer loop
      vertex 60.5 2 54.48999786376953
      vertex 88 2 52.02000045776367
      vertex 60.5 2 52.02000045776367
    endloop
  endfacet
  facet normal 0 1 0
    outer loop
      vertex 36.5 2 52.02000045776367
      vertex 16.5 2 54.48999786376953
      vertex 36.5 2 54.48999786376953
    endloop
  endfacet
  facet normal 0 1 0
    outer loop
      vertex 16.5 2 54.48999786376953
      vertex 36.5 2 52.02000045776367
      vertex 16.5 2 52.02000045776367
    endloop
  endfacet
  facet normal -0.38268222937202623 -0.9238800308064115 0
    outer loop
      vertex 56 19.599998474121094 52.02000045776367
      vertex 57.414215087890625 19.01421356201172 54.48999786376953
      vertex 56 19.599998474121094 54.48999786376953
    endloop
  endfacet
  facet normal -0.38268222937202623 -0.9238800308064115 0
    outer loop
      vertex 57.414215087890625 19.01421356201172 54.48999786376953
      vertex 56 19.599998474121094 52.02000045776367
      vertex 57.414215087890625 19.01421356201172 52.02000045776367
    endloop
  endfacet
  facet normal -0.9238800308064115 -0.38268222937202623 0
    outer loop
      vertex 58 17.599998474121094 52.02000045776367
      vertex 57.414215087890625 19.01421356201172 54.48999786376953
      vertex 57.414215087890625 19.01421356201172 52.02000045776367
    endloop
  endfacet
  facet normal -0.9238800308064115 -0.38268222937202623 0
    outer loop
      vertex 57.414215087890625 19.01421356201172 54.48999786376953
      vertex 58 17.599998474121094 52.02000045776367
      vertex 58 17.599998474121094 54.48999786376953
    endloop
  endfacet
  facet normal 0.9238796658522818 0.38268311045129266 0
    outer loop
      vertex 54.585784912109375 16.185787200927734 54.48999786376953
      vertex 54 17.599998474121094 52.02000045776367
      vertex 54 17.599998474121094 54.48999786376953
    endloop
  endfacet
  facet normal 0.9238796658522818 0.38268311045129266 0
    outer loop
      vertex 54 17.599998474121094 52.02000045776367
      vertex 54.585784912109375 16.185787200927734 54.48999786376953
      vertex 54.585784912109375 16.185787200927734 52.02000045776367
    endloop
  endfacet
  facet normal 0.38268222937202623 -0.9238800308064115 0
    outer loop
      vertex 54.585784912109375 19.01421356201172 52.02000045776367
      vertex 56 19.599998474121094 54.48999786376953
      vertex 54.585784912109375 19.01421356201172 54.48999786376953
    endloop
  endfacet
  facet normal 0.38268222937202623 -0.9238800308064115 0
    outer loop
      vertex 56 19.599998474121094 54.48999786376953
      vertex 54.585784912109375 19.01421356201172 52.02000045776367
      vertex 56 19.599998474121094 52.02000045776367
    endloop
  endfacet
  facet normal 0.3826838247079681 0.9238793699974478 0
    outer loop
      vertex 56 15.59999942779541 52.02000045776367
      vertex 54.585784912109375 16.185787200927734 54.48999786376953
      vertex 56 15.59999942779541 54.48999786376953
    endloop
  endfacet
  facet normal 0.3826838247079681 0.9238793699974478 0
    outer loop
      vertex 54.585784912109375 16.185787200927734 54.48999786376953
      vertex 56 15.59999942779541 52.02000045776367
      vertex 54.585784912109375 16.185787200927734 52.02000045776367
    endloop
  endfacet
  facet normal 0.9238800308064115 -0.38268222937202623 0
    outer loop
      vertex 54 17.599998474121094 54.48999786376953
      vertex 54.585784912109375 19.01421356201172 52.02000045776367
      vertex 54.585784912109375 19.01421356201172 54.48999786376953
    endloop
  endfacet
  facet normal 0.9238800308064115 -0.38268222937202623 0
    outer loop
      vertex 54.585784912109375 19.01421356201172 52.02000045776367
      vertex 54 17.599998474121094 54.48999786376953
      vertex 54 17.599998474121094 52.02000045776367
    endloop
  endfacet
  facet normal -0.3826838247079681 0.9238793699974478 0
    outer loop
      vertex 57.414215087890625 16.185787200927734 52.02000045776367
      vertex 56 15.59999942779541 54.48999786376953
      vertex 57.414215087890625 16.185787200927734 54.48999786376953
    endloop
  endfacet
  facet normal -0.3826838247079681 0.9238793699974478 0
    outer loop
      vertex 56 15.59999942779541 54.48999786376953
      vertex 57.414215087890625 16.185787200927734 52.02000045776367
      vertex 56 15.59999942779541 52.02000045776367
    endloop
  endfacet
  facet normal -0.9238796658522818 0.38268311045129266 0
    outer loop
      vertex 57.414215087890625 16.185787200927734 52.02000045776367
      vertex 58 17.599998474121094 54.48999786376953
      vertex 58 17.599998474121094 52.02000045776367
    endloop
  endfacet
  facet normal -0.9238796658522818 0.38268311045129266 0
    outer loop
      vertex 58 17.599998474121094 54.48999786376953
      vertex 57.414215087890625 16.185787200927734 52.02000045776367
      vertex 57.414215087890625 16.185787200927734 54.48999786376953
    endloop
  endfacet
  facet normal -0.38268222937202623 -0.9238800308064115 0
    outer loop
      vertex 92.5 19.599998474121094 52.02000045776367
      vertex 93.91421508789062 19.01421356201172 54.48999786376953
      vertex 92.5 19.599998474121094 54.48999786376953
    endloop
  endfacet
  facet normal -0.38268222937202623 -0.9238800308064115 0
    outer loop
      vertex 93.91421508789062 19.01421356201172 54.48999786376953
      vertex 92.5 19.599998474121094 52.02000045776367
      vertex 93.91421508789062 19.01421356201172 52.02000045776367
    endloop
  endfacet
  facet normal -0.9238800308064115 -0.38268222937202623 0
    outer loop
      vertex 94.5 17.599998474121094 52.02000045776367
      vertex 93.91421508789062 19.01421356201172 54.48999786376953
      vertex 93.91421508789062 19.01421356201172 52.02000045776367
    endloop
  endfacet
  facet normal -0.9238800308064115 -0.38268222937202623 0
    outer loop
      vertex 93.91421508789062 19.01421356201172 54.48999786376953
      vertex 94.5 17.599998474121094 52.02000045776367
      vertex 94.5 17.599998474121094 54.48999786376953
    endloop
  endfacet
  facet normal 0.9238796658522818 0.38268311045129266 0
    outer loop
      vertex 91.08578491210938 16.185787200927734 54.48999786376953
      vertex 90.5 17.599998474121094 52.02000045776367
      vertex 90.5 17.599998474121094 54.48999786376953
    endloop
  endfacet
  facet normal 0.9238796658522818 0.38268311045129266 0
    outer loop
      vertex 90.5 17.599998474121094 52.02000045776367
      vertex 91.08578491210938 16.185787200927734 54.48999786376953
      vertex 91.08578491210938 16.185787200927734 52.02000045776367
    endloop
  endfacet
  facet normal 0.38268222937202623 -0.9238800308064115 0
    outer loop
      vertex 91.08578491210938 19.01421356201172 52.02000045776367
      vertex 92.5 19.599998474121094 54.48999786376953
      vertex 91.08578491210938 19.01421356201172 54.48999786376953
    endloop
  endfacet
  facet normal 0.38268222937202623 -0.9238800308064115 0
    outer loop
      vertex 92.5 19.599998474121094 54.48999786376953
      vertex 91.08578491210938 19.01421356201172 52.02000045776367
      vertex 92.5 19.599998474121094 52.02000045776367
    endloop
  endfacet
  facet normal 0.3826838247079681 0.9238793699974478 0
    outer loop
      vertex 92.5 15.59999942779541 52.02000045776367
      vertex 91.08578491210938 16.185787200927734 54.48999786376953
      vertex 92.5 15.59999942779541 54.48999786376953
    endloop
  endfacet
  facet normal 0.3826838247079681 0.9238793699974478 0
    outer loop
      vertex 91.08578491210938 16.185787200927734 54.48999786376953
      vertex 92.5 15.59999942779541 52.02000045776367
      vertex 91.08578491210938 16.185787200927734 52.02000045776367
    endloop
  endfacet
  facet normal 0.9238800308064115 -0.38268222937202623 0
    outer loop
      vertex 90.5 17.599998474121094 54.48999786376953
      vertex 91.08578491210938 19.01421356201172 52.02000045776367
      vertex 91.08578491210938 19.01421356201172 54.48999786376953
    endloop
  endfacet
  facet normal 0.9238800308064115 -0.38268222937202623 0
    outer loop
      vertex 91.08578491210938 19.01421356201172 52.02000045776367
      vertex 90.5 17.599998474121094 54.48999786376953
      vertex 90.5 17.599998474121094 52.02000045776367
    endloop
  endfacet
  facet normal -0.3826838247079681 0.9238793699974478 0
    outer loop
      vertex 93.91421508789062 16.185787200927734 52.02000045776367
      vertex 92.5 15.59999942779541 54.48999786376953
      vertex 93.91421508789062 16.185787200927734 54.48999786376953
    endloop
  endfacet
  facet normal -0.3826838247079681 0.9238793699974478 0
    outer loop
      vertex 92.5 15.59999942779541 54.48999786376953
      vertex 93.91421508789062 16.185787200927734 52.02000045776367
      vertex 92.5 15.59999942779541 52.02000045776367
    endloop
  endfacet
  facet normal -0.9238796658522818 0.38268311045129266 0
    outer loop
      vertex 93.91421508789062 16.185787200927734 52.02000045776367
      vertex 94.5 17.599998474121094 54.48999786376953
      vertex 94.5 17.599998474121094 52.02000045776367
    endloop
  endfacet
  facet normal -0.9238796658522818 0.38268311045129266 0
    outer loop
      vertex 94.5 17.599998474121094 54.48999786376953
      vertex 93.91421508789062 16.185787200927734 52.02000045776367
      vertex 93.91421508789062 16.185787200927734 54.48999786376953
    endloop
  endfacet
  facet normal -1 0 0
    outer loop
      vertex 36.5 2 52.02000045776367
      vertex 36.5 16 54.48999786376953
      vertex 36.5 16 52.02000045776367
    endloop
  endfacet
  facet normal -1 0 0
    outer loop
      vertex 36.5 16 54.48999786376953
      vertex 36.5 2 52.02000045776367
      vertex 36.5 2 54.48999786376953
    endloop
  endfacet
  facet normal 1 0 0
    outer loop
      vertex 16.5 2 54.48999786376953
      vertex 16.5 16 52.02000045776367
      vertex 16.5 16 54.48999786376953
    endloop
  endfacet
  facet normal 1 0 0
    outer loop
      vertex 16.5 16 52.02000045776367
      vertex 16.5 2 54.48999786376953
      vertex 16.5 2 52.02000045776367
    endloop
  endfacet
  facet normal 0 -1 0
    outer loop
      vertex 16.5 16 52.02000045776367
      vertex 36.5 16 54.48999786376953
      vertex 16.5 16 54.48999786376953
    endloop
  endfacet
  facet normal 0 -1 0
    outer loop
      vertex 36.5 16 54.48999786376953
      vertex 16.5 16 52.02000045776367
      vertex 36.5 16 52.02000045776367
    endloop
  endfacet
  facet normal 1 0 0
    outer loop
      vertex 116.4000015258789 68.19999694824219 19.299999237060547
      vertex 116.4000015258789 68.01337432861328 12.87817668914795
      vertex 116.4000015258789 68.19999694824219 7.299999237060547
    endloop
  endfacet
  facet normal 1 0 0
    outer loop
      vertex 116.4000015258789 68.19999694824219 19.299999237060547
      vertex 116.4000015258789 67.8484878540039 14.446981430053711
      vertex 116.4000015258789 68.01337432861328 12.87817668914795
    endloop
  endfacet
  facet normal 1 0 0
    outer loop
      vertex 116.4000015258789 68.19999694824219 19.299999237060547
      vertex 116.4000015258789 67.83797454833984 14.547032356262207
      vertex 116.4000015258789 67.8484878540039 14.446981430053711
    endloop
  endfacet
  facet normal 1 0 0
    outer loop
      vertex 116.4000015258789 68.19999694824219 19.299999237060547
      vertex 116.4000015258789 67.04924774169922 15.913140296936035
      vertex 116.4000015258789 67.83797454833984 14.547032356262207
    endloop
  endfacet
  facet normal 1 0 0
    outer loop
      vertex 116.4000015258789 68.19999694824219 19.299999237060547
      vertex 116.4000015258789 66.99894714355469 16.00026512145996
      vertex 116.4000015258789 67.04924774169922 15.913140296936035
    endloop
  endfacet
  facet normal 1 0 0
    outer loop
      vertex 116.4000015258789 68.19999694824219 19.299999237060547
      vertex 116.4000015258789 66.91755676269531 16.059396743774414
      vertex 116.4000015258789 66.99894714355469 16.00026512145996
    endloop
  endfacet
  facet normal 1 0 0
    outer loop
      vertex 116.4000015258789 68.19999694824219 19.299999237060547
      vertex 116.4000015258789 65.6413803100586 16.986597061157227
      vertex 116.4000015258789 66.91755676269531 16.059396743774414
    endloop
  endfacet
  facet normal 1 0 0
    outer loop
      vertex 116.4000015258789 64.19999694824219 19.299999237060547
      vertex 116.4000015258789 65.6413803100586 16.986597061157227
      vertex 116.4000015258789 68.19999694824219 19.299999237060547
    endloop
  endfacet
  facet normal 1 0 0
    outer loop
      vertex 116.4000015258789 65.6413803100586 16.986597061157227
      vertex 116.4000015258789 64.19999694824219 19.299999237060547
      vertex 116.4000015258789 64.19999694824219 17.292972564697266
    endloop
  endfacet
  facet normal 1 0 0
    outer loop
      vertex 116.4000015258789 67.52591705322266 11.377936363220215
      vertex 116.4000015258789 68.19999694824219 7.299999237060547
      vertex 116.4000015258789 68.01337432861328 12.87817668914795
    endloop
  endfacet
  facet normal 1 0 0
    outer loop
      vertex 116.4000015258789 67.49482727050781 11.282258033752441
      vertex 116.4000015258789 68.19999694824219 7.299999237060547
      vertex 116.4000015258789 67.52591705322266 11.377936363220215
    endloop
  endfacet
  facet normal 1 0 0
    outer loop
      vertex 116.4000015258789 66.43931579589844 10.109987258911133
      vertex 116.4000015258789 68.19999694824219 7.299999237060547
      vertex 116.4000015258789 67.49482727050781 11.282258033752441
    endloop
  endfacet
  facet normal 1 0 0
    outer loop
      vertex 116.4000015258789 68.19999694824219 7.299999237060547
      vertex 116.4000015258789 67.17855072021484 7.560511112213135
      vertex 116.4000015258789 67.36366271972656 7.299999237060547
    endloop
  endfacet
  facet normal 1 0 0
    outer loop
      vertex 116.4000015258789 68.19999694824219 7.299999237060547
      vertex 116.4000015258789 66.43931579589844 10.109987258911133
      vertex 116.4000015258789 67.17855072021484 7.560511112213135
    endloop
  endfacet
  facet normal 1 0 0
    outer loop
      vertex 116.4000015258789 66.37199401855469 10.035224914550781
      vertex 116.4000015258789 67.17855072021484 7.560511112213135
      vertex 116.4000015258789 66.43931579589844 10.109987258911133
    endloop
  endfacet
  facet normal 1 0 0
    outer loop
      vertex 116.4000015258789 66.28009033203125 9.994305610656738
      vertex 116.4000015258789 67.17855072021484 7.560511112213135
      vertex 116.4000015258789 66.37199401855469 10.035224914550781
    endloop
  endfacet
  facet normal 1 0 0
    outer loop
      vertex 116.4000015258789 67.17855072021484 7.560511112213135
      vertex 116.4000015258789 66.28009033203125 9.994305610656738
      vertex 116.4000015258789 66.81725311279297 7.299999237060547
    endloop
  endfacet
  facet normal 1 0 0
    outer loop
      vertex 116.4000015258789 64.83902740478516 9.352700233459473
      vertex 116.4000015258789 66.81725311279297 7.299999237060547
      vertex 116.4000015258789 66.28009033203125 9.994305610656738
    endloop
  endfacet
  facet normal 1 0 0
    outer loop
      vertex 116.4000015258789 64.19999694824219 7.299999237060547
      vertex 116.4000015258789 64.83902740478516 9.352700233459473
      vertex 116.4000015258789 64.19999694824219 9.352700233459473
    endloop
  endfacet
  facet normal 1 0 0
    outer loop
      vertex 116.4000015258789 64.83902740478516 9.352700233459473
      vertex 116.4000015258789 64.19999694824219 7.299999237060547
      vertex 116.4000015258789 66.81725311279297 7.299999237060547
    endloop
  endfacet
  facet normal 0 0 1
    outer loop
      vertex 116.4000015258789 68.19999694824219 19.299999237060547
      vertex 115.5999984741211 65 19.299999237060547
      vertex 116.4000015258789 64.19999694824219 19.299999237060547
    endloop
  endfacet
  facet normal 0 0 1
    outer loop
      vertex 112.5999984741211 65 19.299999237060547
      vertex 116.4000015258789 68.19999694824219 19.299999237060547
      vertex 114.5999984741211 70 19.299999237060547
    endloop
  endfacet
  facet normal 0 0 1
    outer loop
      vertex 112.5999984741211 65 19.299999237060547
      vertex 114.5999984741211 70 19.299999237060547
      vertex 112.5999984741211 70 19.299999237060547
    endloop
  endfacet
  facet normal 0 0 1
    outer loop
      vertex 116.4000015258789 68.19999694824219 19.299999237060547
      vertex 112.5999984741211 65 19.299999237060547
      vertex 115.5999984741211 65 19.299999237060547
    endloop
  endfacet
  facet normal 0 0 -1
    outer loop
      vertex 115.5999984741211 65 7.299999237060547
      vertex 116.4000015258789 66.81725311279297 7.299999237060547
      vertex 116.4000015258789 64.19999694824219 7.299999237060547
    endloop
  endfacet
  facet normal 0 0 -1
    outer loop
      vertex 116.4000015258789 66.81725311279297 7.299999237060547
      vertex 115.5999984741211 65 7.299999237060547
      vertex 116.21578979492188 67.36276245117188 7.299999237060547
    endloop
  endfacet
  facet normal 0 0 -1
    outer loop
      vertex 116.21578979492188 67.36276245117188 7.299999237060547
      vertex 116.4000015258789 68.19999694824219 7.299999237060547
      vertex 116.4000015258789 67.36366271972656 7.299999237060547
    endloop
  endfacet
  facet normal 0 0 -1
    outer loop
      vertex 112.5999984741211 65 7.299999237060547
      vertex 116.21578979492188 67.36276245117188 7.299999237060547
      vertex 115.5999984741211 65 7.299999237060547
    endloop
  endfacet
  facet normal 0 0 -1
    outer loop
      vertex 112.5999984741211 70 7.299999237060547
      vertex 116.21578979492188 67.36276245117188 7.299999237060547
      vertex 112.5999984741211 65 7.299999237060547
    endloop
  endfacet
  facet normal 0 0 -1
    outer loop
      vertex 116.21578979492188 67.36276245117188 7.299999237060547
      vertex 114.5999984741211 70 7.299999237060547
      vertex 116.4000015258789 68.19999694824219 7.299999237060547
    endloop
  endfacet
  facet normal 0 0 -1
    outer loop
      vertex 116.21578979492188 67.36276245117188 7.299999237060547
      vertex 112.5999984741211 70 7.299999237060547
      vertex 114.5999984741211 70 7.299999237060547
    endloop
  endfacet
  facet normal -1 0 0
    outer loop
      vertex 112.5999984741211 62.19301223754883 11.572342872619629
      vertex 112.5999984741211 65 7.299999237060547
      vertex 112.5999984741211 65 2
    endloop
  endfacet
  facet normal -1 0 0
    outer loop
      vertex 112.5999984741211 65 7.299999237060547
      vertex 112.5999984741211 64.2240982055664 10.810063362121582
      vertex 112.5999984741211 64.66509246826172 10.890091896057129
    endloop
  endfacet
  facet normal -1 0 0
    outer loop
      vertex 112.5999984741211 65 7.299999237060547
      vertex 112.5999984741211 63.775901794433594 10.810063362121582
      vertex 112.5999984741211 64.2240982055664 10.810063362121582
    endloop
  endfacet
  facet normal -1 0 0
    outer loop
      vertex 112.5999984741211 65 7.299999237060547
      vertex 112.5999984741211 63.33490753173828 10.890091896057129
      vertex 112.5999984741211 63.775901794433594 10.810063362121582
    endloop
  endfacet
  facet normal -1 0 0
    outer loop
      vertex 112.5999984741211 65 7.299999237060547
      vertex 112.5999984741211 62.91529083251953 11.047576904296875
      vertex 112.5999984741211 63.33490753173828 10.890091896057129
    endloop
  endfacet
  facet normal -1 0 0
    outer loop
      vertex 112.5999984741211 65 7.299999237060547
      vertex 112.5999984741211 62.53053665161133 11.277457237243652
      vertex 112.5999984741211 62.91529083251953 11.047576904296875
    endloop
  endfacet
  facet normal -1 0 0
    outer loop
      vertex 112.5999984741211 65 7.299999237060547
      vertex 112.5999984741211 62.19301223754883 11.572342872619629
      vertex 112.5999984741211 62.53053665161133 11.277457237243652
    endloop
  endfacet
  facet normal -1 0 0
    outer loop
      vertex 112.5999984741211 65 2
      vertex 112.5999984741211 61.91356658935547 11.922757148742676
      vertex 112.5999984741211 62.19301223754883 11.572342872619629
    endloop
  endfacet
  facet normal -1 0 0
    outer loop
      vertex 112.5999984741211 31.899999618530273 2
      vertex 112.5999984741211 61.91356658935547 11.922757148742676
      vertex 112.5999984741211 65 2
    endloop
  endfacet
  facet normal -1 0 0
    outer loop
      vertex 112.5999984741211 61.91356658935547 11.922757148742676
      vertex 112.5999984741211 31.899999618530273 2
      vertex 112.5999984741211 61.70117950439453 12.317437171936035
    endloop
  endfacet
  facet normal -1 0 0
    outer loop
      vertex 112.5999984741211 61.70117950439453 37.81743621826172
      vertex 112.5999984741211 31.899999618530273 52
      vertex 112.5999984741211 61.562679290771484 38.24369812011719
    endloop
  endfacet
  facet normal -1 0 0
    outer loop
      vertex 112.5999984741211 61.562679290771484 12.743697166442871
      vertex 112.5999984741211 31.899999618530273 2
      vertex 112.5999984741211 61.50251770019531 13.187837600708008
    endloop
  endfacet
  facet normal -1 0 0
    outer loop
      vertex 112.5999984741211 61.70117950439453 12.317437171936035
      vertex 112.5999984741211 31.899999618530273 2
      vertex 112.5999984741211 61.562679290771484 12.743697166442871
    endloop
  endfacet
  facet normal -1 0 0
    outer loop
      vertex 112.5999984741211 70 7.299999237060547
      vertex 112.5999984741211 66.49748229980469 13.187837600708008
      vertex 112.5999984741211 70 19.299999237060547
    endloop
  endfacet
  facet normal -1 0 0
    outer loop
      vertex 112.5999984741211 70 7.299999237060547
      vertex 112.5999984741211 66.43731689453125 12.743697166442871
      vertex 112.5999984741211 66.49748229980469 13.187837600708008
    endloop
  endfacet
  facet normal -1 0 0
    outer loop
      vertex 112.5999984741211 70 7.299999237060547
      vertex 112.5999984741211 66.29882049560547 12.317437171936035
      vertex 112.5999984741211 66.43731689453125 12.743697166442871
    endloop
  endfacet
  facet normal -1 0 0
    outer loop
      vertex 112.5999984741211 70 7.299999237060547
      vertex 112.5999984741211 66.08643341064453 11.922757148742676
      vertex 112.5999984741211 66.29882049560547 12.317437171936035
    endloop
  endfacet
  facet normal -1 0 0
    outer loop
      vertex 112.5999984741211 70 7.299999237060547
      vertex 112.5999984741211 65.8069839477539 11.572342872619629
      vertex 112.5999984741211 66.08643341064453 11.922757148742676
    endloop
  endfacet
  facet normal -1 0 0
    outer loop
      vertex 112.5999984741211 70 7.299999237060547
      vertex 112.5999984741211 65.4694595336914 11.277457237243652
      vertex 112.5999984741211 65.8069839477539 11.572342872619629
    endloop
  endfacet
  facet normal -1 0 0
    outer loop
      vertex 112.5999984741211 65 7.299999237060547
      vertex 112.5999984741211 65.4694595336914 11.277457237243652
      vertex 112.5999984741211 70 7.299999237060547
    endloop
  endfacet
  facet normal -1 0 0
    outer loop
      vertex 112.5999984741211 65.4694595336914 11.277457237243652
      vertex 112.5999984741211 65 7.299999237060547
      vertex 112.5999984741211 65.08470916748047 11.047576904296875
    endloop
  endfacet
  facet normal -1 0 0
    outer loop
      vertex 112.5999984741211 65.08470916748047 11.047576904296875
      vertex 112.5999984741211 65 7.299999237060547
      vertex 112.5999984741211 64.66509246826172 10.890091896057129
    endloop
  endfacet
  facet normal -1 0 0
    outer loop
      vertex 112.5999984741211 66.47737121582031 13.63558292388916
      vertex 112.5999984741211 70 19.299999237060547
      vertex 112.5999984741211 66.49748229980469 13.187837600708008
    endloop
  endfacet
  facet normal -1 0 0
    outer loop
      vertex 112.5999984741211 66.37763977050781 14.072542190551758
      vertex 112.5999984741211 70 19.299999237060547
      vertex 112.5999984741211 66.47737121582031 13.63558292388916
    endloop
  endfacet
  facet normal -1 0 0
    outer loop
      vertex 112.5999984741211 66.20149230957031 14.484671592712402
      vertex 112.5999984741211 70 19.299999237060547
      vertex 112.5999984741211 66.37763977050781 14.072542190551758
    endloop
  endfacet
  facet normal -1 0 0
    outer loop
      vertex 112.5999984741211 65.95457458496094 14.858723640441895
      vertex 112.5999984741211 70 19.299999237060547
      vertex 112.5999984741211 66.20149230957031 14.484671592712402
    endloop
  endfacet
  facet normal -1 0 0
    outer loop
      vertex 112.5999984741211 65.64484405517578 15.18267822265625
      vertex 112.5999984741211 70 19.299999237060547
      vertex 112.5999984741211 65.95457458496094 14.858723640441895
    endloop
  endfacet
  facet normal -1 0 0
    outer loop
      vertex 112.5999984741211 65 19.299999237060547
      vertex 112.5999984741211 65.64484405517578 15.18267822265625
      vertex 112.5999984741211 65.2822494506836 15.446121215820312
    endloop
  endfacet
  facet normal -1 0 0
    outer loop
      vertex 112.5999984741211 65.64484405517578 15.18267822265625
      vertex 112.5999984741211 65 19.299999237060547
      vertex 112.5999984741211 70 19.299999237060547
    endloop
  endfacet
  facet normal -1 0 0
    outer loop
      vertex 112.5999984741211 64.44639587402344 15.7598237991333
      vertex 112.5999984741211 65 19.299999237060547
      vertex 112.5999984741211 64.87843322753906 15.640586853027344
    endloop
  endfacet
  facet normal -1 0 0
    outer loop
      vertex 112.5999984741211 64.87843322753906 15.640586853027344
      vertex 112.5999984741211 65 19.299999237060547
      vertex 112.5999984741211 65.2822494506836 15.446121215820312
    endloop
  endfacet
  facet normal -1 0 0
    outer loop
      vertex 112.5999984741211 70 32.79999923706055
      vertex 112.5999984741211 66.49748229980469 38.687835693359375
      vertex 112.5999984741211 70 44.79999923706055
    endloop
  endfacet
  facet normal -1 0 0
    outer loop
      vertex 112.5999984741211 70 32.79999923706055
      vertex 112.5999984741211 66.43731689453125 38.24369812011719
      vertex 112.5999984741211 66.49748229980469 38.687835693359375
    endloop
  endfacet
  facet normal -1 0 0
    outer loop
      vertex 112.5999984741211 70 32.79999923706055
      vertex 112.5999984741211 66.29882049560547 37.81743621826172
      vertex 112.5999984741211 66.43731689453125 38.24369812011719
    endloop
  endfacet
  facet normal -1 0 0
    outer loop
      vertex 112.5999984741211 70 32.79999923706055
      vertex 112.5999984741211 66.08643341064453 37.42275619506836
      vertex 112.5999984741211 66.29882049560547 37.81743621826172
    endloop
  endfacet
  facet normal -1 0 0
    outer loop
      vertex 112.5999984741211 70 32.79999923706055
      vertex 112.5999984741211 65.8069839477539 37.07234191894531
      vertex 112.5999984741211 66.08643341064453 37.42275619506836
    endloop
  endfacet
  facet normal -1 0 0
    outer loop
      vertex 112.5999984741211 70 32.79999923706055
      vertex 112.5999984741211 65.4694595336914 36.77745819091797
      vertex 112.5999984741211 65.8069839477539 37.07234191894531
    endloop
  endfacet
  facet normal -1 0 0
    outer loop
      vertex 112.5999984741211 65 32.79999923706055
      vertex 112.5999984741211 65.4694595336914 36.77745819091797
      vertex 112.5999984741211 70 32.79999923706055
    endloop
  endfacet
  facet normal -1 0 0
    outer loop
      vertex 112.5999984741211 65.4694595336914 36.77745819091797
      vertex 112.5999984741211 65 32.79999923706055
      vertex 112.5999984741211 65.08470916748047 36.547576904296875
    endloop
  endfacet
  facet normal -1 0 0
    outer loop
      vertex 112.5999984741211 65 32.79999923706055
      vertex 112.5999984741211 64.66509246826172 36.39009094238281
      vertex 112.5999984741211 65.08470916748047 36.547576904296875
    endloop
  endfacet
  facet normal -1 0 0
    outer loop
      vertex 112.5999984741211 64 15.799999237060547
      vertex 112.5999984741211 65 19.299999237060547
      vertex 112.5999984741211 64.44639587402344 15.7598237991333
    endloop
  endfacet
  facet normal -1 0 0
    outer loop
      vertex 112.5999984741211 63.55360794067383 15.7598237991333
      vertex 112.5999984741211 65 19.299999237060547
      vertex 112.5999984741211 64 15.799999237060547
    endloop
  endfacet
  facet normal -1 0 0
    outer loop
      vertex 112.5999984741211 65 32.79999923706055
      vertex 112.5999984741211 64.2240982055664 36.310062408447266
      vertex 112.5999984741211 64.66509246826172 36.39009094238281
    endloop
  endfacet
  facet normal -1 0 0
    outer loop
      vertex 112.5999984741211 63.12156295776367 15.640586853027344
      vertex 112.5999984741211 65 19.299999237060547
      vertex 112.5999984741211 63.55360794067383 15.7598237991333
    endloop
  endfacet
  facet normal -1 0 0
    outer loop
      vertex 112.5999984741211 65 32.79999923706055
      vertex 112.5999984741211 63.775901794433594 36.310062408447266
      vertex 112.5999984741211 64.2240982055664 36.310062408447266
    endloop
  endfacet
  facet normal -1 0 0
    outer loop
      vertex 112.5999984741211 62.717750549316406 15.446121215820312
      vertex 112.5999984741211 65 19.299999237060547
      vertex 112.5999984741211 63.12156295776367 15.640586853027344
    endloop
  endfacet
  facet normal -1 0 0
    outer loop
      vertex 112.5999984741211 65 32.79999923706055
      vertex 112.5999984741211 63.33490753173828 36.39009094238281
      vertex 112.5999984741211 63.775901794433594 36.310062408447266
    endloop
  endfacet
  facet normal -1 0 0
    outer loop
      vertex 112.5999984741211 62.35515213012695 15.18267822265625
      vertex 112.5999984741211 65 19.299999237060547
      vertex 112.5999984741211 62.717750549316406 15.446121215820312
    endloop
  endfacet
  facet normal -1 0 0
    outer loop
      vertex 112.5999984741211 65 32.79999923706055
      vertex 112.5999984741211 62.91529083251953 36.547576904296875
      vertex 112.5999984741211 63.33490753173828 36.39009094238281
    endloop
  endfacet
  facet normal -1 0 0
    outer loop
      vertex 112.5999984741211 62.0454216003418 14.858723640441895
      vertex 112.5999984741211 65 19.299999237060547
      vertex 112.5999984741211 62.35515213012695 15.18267822265625
    endloop
  endfacet
  facet normal -1 0 0
    outer loop
      vertex 112.5999984741211 65 32.79999923706055
      vertex 112.5999984741211 62.53053665161133 36.77745819091797
      vertex 112.5999984741211 62.91529083251953 36.547576904296875
    endloop
  endfacet
  facet normal -1 0 0
    outer loop
      vertex 112.5999984741211 65 19.299999237060547
      vertex 112.5999984741211 62.0454216003418 14.858723640441895
      vertex 112.5999984741211 65 32.79999923706055
    endloop
  endfacet
  facet normal -1 0 0
    outer loop
      vertex 112.5999984741211 65 32.79999923706055
      vertex 112.5999984741211 62.19301223754883 37.07234191894531
      vertex 112.5999984741211 62.53053665161133 36.77745819091797
    endloop
  endfacet
  facet normal -1 0 0
    outer loop
      vertex 112.5999984741211 65 32.79999923706055
      vertex 112.5999984741211 62.0454216003418 14.858723640441895
      vertex 112.5999984741211 62.19301223754883 37.07234191894531
    endloop
  endfacet
  facet normal -1 0 0
    outer loop
      vertex 112.5999984741211 62.0454216003418 14.858723640441895
      vertex 112.5999984741211 61.91356658935547 37.42275619506836
      vertex 112.5999984741211 62.19301223754883 37.07234191894531
    endloop
  endfacet
  facet normal -1 0 0
    outer loop
      vertex 112.5999984741211 61.79851150512695 14.484671592712402
      vertex 112.5999984741211 61.91356658935547 37.42275619506836
      vertex 112.5999984741211 62.0454216003418 14.858723640441895
    endloop
  endfacet
  facet normal -1 0 0
    outer loop
      vertex 112.5999984741211 61.79851150512695 14.484671592712402
      vertex 112.5999984741211 61.70117950439453 37.81743621826172
      vertex 112.5999984741211 61.91356658935547 37.42275619506836
    endloop
  endfacet
  facet normal -1 0 0
    outer loop
      vertex 112.5999984741211 31.899999618530273 2
      vertex 112.5999984741211 61.79851150512695 14.484671592712402
      vertex 112.5999984741211 61.62236022949219 14.072542190551758
    endloop
  endfacet
  facet normal -1 0 0
    outer loop
      vertex 112.5999984741211 61.79851150512695 14.484671592712402
      vertex 112.5999984741211 31.899999618530273 2
      vertex 112.5999984741211 61.70117950439453 37.81743621826172
    endloop
  endfacet
  facet normal -1 0 0
    outer loop
      vertex 112.5999984741211 31.899999618530273 2
      vertex 112.5999984741211 61.62236022949219 14.072542190551758
      vertex 112.5999984741211 61.52262496948242 13.63558292388916
    endloop
  endfacet
  facet normal -1 0 0
    outer loop
      vertex 112.5999984741211 31.899999618530273 2
      vertex 112.5999984741211 61.52262496948242 13.63558292388916
      vertex 112.5999984741211 61.50251770019531 13.187837600708008
    endloop
  endfacet
  facet normal -1 0 0
    outer loop
      vertex 112.5999984741211 31.899999618530273 52
      vertex 112.5999984741211 61.70117950439453 37.81743621826172
      vertex 112.5999984741211 31.899999618530273 2
    endloop
  endfacet
  facet normal -1 0 0
    outer loop
      vertex 112.5999984741211 66.47737121582031 39.135581970214844
      vertex 112.5999984741211 70 44.79999923706055
      vertex 112.5999984741211 66.49748229980469 38.687835693359375
    endloop
  endfacet
  facet normal -1 0 0
    outer loop
      vertex 112.5999984741211 66.37763977050781 39.572540283203125
      vertex 112.5999984741211 70 44.79999923706055
      vertex 112.5999984741211 66.47737121582031 39.135581970214844
    endloop
  endfacet
  facet normal -1 0 0
    outer loop
      vertex 112.5999984741211 66.20149230957031 39.98467254638672
      vertex 112.5999984741211 70 44.79999923706055
      vertex 112.5999984741211 66.37763977050781 39.572540283203125
    endloop
  endfacet
  facet normal -1 0 0
    outer loop
      vertex 112.5999984741211 65.95457458496094 40.35872268676758
      vertex 112.5999984741211 70 44.79999923706055
      vertex 112.5999984741211 66.20149230957031 39.98467254638672
    endloop
  endfacet
  facet normal -1 0 0
    outer loop
      vertex 112.5999984741211 65.64484405517578 40.68267822265625
      vertex 112.5999984741211 70 44.79999923706055
      vertex 112.5999984741211 65.95457458496094 40.35872268676758
    endloop
  endfacet
  facet normal -1 0 0
    outer loop
      vertex 112.5999984741211 65 44.79999923706055
      vertex 112.5999984741211 65.64484405517578 40.68267822265625
      vertex 112.5999984741211 65.2822494506836 40.94612121582031
    endloop
  endfacet
  facet normal -1 0 0
    outer loop
      vertex 112.5999984741211 65.64484405517578 40.68267822265625
      vertex 112.5999984741211 65 44.79999923706055
      vertex 112.5999984741211 70 44.79999923706055
    endloop
  endfacet
  facet normal -1 0 0
    outer loop
      vertex 112.5999984741211 64.87843322753906 41.140586853027344
      vertex 112.5999984741211 65 44.79999923706055
      vertex 112.5999984741211 65.2822494506836 40.94612121582031
    endloop
  endfacet
  facet normal -1 0 0
    outer loop
      vertex 112.5999984741211 64.44639587402344 41.259822845458984
      vertex 112.5999984741211 65 44.79999923706055
      vertex 112.5999984741211 64.87843322753906 41.140586853027344
    endloop
  endfacet
  facet normal -1 0 0
    outer loop
      vertex 112.5999984741211 64 41.29999923706055
      vertex 112.5999984741211 65 44.79999923706055
      vertex 112.5999984741211 64.44639587402344 41.259822845458984
    endloop
  endfacet
  facet normal -1 0 0
    outer loop
      vertex 112.5999984741211 63.55360794067383 41.259822845458984
      vertex 112.5999984741211 65 44.79999923706055
      vertex 112.5999984741211 64 41.29999923706055
    endloop
  endfacet
  facet normal -1 0 0
    outer loop
      vertex 112.5999984741211 63.12156295776367 41.140586853027344
      vertex 112.5999984741211 65 44.79999923706055
      vertex 112.5999984741211 63.55360794067383 41.259822845458984
    endloop
  endfacet
  facet normal -1 0 0
    outer loop
      vertex 112.5999984741211 62.717750549316406 40.94612121582031
      vertex 112.5999984741211 65 44.79999923706055
      vertex 112.5999984741211 63.12156295776367 41.140586853027344
    endloop
  endfacet
  facet normal -1 0 0
    outer loop
      vertex 112.5999984741211 62.35515213012695 40.68267822265625
      vertex 112.5999984741211 65 44.79999923706055
      vertex 112.5999984741211 62.717750549316406 40.94612121582031
    endloop
  endfacet
  facet normal -1 0 0
    outer loop
      vertex 112.5999984741211 65 44.79999923706055
      vertex 112.5999984741211 62.35515213012695 40.68267822265625
      vertex 112.5999984741211 65 52
    endloop
  endfacet
  facet normal -1 0 0
    outer loop
      vertex 112.5999984741211 62.0454216003418 40.35872268676758
      vertex 112.5999984741211 65 52
      vertex 112.5999984741211 62.35515213012695 40.68267822265625
    endloop
  endfacet
  facet normal -1 0 0
    outer loop
      vertex 112.5999984741211 31.899999618530273 52
      vertex 112.5999984741211 62.0454216003418 40.35872268676758
      vertex 112.5999984741211 61.79851150512695 39.98467254638672
    endloop
  endfacet
  facet normal -1 0 0
    outer loop
      vertex 112.5999984741211 31.899999618530273 52
      vertex 112.5999984741211 61.79851150512695 39.98467254638672
      vertex 112.5999984741211 61.62236022949219 39.572540283203125
    endloop
  endfacet
  facet normal -1 0 0
    outer loop
      vertex 112.5999984741211 61.562679290771484 38.24369812011719
      vertex 112.5999984741211 31.899999618530273 52
      vertex 112.5999984741211 61.50251770019531 38.687835693359375
    endloop
  endfacet
  facet normal -1 0 0
    outer loop
      vertex 112.5999984741211 61.50251770019531 38.687835693359375
      vertex 112.5999984741211 31.899999618530273 52
      vertex 112.5999984741211 61.52262496948242 39.135581970214844
    endloop
  endfacet
  facet normal -1 0 0
    outer loop
      vertex 112.5999984741211 61.52262496948242 39.135581970214844
      vertex 112.5999984741211 31.899999618530273 52
      vertex 112.5999984741211 61.62236022949219 39.572540283203125
    endloop
  endfacet
  facet normal -1 0 0
    outer loop
      vertex 112.5999984741211 62.0454216003418 40.35872268676758
      vertex 112.5999984741211 31.899999618530273 52
      vertex 112.5999984741211 65 52
    endloop
  endfacet
  facet normal 0 1 0
    outer loop
      vertex 114.5999984741211 70 7.299999237060547
      vertex 112.5999984741211 70 19.299999237060547
      vertex 114.5999984741211 70 19.299999237060547
    endloop
  endfacet
  facet normal 0 1 0
    outer loop
      vertex 112.5999984741211 70 19.299999237060547
      vertex 114.5999984741211 70 7.299999237060547
      vertex 112.5999984741211 70 7.299999237060547
    endloop
  endfacet
  facet normal 1 0 0
    outer loop
      vertex 116.4000015258789 68.19999694824219 44.79999923706055
      vertex 116.4000015258789 68.01337432861328 38.378177642822266
      vertex 116.4000015258789 68.19999694824219 32.79999923706055
    endloop
  endfacet
  facet normal 1 0 0
    outer loop
      vertex 116.4000015258789 68.19999694824219 44.79999923706055
      vertex 116.4000015258789 67.8484878540039 39.94697952270508
      vertex 116.4000015258789 68.01337432861328 38.378177642822266
    endloop
  endfacet
  facet normal 1 0 0
    outer loop
      vertex 116.4000015258789 68.19999694824219 44.79999923706055
      vertex 116.4000015258789 67.83797454833984 40.04703140258789
      vertex 116.4000015258789 67.8484878540039 39.94697952270508
    endloop
  endfacet
  facet normal 1 0 0
    outer loop
      vertex 116.4000015258789 68.19999694824219 44.79999923706055
      vertex 116.4000015258789 67.04924774169922 41.41313934326172
      vertex 116.4000015258789 67.83797454833984 40.04703140258789
    endloop
  endfacet
  facet normal 1 0 0
    outer loop
      vertex 116.4000015258789 68.19999694824219 44.79999923706055
      vertex 116.4000015258789 66.99894714355469 41.50026321411133
      vertex 116.4000015258789 67.04924774169922 41.41313934326172
    endloop
  endfacet
  facet normal 1 0 0
    outer loop
      vertex 116.4000015258789 68.19999694824219 44.79999923706055
      vertex 116.4000015258789 66.91755676269531 41.55939865112305
      vertex 116.4000015258789 66.99894714355469 41.50026321411133
    endloop
  endfacet
  facet normal 1 0 0
    outer loop
      vertex 116.4000015258789 68.19999694824219 44.79999923706055
      vertex 116.4000015258789 65.6413803100586 42.48659896850586
      vertex 116.4000015258789 66.91755676269531 41.55939865112305
    endloop
  endfacet
  facet normal 1 0 0
    outer loop
      vertex 116.4000015258789 64.19999694824219 44.79999923706055
      vertex 116.4000015258789 65.6413803100586 42.48659896850586
      vertex 116.4000015258789 68.19999694824219 44.79999923706055
    endloop
  endfacet
  facet normal 1 0 0
    outer loop
      vertex 116.4000015258789 65.6413803100586 42.48659896850586
      vertex 116.4000015258789 64.19999694824219 44.79999923706055
      vertex 116.4000015258789 64.19999694824219 42.792972564697266
    endloop
  endfacet
  facet normal 1 0 0
    outer loop
      vertex 116.4000015258789 67.52591705322266 36.87793731689453
      vertex 116.4000015258789 68.19999694824219 32.79999923706055
      vertex 116.4000015258789 68.01337432861328 38.378177642822266
    endloop
  endfacet
  facet normal 1 0 0
    outer loop
      vertex 116.4000015258789 67.49482727050781 36.782257080078125
      vertex 116.4000015258789 68.19999694824219 32.79999923706055
      vertex 116.4000015258789 67.52591705322266 36.87793731689453
    endloop
  endfacet
  facet normal 1 0 0
    outer loop
      vertex 116.4000015258789 66.43931579589844 35.6099853515625
      vertex 116.4000015258789 68.19999694824219 32.79999923706055
      vertex 116.4000015258789 67.49482727050781 36.782257080078125
    endloop
  endfacet
  facet normal 1 0 0
    outer loop
      vertex 116.4000015258789 66.37199401855469 35.53522491455078
      vertex 116.4000015258789 68.19999694824219 32.79999923706055
      vertex 116.4000015258789 66.43931579589844 35.6099853515625
    endloop
  endfacet
  facet normal 1 0 0
    outer loop
      vertex 116.4000015258789 66.28009033203125 35.49430465698242
      vertex 116.4000015258789 68.19999694824219 32.79999923706055
      vertex 116.4000015258789 66.37199401855469 35.53522491455078
    endloop
  endfacet
  facet normal 1 0 0
    outer loop
      vertex 116.4000015258789 64.83902740478516 34.852699279785156
      vertex 116.4000015258789 68.19999694824219 32.79999923706055
      vertex 116.4000015258789 66.28009033203125 35.49430465698242
    endloop
  endfacet
  facet normal 1 0 0
    outer loop
      vertex 116.4000015258789 64.19999694824219 32.79999923706055
      vertex 116.4000015258789 64.83902740478516 34.852699279785156
      vertex 116.4000015258789 64.19999694824219 34.852699279785156
    endloop
  endfacet
  facet normal 1 0 0
    outer loop
      vertex 116.4000015258789 64.83902740478516 34.852699279785156
      vertex 116.4000015258789 64.19999694824219 32.79999923706055
      vertex 116.4000015258789 68.19999694824219 32.79999923706055
    endloop
  endfacet
  facet normal 0 0 1
    outer loop
      vertex 116.4000015258789 68.19999694824219 44.79999923706055
      vertex 115.5999984741211 65 44.79999923706055
      vertex 116.4000015258789 64.19999694824219 44.79999923706055
    endloop
  endfacet
  facet normal 0 0 1
    outer loop
      vertex 112.5999984741211 65 44.79999923706055
      vertex 116.4000015258789 68.19999694824219 44.79999923706055
      vertex 114.5999984741211 70 44.79999923706055
    endloop
  endfacet
  facet normal 0 0 1
    outer loop
      vertex 112.5999984741211 65 44.79999923706055
      vertex 114.5999984741211 70 44.79999923706055
      vertex 112.5999984741211 70 44.79999923706055
    endloop
  endfacet
  facet normal 0 0 1
    outer loop
      vertex 116.4000015258789 68.19999694824219 44.79999923706055
      vertex 112.5999984741211 65 44.79999923706055
      vertex 115.5999984741211 65 44.79999923706055
    endloop
  endfacet
  facet normal 0 0 -1
    outer loop
      vertex 115.5999984741211 65 32.79999923706055
      vertex 116.4000015258789 68.19999694824219 32.79999923706055
      vertex 116.4000015258789 64.19999694824219 32.79999923706055
    endloop
  endfacet
  facet normal 0 0 -1
    outer loop
      vertex 112.5999984741211 65 32.79999923706055
      vertex 116.4000015258789 68.19999694824219 32.79999923706055
      vertex 115.5999984741211 65 32.79999923706055
    endloop
  endfacet
  facet normal 0 0 -1
    outer loop
      vertex 116.4000015258789 68.19999694824219 32.79999923706055
      vertex 112.5999984741211 65 32.79999923706055
      vertex 114.5999984741211 70 32.79999923706055
    endloop
  endfacet
  facet normal 0 0 -1
    outer loop
      vertex 114.5999984741211 70 32.79999923706055
      vertex 112.5999984741211 65 32.79999923706055
      vertex 112.5999984741211 70 32.79999923706055
    endloop
  endfacet
  facet normal 0 1 0
    outer loop
      vertex 114.5999984741211 70 32.79999923706055
      vertex 112.5999984741211 70 44.79999923706055
      vertex 114.5999984741211 70 44.79999923706055
    endloop
  endfacet
  facet normal 0 1 0
    outer loop
      vertex 112.5999984741211 70 44.79999923706055
      vertex 114.5999984741211 70 32.79999923706055
      vertex 112.5999984741211 70 32.79999923706055
    endloop
  endfacet
  facet normal 0.7071067811865476 0.7071067811865476 0
    outer loop
      vertex 116.4000015258789 64.19999694824219 9.352700233459473
      vertex 116.5999984741211 64 9.2454195022583
      vertex 116.4000015258789 64.19999694824219 7.299999237060547
    endloop
  endfacet
  facet normal 0.7071067811865475 0.7071067811865475 0
    outer loop
      vertex 116.5999984741211 64 5.695693492889404
      vertex 115.5999984741211 65 7.299999237060547
      vertex 116.4000015258789 64.19999694824219 7.299999237060547
    endloop
  endfacet
  facet normal 0.7071067811865475 0.7071067811865475 0
    outer loop
      vertex 115.5999984741211 65 7.299999237060547
      vertex 116.5999984741211 64 5.695693492889404
      vertex 115.5999984741211 65 4.281479358673096
    endloop
  endfacet
  facet normal 0.7071067811865475 0.7071067811865475 0
    outer loop
      vertex 116.5999984741211 64 5.695693492889404
      vertex 116.4000015258789 64.19999694824219 7.299999237060547
      vertex 116.5999984741211 64 9.2454195022583
    endloop
  endfacet
  facet normal 0.7071067811865475 0.7071067811865475 0
    outer loop
      vertex 116.5999984741211 64 34.745418548583984
      vertex 116.4000015258789 64.19999694824219 32.79999923706055
      vertex 116.4000015258789 64.19999694824219 34.852699279785156
    endloop
  endfacet
  facet normal 0.7071067811865476 0.7071067811865476 0
    outer loop
      vertex 116.4000015258789 64.19999694824219 32.79999923706055
      vertex 116.5999984741211 64 34.745418548583984
      vertex 116.4000015258789 64.19999694824219 19.299999237060547
    endloop
  endfacet
  facet normal 0.7071067811865476 0.7071067811865476 0
    outer loop
      vertex 116.4000015258789 64.19999694824219 19.299999237060547
      vertex 116.55118560791016 64.04881286621094 17.408016204833984
      vertex 116.4000015258789 64.19999694824219 17.292972564697266
    endloop
  endfacet
  facet normal 0.7071067811865475 0.7071067811865475 0
    outer loop
      vertex 116.4000015258789 64.19999694824219 19.299999237060547
      vertex 116.5999984741211 64 34.745418548583984
      vertex 116.5999984741211 64 17.445161819458008
    endloop
  endfacet
  facet normal 0.7071067811865475 0.7071067811865475 0
    outer loop
      vertex 116.4000015258789 64.19999694824219 19.299999237060547
      vertex 116.5999984741211 64 17.445161819458008
      vertex 116.55118560791016 64.04881286621094 17.408016204833984
    endloop
  endfacet
  facet normal 0.7071067811865476 0.7071067811865476 0
    outer loop
      vertex 116.55118560791016 64.04881286621094 17.408016204833984
      vertex 116.5999984741211 64 17.445161819458008
      vertex 116.5999984741211 64 17.445159912109375
    endloop
  endfacet
  facet normal 0.7071067811865475 0.7071067811865475 0
    outer loop
      vertex 116.4000015258789 64.19999694824219 32.79999923706055
      vertex 115.5999984741211 65 19.299999237060547
      vertex 115.5999984741211 65 32.79999923706055
    endloop
  endfacet
  facet normal 0.7071067811865475 0.7071067811865475 0
    outer loop
      vertex 115.5999984741211 65 19.299999237060547
      vertex 116.4000015258789 64.19999694824219 32.79999923706055
      vertex 116.4000015258789 64.19999694824219 19.299999237060547
    endloop
  endfacet
  facet normal 0.7071067811865475 0.7071067811865475 0
    outer loop
      vertex 116.5999984741211 64 49.313209533691406
      vertex 115.5999984741211 65 44.79999923706055
      vertex 115.5999984741211 65 51.0396728515625
    endloop
  endfacet
  facet normal 0.7071067811865476 0.7071067811865476 0
    outer loop
      vertex 116.4000015258789 64.19999694824219 44.79999923706055
      vertex 116.55118560791016 64.04881286621094 42.908016204833984
      vertex 116.4000015258789 64.19999694824219 42.792972564697266
    endloop
  endfacet
  facet normal 0.7071067811865476 0.7071067811865476 0
    outer loop
      vertex 115.5999984741211 65 44.79999923706055
      vertex 116.5999984741211 64 49.313209533691406
      vertex 116.4000015258789 64.19999694824219 44.79999923706055
    endloop
  endfacet
  facet normal 0.7071067811865476 0.7071067811865476 0
    outer loop
      vertex 116.5999984741211 64 42.945159912109375
      vertex 116.4000015258789 64.19999694824219 44.79999923706055
      vertex 116.5999984741211 64 49.313209533691406
    endloop
  endfacet
  facet normal 0.7071067811865476 0.7071067811865476 0
    outer loop
      vertex 116.4000015258789 64.19999694824219 44.79999923706055
      vertex 116.5999984741211 64 42.945159912109375
      vertex 116.55118560791016 64.04881286621094 42.908016204833984
    endloop
  endfacet
  facet normal 0.7071067811865475 0.7071067811865475 0
    outer loop
      vertex 116.4000015258789 68.19999694824219 19.299999237060547
      vertex 114.5999984741211 70 7.299999237060547
      vertex 114.5999984741211 70 19.299999237060547
    endloop
  endfacet
  facet normal 0.7071067811865475 0.7071067811865475 0
    outer loop
      vertex 114.5999984741211 70 7.299999237060547
      vertex 116.4000015258789 68.19999694824219 19.299999237060547
      vertex 116.4000015258789 68.19999694824219 7.299999237060547
    endloop
  endfacet
  facet normal 0.7071067811865475 0.7071067811865475 0
    outer loop
      vertex 116.4000015258789 68.19999694824219 44.79999923706055
      vertex 114.5999984741211 70 32.79999923706055
      vertex 114.5999984741211 70 44.79999923706055
    endloop
  endfacet
  facet normal 0.7071067811865475 0.7071067811865475 0
    outer loop
      vertex 114.5999984741211 70 32.79999923706055
      vertex 116.4000015258789 68.19999694824219 44.79999923706055
      vertex 116.4000015258789 68.19999694824219 32.79999923706055
    endloop
  endfacet
  facet normal 0 0 1
    outer loop
      vertex 109.39427185058594 63.98999786376953 54.48999786376953
      vertex 116.5999984741211 55.4121208190918 54.48999786376953
      vertex 114.38008880615234 63.98999786376953 54.48999786376953
    endloop
  endfacet
  facet normal 0 0 1
    outer loop
      vertex 109.39427185058594 1.2252086400985718 54.48999786376953
      vertex 116.5999984741211 55.4121208190918 54.48999786376953
      vertex 109.39427185058594 63.98999786376953 54.48999786376953
    endloop
  endfacet
  facet normal 0 0 1
    outer loop
      vertex 116.5999984741211 55.4121208190918 54.48999786376953
      vertex 109.39427185058594 1.2252086400985718 54.48999786376953
      vertex 116.5999984741211 8.430936813354492 54.48999786376953
    endloop
  endfacet
  facet normal 0 0 1
    outer loop
      vertex 108.08999633789062 63.98999786376953 54.48999786376953
      vertex 94.5 17.599998474121094 54.48999786376953
      vertex 108.08999633789062 1.152135968208313 54.48999786376953
    endloop
  endfacet
  facet normal 0 0 1
    outer loop
      vertex 108.08999633789062 63.98999786376953 54.48999786376953
      vertex 93.91421508789062 19.01421356201172 54.48999786376953
      vertex 94.5 17.599998474121094 54.48999786376953
    endloop
  endfacet
  facet normal 0 0 1
    outer loop
      vertex 88 33.900001525878906 54.48999786376953
      vertex 93.91421508789062 19.01421356201172 54.48999786376953
      vertex 108.08999633789062 63.98999786376953 54.48999786376953
    endloop
  endfacet
  facet normal 0 0 1
    outer loop
      vertex 93.91421508789062 19.01421356201172 54.48999786376953
      vertex 88 33.900001525878906 54.48999786376953
      vertex 92.5 19.599998474121094 54.48999786376953
    endloop
  endfacet
  facet normal 0 0 1
    outer loop
      vertex 92.5 19.599998474121094 54.48999786376953
      vertex 88 33.900001525878906 54.48999786376953
      vertex 91.08578491210938 19.01421356201172 54.48999786376953
    endloop
  endfacet
  facet normal 0 0 1
    outer loop
      vertex 91.08578491210938 19.01421356201172 54.48999786376953
      vertex 88 33.900001525878906 54.48999786376953
      vertex 90.5 17.599998474121094 54.48999786376953
    endloop
  endfacet
  facet normal 0 0 1
    outer loop
      vertex 108.08999633789062 63.98999786376953 54.48999786376953
      vertex 60.5 33.900001525878906 54.48999786376953
      vertex 88 33.900001525878906 54.48999786376953
    endloop
  endfacet
  facet normal 0 0 1
    outer loop
      vertex 60.5 33.900001525878906 54.48999786376953
      vertex 58 17.599998474121094 54.48999786376953
      vertex 60.5 2 54.48999786376953
    endloop
  endfacet
  facet normal 0 0 1
    outer loop
      vertex 60.5 33.900001525878906 54.48999786376953
      vertex 57.414215087890625 19.01421356201172 54.48999786376953
      vertex 58 17.599998474121094 54.48999786376953
    endloop
  endfacet
  facet normal 0 0 1
    outer loop
      vertex 60.5 33.900001525878906 54.48999786376953
      vertex 56 19.599998474121094 54.48999786376953
      vertex 57.414215087890625 19.01421356201172 54.48999786376953
    endloop
  endfacet
  facet normal 0 0 1
    outer loop
      vertex 60.5 33.900001525878906 54.48999786376953
      vertex 54.585784912109375 19.01421356201172 54.48999786376953
      vertex 56 19.599998474121094 54.48999786376953
    endloop
  endfacet
  facet normal 0 0 1
    outer loop
      vertex 36.5 16 54.48999786376953
      vertex 54.585784912109375 19.01421356201172 54.48999786376953
      vertex 60.5 33.900001525878906 54.48999786376953
    endloop
  endfacet
  facet normal 0 0 1
    outer loop
      vertex 54.585784912109375 19.01421356201172 54.48999786376953
      vertex 36.5 16 54.48999786376953
      vertex 54 17.599998474121094 54.48999786376953
    endloop
  endfacet
  facet normal 0 0 1
    outer loop
      vertex 0.7942714691162109 63.98999786376953 54.48999786376953
      vertex 36.5 16 54.48999786376953
      vertex 60.5 33.900001525878906 54.48999786376953
    endloop
  endfacet
  facet normal 0 0 1
    outer loop
      vertex 0.7942714691162109 63.98999786376953 54.48999786376953
      vertex 60.5 33.900001525878906 54.48999786376953
      vertex 108.08999633789062 63.98999786376953 54.48999786376953
    endloop
  endfacet
  facet normal 0 0 1
    outer loop
      vertex 0.7942714691162109 1.152135968208313 54.48999786376953
      vertex 16.5 16 54.48999786376953
      vertex 0.7942714691162109 63.98999786376953 54.48999786376953
    endloop
  endfacet
  facet normal 0 0 1
    outer loop
      vertex 36.5 16 54.48999786376953
      vertex 0.7942714691162109 63.98999786376953 54.48999786376953
      vertex 16.5 16 54.48999786376953
    endloop
  endfacet
  facet normal 0 0 1
    outer loop
      vertex 93.91421508789062 16.185787200927734 54.48999786376953
      vertex 108.08999633789062 1.152135968208313 54.48999786376953
      vertex 94.5 17.599998474121094 54.48999786376953
    endloop
  endfacet
  facet normal 0 0 1
    outer loop
      vertex 88 2 54.48999786376953
      vertex 93.91421508789062 16.185787200927734 54.48999786376953
      vertex 92.5 15.59999942779541 54.48999786376953
    endloop
  endfacet
  facet normal 0 0 1
    outer loop
      vertex 88 2 54.48999786376953
      vertex 92.5 15.59999942779541 54.48999786376953
      vertex 91.08578491210938 16.185787200927734 54.48999786376953
    endloop
  endfacet
  facet normal 0 0 1
    outer loop
      vertex 88 2 54.48999786376953
      vertex 90.5 17.599998474121094 54.48999786376953
      vertex 88 33.900001525878906 54.48999786376953
    endloop
  endfacet
  facet normal 0 0 1
    outer loop
      vertex 88 2 54.48999786376953
      vertex 91.08578491210938 16.185787200927734 54.48999786376953
      vertex 90.5 17.599998474121094 54.48999786376953
    endloop
  endfacet
  facet normal 0 0 1
    outer loop
      vertex 93.91421508789062 16.185787200927734 54.48999786376953
      vertex 88 2 54.48999786376953
      vertex 108.08999633789062 1.152135968208313 54.48999786376953
    endloop
  endfacet
  facet normal 0 0 1
    outer loop
      vertex 60.5 2 54.48999786376953
      vertex 108.08999633789062 1.152135968208313 54.48999786376953
      vertex 88 2 54.48999786376953
    endloop
  endfacet
  facet normal 0 0 1
    outer loop
      vertex 57.414215087890625 16.185787200927734 54.48999786376953
      vertex 60.5 2 54.48999786376953
      vertex 58 17.599998474121094 54.48999786376953
    endloop
  endfacet
  facet normal 0 0 1
    outer loop
      vertex 56 15.59999942779541 54.48999786376953
      vertex 60.5 2 54.48999786376953
      vertex 57.414215087890625 16.185787200927734 54.48999786376953
    endloop
  endfacet
  facet normal 0 0 1
    outer loop
      vertex 54.585784912109375 16.185787200927734 54.48999786376953
      vertex 60.5 2 54.48999786376953
      vertex 56 15.59999942779541 54.48999786376953
    endloop
  endfacet
  facet normal 0 0 1
    outer loop
      vertex 36.5 16 54.48999786376953
      vertex 54.585784912109375 16.185787200927734 54.48999786376953
      vertex 54 17.599998474121094 54.48999786376953
    endloop
  endfacet
  facet normal 0 0 1
    outer loop
      vertex 36.5 2 54.48999786376953
      vertex 54.585784912109375 16.185787200927734 54.48999786376953
      vertex 36.5 16 54.48999786376953
    endloop
  endfacet
  facet normal 0 0 1
    outer loop
      vertex 54.585784912109375 16.185787200927734 54.48999786376953
      vertex 36.5 2 54.48999786376953
      vertex 60.5 2 54.48999786376953
    endloop
  endfacet
  facet normal 0 0 1
    outer loop
      vertex 36.5 2 54.48999786376953
      vertex 108.08999633789062 1.152135968208313 54.48999786376953
      vertex 60.5 2 54.48999786376953
    endloop
  endfacet
  facet normal 0 0 1
    outer loop
      vertex 0.7942714691162109 1.152135968208313 54.48999786376953
      vertex 36.5 2 54.48999786376953
      vertex 16.5 2 54.48999786376953
    endloop
  endfacet
  facet normal 0 0 1
    outer loop
      vertex 36.5 2 54.48999786376953
      vertex 0.7942714691162109 1.152135968208313 54.48999786376953
      vertex 108.08999633789062 1.152135968208313 54.48999786376953
    endloop
  endfacet
  facet normal 0 0 1
    outer loop
      vertex 16.5 16 54.48999786376953
      vertex 0.7942714691162109 1.152135968208313 54.48999786376953
      vertex 16.5 2 54.48999786376953
    endloop
  endfacet
  facet normal 0 0 -1
    outer loop
      vertex 24.5 1.1421356201171875 -0.45999908447265625
      vertex 20 2.5 -0.45999908447265625
      vertex 24.5 2.5 -0.45999908447265625
    endloop
  endfacet
  facet normal 0 0 -1
    outer loop
      vertex 24.5 1.1421356201171875 -0.45999908447265625
      vertex 18.08658218383789 2.8806018829345703 -0.45999908447265625
      vertex 20 2.5 -0.45999908447265625
    endloop
  endfacet
  facet normal 0 0 -1
    outer loop
      vertex 15.38060188293457 5.586582183837891 -0.45999908447265625
      vertex 4.2377956788186566e-7 1.1421356201171875 -0.45999908447265625
      vertex 15 7.5 -0.45999908447265625
    endloop
  endfacet
  facet normal 0 0 -1
    outer loop
      vertex 16.464466094970703 3.9644651412963867 -0.45999908447265625
      vertex 4.2377956788186566e-7 1.1421356201171875 -0.45999908447265625
      vertex 15.38060188293457 5.586582183837891 -0.45999908447265625
    endloop
  endfacet
  facet normal 0 0 -1
    outer loop
      vertex 18.08658218383789 2.8806018829345703 -0.45999908447265625
      vertex 4.2377956788186566e-7 1.1421356201171875 -0.45999908447265625
      vertex 16.464466094970703 3.9644651412963867 -0.45999908447265625
    endloop
  endfacet
  facet normal 0 0 -1
    outer loop
      vertex 4.2377956788186566e-7 1.1421356201171875 -0.45999908447265625
      vertex 18.08658218383789 2.8806018829345703 -0.45999908447265625
      vertex 24.5 1.1421356201171875 -0.45999908447265625
    endloop
  endfacet
  facet normal 0 0 -1
    outer loop
      vertex 24.5 12.5 -0.45999908447265625
      vertex 24.489999771118164 64 -0.45999908447265625
      vertex 24.5 65 -0.45999908447265625
    endloop
  endfacet
  facet normal 0 0 -1
    outer loop
      vertex 20 12.5 -0.45999908447265625
      vertex 24.489999771118164 64 -0.45999908447265625
      vertex 24.5 12.5 -0.45999908447265625
    endloop
  endfacet
  facet normal 0 0 -1
    outer loop
      vertex 18.08658218383789 12.119397163391113 -0.45999908447265625
      vertex 24.489999771118164 64 -0.45999908447265625
      vertex 20 12.5 -0.45999908447265625
    endloop
  endfacet
  facet normal 0 0 -1
    outer loop
      vertex 0 64 -0.45999908447265625
      vertex 18.08658218383789 12.119397163391113 -0.45999908447265625
      vertex 16.464466094970703 11.035533905029297 -0.45999908447265625
    endloop
  endfacet
  facet normal 0 0 -1
    outer loop
      vertex 0 1.1421360969543457 -0.45999908447265625
      vertex 16.464466094970703 11.035533905029297 -0.45999908447265625
      vertex 15.38060188293457 9.413416862487793 -0.45999908447265625
    endloop
  endfacet
  facet normal 0 0 -1
    outer loop
      vertex 0 1.1421360969543457 -0.45999908447265625
      vertex 15.38060188293457 9.413416862487793 -0.45999908447265625
      vertex 15 7.5 -0.45999908447265625
    endloop
  endfacet
  facet normal 0 0 -1
    outer loop
      vertex 0 1.1421360969543457 -0.45999908447265625
      vertex 15 7.5 -0.45999908447265625
      vertex 4.2377956788186566e-7 1.1421356201171875 -0.45999908447265625
    endloop
  endfacet
  facet normal 0 0 -1
    outer loop
      vertex 16.464466094970703 11.035533905029297 -0.45999908447265625
      vertex 0 1.1421360969543457 -0.45999908447265625
      vertex 0 64 -0.45999908447265625
    endloop
  endfacet
  facet normal 0 0 -1
    outer loop
      vertex 18.08658218383789 12.119397163391113 -0.45999908447265625
      vertex 0 64 -0.45999908447265625
      vertex 24.489999771118164 64 -0.45999908447265625
    endloop
  endfacet
  facet normal 0 0 -1
    outer loop
      vertex 24.5 65 -0.45999908447265625
      vertex 24.489999771118164 64 -0.45999908447265625
      vertex 24.489999771118164 65 -0.45999908447265625
    endloop
  endfacet
  facet normal 0 0 -1
    outer loop
      vertex 38 1.1421356201171875 -0.45999908447265625
      vertex 59.5 6 -0.45999908447265625
      vertex 59.5 1.1421356201171875 -0.45999908447265625
    endloop
  endfacet
  facet normal 0 0 -1
    outer loop
      vertex 59.5 6 -0.45999908447265625
      vertex 38 1.1421356201171875 -0.45999908447265625
      vertex 38.0099983215332 64 -0.45999908447265625
    endloop
  endfacet
  facet normal 0 0 -1
    outer loop
      vertex 38 65 -0.45999908447265625
      vertex 38.0099983215332 64 -0.45999908447265625
      vertex 38 1.1421356201171875 -0.45999908447265625
    endloop
  endfacet
  facet normal 0 0 -1
    outer loop
      vertex 38.0099983215332 64 -0.45999908447265625
      vertex 38 65 -0.45999908447265625
      vertex 38.0099983215332 65 -0.45999908447265625
    endloop
  endfacet
  facet normal 0 0 -1
    outer loop
      vertex 73.4000015258789 6 -0.45999908447265625
      vertex 73.38999938964844 64 -0.45999908447265625
      vertex 73.4000015258789 65 -0.45999908447265625
    endloop
  endfacet
  facet normal 0 0 -1
    outer loop
      vertex 59.5 6 -0.45999908447265625
      vertex 73.38999938964844 64 -0.45999908447265625
      vertex 73.4000015258789 6 -0.45999908447265625
    endloop
  endfacet
  facet normal 0 0 -1
    outer loop
      vertex 73.38999938964844 64 -0.45999908447265625
      vertex 59.5 6 -0.45999908447265625
      vertex 38.0099983215332 64 -0.45999908447265625
    endloop
  endfacet
  facet normal 0 0 -1
    outer loop
      vertex 73.4000015258789 65 -0.45999908447265625
      vertex 73.38999938964844 64 -0.45999908447265625
      vertex 73.38999938964844 65 -0.45999908447265625
    endloop
  endfacet
  facet normal 0 0 -1
    outer loop
      vertex 92.5 6 -0.45999908447265625
      vertex 108.0999984741211 1.1421356201171875 -0.45999908447265625
      vertex 92.5 1.1421356201171875 -0.45999908447265625
    endloop
  endfacet
  facet normal 0 0 -1
    outer loop
      vertex 108.0999984741211 1.1421356201171875 -0.45999908447265625
      vertex 92.5 6 -0.45999908447265625
      vertex 108.0999984741211 64 -0.45999908447265625
    endloop
  endfacet
  facet normal 0 0 -1
    outer loop
      vertex 92.5 6 -0.45999908447265625
      vertex 87.41000366210938 64 -0.45999908447265625
      vertex 108.0999984741211 64 -0.45999908447265625
    endloop
  endfacet
  facet normal 0 0 -1
    outer loop
      vertex 87.4000015258789 6 -0.45999908447265625
      vertex 87.41000366210938 64 -0.45999908447265625
      vertex 92.5 6 -0.45999908447265625
    endloop
  endfacet
  facet normal 0 0 -1
    outer loop
      vertex 87.4000015258789 65 -0.45999908447265625
      vertex 87.41000366210938 64 -0.45999908447265625
      vertex 87.4000015258789 6 -0.45999908447265625
    endloop
  endfacet
  facet normal 0 0 -1
    outer loop
      vertex 87.41000366210938 64 -0.45999908447265625
      vertex 87.4000015258789 65 -0.45999908447265625
      vertex 87.41000366210938 65 -0.45999908447265625
    endloop
  endfacet
  facet normal 0 0 -1
    outer loop
      vertex 109.38426971435547 1.1505368947982788 -0.45999908447265625
      vertex 116.5999984741211 55.462772369384766 -0.45999908447265625
      vertex 116.5999984741211 8.366266250610352 -0.45999908447265625
    endloop
  endfacet
  facet normal 0 0 -1
    outer loop
      vertex 116.5999984741211 55.462772369384766 -0.45999908447265625
      vertex 109.38426971435547 1.1505368947982788 -0.45999908447265625
      vertex 109.38426971435547 64 -0.45999908447265625
    endloop
  endfacet
  facet normal 0 0 -1
    outer loop
      vertex 116.5999984741211 55.462772369384766 -0.45999908447265625
      vertex 109.38426971435547 64 -0.45999908447265625
      vertex 113.71711730957031 64 -0.45999908447265625
    endloop
  endfacet
  facet normal -1 0 0
    outer loop
      vertex 0 30 53.47999954223633
      vertex 0 64.5 53.97999954223633
      vertex 0 65 53.47999954223633
    endloop
  endfacet
  facet normal -1 0 0
    outer loop
      vertex 0 30 53.779998779296875
      vertex 0 64.5 53.97999954223633
      vertex 0 30 53.47999954223633
    endloop
  endfacet
  facet normal -1 0 0
    outer loop
      vertex 0 1.1421360969543457 53.97999954223633
      vertex 0 30 53.779998779296875
      vertex 0 1.1421360969543457 53.779998779296875
    endloop
  endfacet
  facet normal -1 0 0
    outer loop
      vertex 0 30 53.779998779296875
      vertex 0 1.1421360969543457 53.97999954223633
      vertex 0 64.5 53.97999954223633
    endloop
  endfacet
  facet normal -1 0 0
    outer loop
      vertex 0 31.899999618530273 2
      vertex 0 30 2
      vertex 0 31.899999618530273 12
    endloop
  endfacet
  facet normal -1 0 0
    outer loop
      vertex 0 33 12
      vertex 0 31.899999618530273 12
      vertex 0 33 19
    endloop
  endfacet
  facet normal -1 0 0
    outer loop
      vertex 0 33 19
      vertex 0 38 51.02000045776367
      vertex 0 38 19
    endloop
  endfacet
  facet normal -1 0 0
    outer loop
      vertex 0 30 51.02000045776367
      vertex 0 33 19
      vertex 0 31.899999618530273 12
    endloop
  endfacet
  facet normal -1 0 0
    outer loop
      vertex 0 30 51.02000045776367
      vertex 0 31.899999618530273 12
      vertex 0 30 2
    endloop
  endfacet
  facet normal -1 0 0
    outer loop
      vertex 0 33 19
      vertex 0 30 51.02000045776367
      vertex 0 38 51.02000045776367
    endloop
  endfacet
  facet normal -1 0 0
    outer loop
      vertex 0 1.1421360969543457 0
      vertex 0 64 -0.45999908447265625
      vertex 0 1.1421360969543457 -0.45999908447265625
    endloop
  endfacet
  facet normal -1 0 0
    outer loop
      vertex 0 64 -0.45999908447265625
      vertex 0 1.1421360969543457 0
      vertex 0 64.45999908447266 0
    endloop
  endfacet
  facet normal -1 0 0
    outer loop
      vertex 0 40 19
      vertex 0 38 19
      vertex 0 40 51
    endloop
  endfacet
  facet normal -1 0 0
    outer loop
      vertex 0 48.599998474121094 51
      vertex 0 40 51
      vertex 0 48.599998474121094 52
    endloop
  endfacet
  facet normal -1 0 0
    outer loop
      vertex 0 48.599998474121094 52
      vertex 0 58 52.29999923706055
      vertex 0 58 52
    endloop
  endfacet
  facet normal -1 0 0
    outer loop
      vertex 0 38 51.02000045776367
      vertex 0 40 51
      vertex 0 38 19
    endloop
  endfacet
  facet normal -1 0 0
    outer loop
      vertex 0 38 52.29999923706055
      vertex 0 40 51
      vertex 0 38 51.02000045776367
    endloop
  endfacet
  facet normal -1 0 0
    outer loop
      vertex 0 48.599998474121094 52
      vertex 0 38 52.29999923706055
      vertex 0 58 52.29999923706055
    endloop
  endfacet
  facet normal -1 0 0
    outer loop
      vertex 0 40 51
      vertex 0 38 52.29999923706055
      vertex 0 48.599998474121094 52
    endloop
  endfacet
  facet normal 0 1 0
    outer loop
      vertex 24.5 65 2
      vertex 24.489999771118164 65 0.5400002598762512
      vertex -1.5999994277954102 65 2
    endloop
  endfacet
  facet normal 0 1 0
    outer loop
      vertex 24.5 65 -0.45999908447265625
      vertex 24.489999771118164 65 0.5400002598762512
      vertex 24.5 65 2
    endloop
  endfacet
  facet normal 0 1 0
    outer loop
      vertex 24.489999771118164 65 0.5400002598762512
      vertex 24.5 65 -0.45999908447265625
      vertex 24.489999771118164 65 -0.45999908447265625
    endloop
  endfacet
  facet normal 0 1 0
    outer loop
      vertex -1.5999994277954102 65 2
      vertex 24.489999771118164 65 0.5400002598762512
      vertex -1.5999994277954102 65 0.5400002598762512
    endloop
  endfacet
  facet normal 0 1 0
    outer loop
      vertex 73.4000015258789 65 2
      vertex 73.38999938964844 65 0.5400002598762512
      vertex 38 65 2
    endloop
  endfacet
  facet normal 0 1 0
    outer loop
      vertex 73.4000015258789 65 -0.45999908447265625
      vertex 73.38999938964844 65 0.5400002598762512
      vertex 73.4000015258789 65 2
    endloop
  endfacet
  facet normal 0 1 0
    outer loop
      vertex 73.38999938964844 65 0.5400002598762512
      vertex 73.4000015258789 65 -0.45999908447265625
      vertex 73.38999938964844 65 -0.45999908447265625
    endloop
  endfacet
  facet normal 0 1 0
    outer loop
      vertex 38.0099983215332 65 0.5400002598762512
      vertex 38 65 2
      vertex 73.38999938964844 65 0.5400002598762512
    endloop
  endfacet
  facet normal 0 1 0
    outer loop
      vertex 38 65 -0.45999908447265625
      vertex 38.0099983215332 65 0.5400002598762512
      vertex 38.0099983215332 65 -0.45999908447265625
    endloop
  endfacet
  facet normal 0 1 0
    outer loop
      vertex 38.0099983215332 65 0.5400002598762512
      vertex 38 65 -0.45999908447265625
      vertex 38 65 2
    endloop
  endfacet
  facet normal 0 1 0
    outer loop
      vertex 115.5999984741211 65 4.281479358673096
      vertex 112.5999984741211 65 7.299999237060547
      vertex 115.5999984741211 65 7.299999237060547
    endloop
  endfacet
  facet normal 0 1 0
    outer loop
      vertex 115.5999984741211 65 4.281479358673096
      vertex 112.5999984741211 65 2
      vertex 112.5999984741211 65 7.299999237060547
    endloop
  endfacet
  facet normal 0 1 0
    outer loop
      vertex 114.04866027832031 65 0.9689842462539673
      vertex 112.5999984741211 65 2
      vertex 115.5999984741211 65 4.281479358673096
    endloop
  endfacet
  facet normal 0 1 0
    outer loop
      vertex 113.8477554321289 65 0.5400002598762512
      vertex 112.5999984741211 65 2
      vertex 114.04866027832031 65 0.9689842462539673
    endloop
  endfacet
  facet normal 0 1 0
    outer loop
      vertex 87.41000366210938 65 0.5400002598762512
      vertex 112.5999984741211 65 2
      vertex 113.8477554321289 65 0.5400002598762512
    endloop
  endfacet
  facet normal 0 1 0
    outer loop
      vertex 112.5999984741211 65 2
      vertex 87.41000366210938 65 0.5400002598762512
      vertex 87.4000015258789 65 2
    endloop
  endfacet
  facet normal 0 1 0
    outer loop
      vertex 87.4000015258789 65 -0.45999908447265625
      vertex 87.41000366210938 65 0.5400002598762512
      vertex 87.41000366210938 65 -0.45999908447265625
    endloop
  endfacet
  facet normal 0 1 0
    outer loop
      vertex 87.41000366210938 65 0.5400002598762512
      vertex 87.4000015258789 65 -0.45999908447265625
      vertex 87.4000015258789 65 2
    endloop
  endfacet
  facet normal 0 1 0
    outer loop
      vertex 114.55231475830078 65 53.47999954223633
      vertex 112.5999984741211 65 52
      vertex 107.62000274658203 65 52.02000045776367
    endloop
  endfacet
  facet normal 0 1 0
    outer loop
      vertex 115.5999984741211 65 51.0396728515625
      vertex 112.5999984741211 65 52
      vertex 114.74854278564453 65 53.0229377746582
    endloop
  endfacet
  facet normal 0 1 0
    outer loop
      vertex 112.5999984741211 65 44.79999923706055
      vertex 115.5999984741211 65 51.0396728515625
      vertex 115.5999984741211 65 44.79999923706055
    endloop
  endfacet
  facet normal 0 1 0
    outer loop
      vertex 115.5999984741211 65 51.0396728515625
      vertex 112.5999984741211 65 44.79999923706055
      vertex 112.5999984741211 65 52
    endloop
  endfacet
  facet normal 0 1 0
    outer loop
      vertex 107.62000274658203 65 52.02000045776367
      vertex 0 65 53.47999954223633
      vertex 114.55231475830078 65 53.47999954223633
    endloop
  endfacet
  facet normal 0 1 0
    outer loop
      vertex 112.5999984741211 65 52
      vertex 114.55231475830078 65 53.47999954223633
      vertex 114.74854278564453 65 53.0229377746582
    endloop
  endfacet
  facet normal 0 1 0
    outer loop
      vertex 3 65 52.02000045776367
      vertex 0 65 53.47999954223633
      vertex 107.62000274658203 65 52.02000045776367
    endloop
  endfacet
  facet normal 0 1 0
    outer loop
      vertex 3 65 52
      vertex 0 65 53.47999954223633
      vertex 3 65 52.02000045776367
    endloop
  endfacet
  facet normal 0 1 0
    outer loop
      vertex 0 65 53.47999954223633
      vertex 3 65 52
      vertex -1.5999994277954102 65 52
    endloop
  endfacet
  facet normal 0 1 0
    outer loop
      vertex 0 65 53.47999954223633
      vertex -1.5999994277954102 65 52
      vertex -1.5999994277954102 65 53.47999954223633
    endloop
  endfacet
  facet normal 0 1 0
    outer loop
      vertex 107.62000274658203 65 52.02000045776367
      vertex 112.5999984741211 65 52
      vertex 107.62000274658203 65 52
    endloop
  endfacet
  facet normal 0 1 0
    outer loop
      vertex 115.5999984741211 65 19.299999237060547
      vertex 112.5999984741211 65 32.79999923706055
      vertex 115.5999984741211 65 32.79999923706055
    endloop
  endfacet
  facet normal 0 1 0
    outer loop
      vertex 112.5999984741211 65 32.79999923706055
      vertex 115.5999984741211 65 19.299999237060547
      vertex 112.5999984741211 65 19.299999237060547
    endloop
  endfacet
  facet normal 1 0 0
    outer loop
      vertex 38 65 -0.45999908447265625
      vertex 38 71 -0.45999962091445923
      vertex 38 71 2
    endloop
  endfacet
  facet normal 1 0 0
    outer loop
      vertex 38 65 -0.45999908447265625
      vertex 38 71 2
      vertex 38 65 2
    endloop
  endfacet
  facet normal 1 0 0
    outer loop
      vertex 38 71 -0.45999962091445923
      vertex 38 65 -0.45999908447265625
      vertex 38 67.95999908447266 -3.5
    endloop
  endfacet
  facet normal 1 0 0
    outer loop
      vertex 38 65 -0.45999908447265625
      vertex 38 4.182136535644531 -3.5
      vertex 38 67.95999908447266 -3.5
    endloop
  endfacet
  facet normal 1 0 0
    outer loop
      vertex 38 4.182136535644531 -3.5
      vertex 38 65 -0.45999908447265625
      vertex 38 1.1421356201171875 -0.45999908447265625
    endloop
  endfacet
  facet normal 0 0 1
    outer loop
      vertex 31.838260650634766 65.48628997802734 2
      vertex 38 65 2
      vertex 38 71 2
    endloop
  endfacet
  facet normal 0 0 1
    outer loop
      vertex 38 65 2
      vertex 33.6193962097168 9.413416862487793 2
      vertex 34 7.5 2
    endloop
  endfacet
  facet normal 0 0 1
    outer loop
      vertex 31.838260650634766 62.513710021972656 2
      vertex 38 65 2
      vertex 32.327091217041016 63.186527252197266 2
    endloop
  endfacet
  facet normal 0 0 1
    outer loop
      vertex 38 65 2
      vertex 32.5 64 2
      vertex 32.327091217041016 63.186527252197266 2
    endloop
  endfacet
  facet normal 0 0 1
    outer loop
      vertex 38 65 2
      vertex 32.327091217041016 64.8134765625 2
      vertex 32.5 64 2
    endloop
  endfacet
  facet normal 0 0 1
    outer loop
      vertex 38 65 2
      vertex 31.838260650634766 65.48628997802734 2
      vertex 32.327091217041016 64.8134765625 2
    endloop
  endfacet
  facet normal 0 0 1
    outer loop
      vertex 38 71 2
      vertex 31.11803436279297 65.90211486816406 2
      vertex 31.838260650634766 65.48628997802734 2
    endloop
  endfacet
  facet normal 0 0 1
    outer loop
      vertex 38 71 2
      vertex 30.290943145751953 65.98904418945312 2
      vertex 31.11803436279297 65.90211486816406 2
    endloop
  endfacet
  facet normal 0 0 1
    outer loop
      vertex 24.5 71 2
      vertex 30.290943145751953 65.98904418945312 2
      vertex 38 71 2
    endloop
  endfacet
  facet normal 0 0 1
    outer loop
      vertex 28.88196563720703 65.17556762695312 2
      vertex 24.5 65 2
      vertex 28.543704986572266 64.41582489013672 2
    endloop
  endfacet
  facet normal 0 0 1
    outer loop
      vertex 24.5 65 2
      vertex 28.88196563720703 65.17556762695312 2
      vertex 24.5 71 2
    endloop
  endfacet
  facet normal 0 0 1
    outer loop
      vertex 29.5 65.73204803466797 2
      vertex 24.5 71 2
      vertex 28.88196563720703 65.17556762695312 2
    endloop
  endfacet
  facet normal 0 0 1
    outer loop
      vertex 30.290943145751953 65.98904418945312 2
      vertex 24.5 71 2
      vertex 29.5 65.73204803466797 2
    endloop
  endfacet
  facet normal 0 0 1
    outer loop
      vertex 38 65 2
      vertex 32.5355339050293 11.035533905029297 2
      vertex 33.6193962097168 9.413416862487793 2
    endloop
  endfacet
  facet normal 0 0 1
    outer loop
      vertex 31.11803436279297 62.09788513183594 2
      vertex 38 65 2
      vertex 31.838260650634766 62.513710021972656 2
    endloop
  endfacet
  facet normal 0 0 1
    outer loop
      vertex 38 65 2
      vertex 31.11803436279297 62.09788513183594 2
      vertex 30.91341781616211 12.119397163391113 2
    endloop
  endfacet
  facet normal 0 0 1
    outer loop
      vertex 38 65 2
      vertex 30.91341781616211 12.119397163391113 2
      vertex 32.5355339050293 11.035533905029297 2
    endloop
  endfacet
  facet normal 0 0 1
    outer loop
      vertex 29 12.5 2
      vertex 31.11803436279297 62.09788513183594 2
      vertex 30.290943145751953 62.010955810546875 2
    endloop
  endfacet
  facet normal 0 0 1
    outer loop
      vertex 3 31.899999618530273 2
      vertex 30.290943145751953 62.010955810546875 2
      vertex 29.5 62.267948150634766 2
    endloop
  endfacet
  facet normal 0 0 1
    outer loop
      vertex 31.11803436279297 62.09788513183594 2
      vertex 29 12.5 2
      vertex 30.91341781616211 12.119397163391113 2
    endloop
  endfacet
  facet normal 0 0 1
    outer loop
      vertex 24.5 65 2
      vertex 29.5 62.267948150634766 2
      vertex 28.88196563720703 62.82442855834961 2
    endloop
  endfacet
  facet normal 0 0 1
    outer loop
      vertex 24.5 65 2
      vertex 28.88196563720703 62.82442855834961 2
      vertex 28.543704986572266 63.58417510986328 2
    endloop
  endfacet
  facet normal 0 0 1
    outer loop
      vertex 28.543704986572266 64.41582489013672 2
      vertex 24.5 65 2
      vertex 28.543704986572266 63.58417510986328 2
    endloop
  endfacet
  facet normal 0 0 1
    outer loop
      vertex 29.5 62.267948150634766 2
      vertex 24.5 65 2
      vertex 3 31.899999618530273 2
    endloop
  endfacet
  facet normal 0 0 1
    outer loop
      vertex 30.290943145751953 62.010955810546875 2
      vertex 3 31.899999618530273 2
      vertex 29 12.5 2
    endloop
  endfacet
  facet normal 0 0 1
    outer loop
      vertex 29 12.5 2
      vertex 3 31.899999618530273 2
      vertex 20 12.5 2
    endloop
  endfacet
  facet normal 0 0 1
    outer loop
      vertex 20 12.5 2
      vertex 3 31.899999618530273 2
      vertex 18.08658218383789 12.119397163391113 2
    endloop
  endfacet
  facet normal 0 0 1
    outer loop
      vertex 18.08658218383789 12.119397163391113 2
      vertex 3 31.899999618530273 2
      vertex 16.464466094970703 11.035533905029297 2
    endloop
  endfacet
  facet normal 0 0 1
    outer loop
      vertex 16.464466094970703 11.035533905029297 2
      vertex 3 31.899999618530273 2
      vertex 15.38060188293457 9.413416862487793 2
    endloop
  endfacet
  facet normal 0 0 1
    outer loop
      vertex 3 2 2
      vertex 15.38060188293457 9.413416862487793 2
      vertex 3 31.899999618530273 2
    endloop
  endfacet
  facet normal 0 0 1
    outer loop
      vertex -1.5999994277954102 65 2
      vertex 3 31.899999618530273 2
      vertex 24.5 65 2
    endloop
  endfacet
  facet normal 0 0 1
    outer loop
      vertex 3 31.899999618530273 2
      vertex -1.5999994277954102 65 2
      vertex 0 31.899999618530273 2
    endloop
  endfacet
  facet normal 0 0 1
    outer loop
      vertex 0 31.899999618530273 2
      vertex -1.5999994277954102 65 2
      vertex -1.5999994277954102 31.899999618530273 2
    endloop
  endfacet
  facet normal 0 0 1
    outer loop
      vertex 81.53826141357422 65.48628997802734 2
      vertex 87.4000015258789 65 2
      vertex 87.4000015258789 71 2
    endloop
  endfacet
  facet normal 0 0 1
    outer loop
      vertex 87.4000015258789 65 2
      vertex 82.02709197998047 64.8134765625 2
      vertex 82.19999694824219 64 2
    endloop
  endfacet
  facet normal 0 0 1
    outer loop
      vertex 87.4000015258789 65 2
      vertex 81.53826141357422 65.48628997802734 2
      vertex 82.02709197998047 64.8134765625 2
    endloop
  endfacet
  facet normal 0 0 1
    outer loop
      vertex 87.4000015258789 71 2
      vertex 80.81803131103516 65.90211486816406 2
      vertex 81.53826141357422 65.48628997802734 2
    endloop
  endfacet
  facet normal 0 0 1
    outer loop
      vertex 87.4000015258789 71 2
      vertex 79.9909439086914 65.98904418945312 2
      vertex 80.81803131103516 65.90211486816406 2
    endloop
  endfacet
  facet normal 0 0 1
    outer loop
      vertex 73.4000015258789 71 2
      vertex 79.9909439086914 65.98904418945312 2
      vertex 87.4000015258789 71 2
    endloop
  endfacet
  facet normal 0 0 1
    outer loop
      vertex 78.58196258544922 65.17556762695312 2
      vertex 73.4000015258789 65 2
      vertex 78.24370574951172 64.41582489013672 2
    endloop
  endfacet
  facet normal 0 0 1
    outer loop
      vertex 73.4000015258789 65 2
      vertex 78.58196258544922 65.17556762695312 2
      vertex 73.4000015258789 71 2
    endloop
  endfacet
  facet normal 0 0 1
    outer loop
      vertex 79.19999694824219 65.73204803466797 2
      vertex 73.4000015258789 71 2
      vertex 78.58196258544922 65.17556762695312 2
    endloop
  endfacet
  facet normal 0 0 1
    outer loop
      vertex 79.9909439086914 65.98904418945312 2
      vertex 73.4000015258789 71 2
      vertex 79.19999694824219 65.73204803466797 2
    endloop
  endfacet
  facet normal 0 0 1
    outer loop
      vertex 112.5999984741211 65 2
      vertex 107.62000274658203 31.899999618530273 2
      vertex 112.5999984741211 31.899999618530273 2
    endloop
  endfacet
  facet normal 0 0 1
    outer loop
      vertex 81.53826141357422 62.513710021972656 2
      vertex 107.62000274658203 31.899999618530273 2
      vertex 87.4000015258789 65 2
    endloop
  endfacet
  facet normal 0 0 1
    outer loop
      vertex 87.4000015258789 65 2
      vertex 107.62000274658203 31.899999618530273 2
      vertex 112.5999984741211 65 2
    endloop
  endfacet
  facet normal 0 0 1
    outer loop
      vertex 107.62000274658203 24.979999542236328 2
      vertex 112.5999984741211 2 2
      vertex 112.5999984741211 20 2
    endloop
  endfacet
  facet normal 0 0 1
    outer loop
      vertex 80.81803131103516 62.09788513183594 2
      vertex 107.62000274658203 31.899999618530273 2
      vertex 81.53826141357422 62.513710021972656 2
    endloop
  endfacet
  facet normal 0 0 1
    outer loop
      vertex 82.02709197998047 63.186527252197266 2
      vertex 87.4000015258789 65 2
      vertex 82.19999694824219 64 2
    endloop
  endfacet
  facet normal 0 0 1
    outer loop
      vertex 81.53826141357422 62.513710021972656 2
      vertex 87.4000015258789 65 2
      vertex 82.02709197998047 63.186527252197266 2
    endloop
  endfacet
  facet normal 0 0 1
    outer loop
      vertex 79.9909439086914 62.010955810546875 2
      vertex 107.62000274658203 31.899999618530273 2
      vertex 80.81803131103516 62.09788513183594 2
    endloop
  endfacet
  facet normal 0 0 1
    outer loop
      vertex 107.62000274658203 31.899999618530273 2
      vertex 79.9909439086914 62.010955810546875 2
      vertex 107.62000274658203 24.979999542236328 2
    endloop
  endfacet
  facet normal 0 0 1
    outer loop
      vertex 34 7.5 2
      vertex 107.62000274658203 24.979999542236328 2
      vertex 79.9909439086914 62.010955810546875 2
    endloop
  endfacet
  facet normal 0 0 1
    outer loop
      vertex 34 7.5 2
      vertex 79.9909439086914 62.010955810546875 2
      vertex 79.19999694824219 62.267948150634766 2
    endloop
  endfacet
  facet normal 0 0 1
    outer loop
      vertex 73.4000015258789 65 2
      vertex 79.19999694824219 62.267948150634766 2
      vertex 78.58196258544922 62.82442855834961 2
    endloop
  endfacet
  facet normal 0 0 1
    outer loop
      vertex 78.24370574951172 64.41582489013672 2
      vertex 73.4000015258789 65 2
      vertex 78.24370574951172 63.58417510986328 2
    endloop
  endfacet
  facet normal 0 0 1
    outer loop
      vertex 78.24370574951172 63.58417510986328 2
      vertex 73.4000015258789 65 2
      vertex 78.58196258544922 62.82442855834961 2
    endloop
  endfacet
  facet normal 0 0 1
    outer loop
      vertex 79.19999694824219 62.267948150634766 2
      vertex 73.4000015258789 65 2
      vertex 34 7.5 2
    endloop
  endfacet
  facet normal 0 0 1
    outer loop
      vertex 34 7.5 2
      vertex 73.4000015258789 65 2
      vertex 38 65 2
    endloop
  endfacet
  facet normal 0 0 1
    outer loop
      vertex 107.62000274658203 24.979999542236328 2
      vertex 34 7.5 2
      vertex 112.5999984741211 2 2
    endloop
  endfacet
  facet normal 0 0 1
    outer loop
      vertex 33.6193962097168 5.586582183837891 2
      vertex 112.5999984741211 2 2
      vertex 34 7.5 2
    endloop
  endfacet
  facet normal 0 0 1
    outer loop
      vertex 32.5355339050293 3.9644651412963867 2
      vertex 112.5999984741211 2 2
      vertex 33.6193962097168 5.586582183837891 2
    endloop
  endfacet
  facet normal 0 0 1
    outer loop
      vertex 30.91341781616211 2.8806018829345703 2
      vertex 112.5999984741211 2 2
      vertex 32.5355339050293 3.9644651412963867 2
    endloop
  endfacet
  facet normal 0 0 1
    outer loop
      vertex 29 2.5 2
      vertex 112.5999984741211 2 2
      vertex 30.91341781616211 2.8806018829345703 2
    endloop
  endfacet
  facet normal 0 0 1
    outer loop
      vertex 3 2 2
      vertex 29 2.5 2
      vertex 20 2.5 2
    endloop
  endfacet
  facet normal 0 0 1
    outer loop
      vertex 15.38060188293457 9.413416862487793 2
      vertex 3 2 2
      vertex 15 7.5 2
    endloop
  endfacet
  facet normal 0 0 1
    outer loop
      vertex 29 2.5 2
      vertex 3 2 2
      vertex 112.5999984741211 2 2
    endloop
  endfacet
  facet normal 0 0 1
    outer loop
      vertex 18.08658218383789 2.8806018829345703 2
      vertex 3 2 2
      vertex 20 2.5 2
    endloop
  endfacet
  facet normal 0 0 1
    outer loop
      vertex 16.464466094970703 3.9644651412963867 2
      vertex 3 2 2
      vertex 18.08658218383789 2.8806018829345703 2
    endloop
  endfacet
  facet normal 0 0 1
    outer loop
      vertex 15.38060188293457 5.586582183837891 2
      vertex 3 2 2
      vertex 16.464466094970703 3.9644651412963867 2
    endloop
  endfacet
  facet normal 0 0 1
    outer loop
      vertex 15 7.5 2
      vertex 3 2 2
      vertex 15.38060188293457 5.586582183837891 2
    endloop
  endfacet
  facet normal 0 0 1
    outer loop
      vertex -1.5999994277954102 31.899999618530273 2
      vertex 0 30 2
      vertex 0 31.899999618530273 2
    endloop
  endfacet
  facet normal 0 0 1
    outer loop
      vertex 0 30 2
      vertex -1.5999994277954102 31.899999618530273 2
      vertex -1.5999994277954102 30 2
    endloop
  endfacet
  facet normal 0 0 -1
    outer loop
      vertex 33.77658462524414 62.54117202758789 -3.5
      vertex 38 67.95999908447266 -3.5
      vertex 38 4.182136535644531 -3.5
    endloop
  endfacet
  facet normal 0 0 -1
    outer loop
      vertex 33.6193962097168 9.413416862487793 -3.5
      vertex 38 4.182136535644531 -3.5
      vertex 34 7.5 -3.5
    endloop
  endfacet
  facet normal 0 0 -1
    outer loop
      vertex 38 4.182136535644531 -3.5
      vertex 33.6193962097168 5.586582183837891 -3.5
      vertex 34 7.5 -3.5
    endloop
  endfacet
  facet normal 0 0 -1
    outer loop
      vertex 33.6193962097168 5.586582183837891 -3.5
      vertex 38 4.182136535644531 -3.5
      vertex 32.68097686767578 4.182136535644531 -3.5
    endloop
  endfacet
  facet normal 0 0 -1
    outer loop
      vertex 33.788108825683594 65.40459442138672 -3.5
      vertex 38 67.95999908447266 -3.5
      vertex 34.086666107177734 64 -3.5
    endloop
  endfacet
  facet normal 0 0 -1
    outer loop
      vertex 33.77658462524414 65.45883178710938 -3.5
      vertex 38 67.95999908447266 -3.5
      vertex 33.788108825683594 65.40459442138672 -3.5
    endloop
  endfacet
  facet normal 0 0 -1
    outer loop
      vertex 32.93253707885742 66.62055969238281 -3.5
      vertex 38 67.95999908447266 -3.5
      vertex 33.77658462524414 65.45883178710938 -3.5
    endloop
  endfacet
  facet normal 0 0 -1
    outer loop
      vertex 32.89994812011719 66.66541290283203 -3.5
      vertex 38 67.95999908447266 -3.5
      vertex 32.93253707885742 66.62055969238281 -3.5
    endloop
  endfacet
  facet normal 0 0 -1
    outer loop
      vertex 32.851932525634766 66.6931381225586 -3.5
      vertex 38 67.95999908447266 -3.5
      vertex 32.89994812011719 66.66541290283203 -3.5
    endloop
  endfacet
  facet normal 0 0 -1
    outer loop
      vertex 31.608341217041016 67.41112518310547 -3.5
      vertex 38 67.95999908447266 -3.5
      vertex 32.851932525634766 66.6931381225586 -3.5
    endloop
  endfacet
  facet normal 0 0 -1
    outer loop
      vertex 30.18022918701172 67.56122589111328 -3.5
      vertex 38 67.95999908447266 -3.5
      vertex 31.608341217041016 67.41112518310547 -3.5
    endloop
  endfacet
  facet normal 0 0 -1
    outer loop
      vertex 30.125089645385742 67.5670166015625 -3.5
      vertex 38 67.95999908447266 -3.5
      vertex 30.18022918701172 67.56122589111328 -3.5
    endloop
  endfacet
  facet normal 0 0 -1
    outer loop
      vertex 24.5 67.95999908447266 -3.5
      vertex 28.759395599365234 67.12327575683594 -3.5
      vertex 28.7066650390625 67.10614776611328 -3.5
    endloop
  endfacet
  facet normal 0 0 -1
    outer loop
      vertex 24.5 67.95999908447266 -3.5
      vertex 28.665464401245117 67.06904602050781 -3.5
      vertex 27.598323822021484 66.10819244384766 -3.5
    endloop
  endfacet
  facet normal 0 0 -1
    outer loop
      vertex 24.5 67.95999908447266 -3.5
      vertex 27.575773239135742 66.05754089355469 -3.5
      vertex 26.991710662841797 64.74571228027344 -3.5
    endloop
  endfacet
  facet normal 0 0 -1
    outer loop
      vertex 30.125089645385742 67.5670166015625 -3.5
      vertex 24.5 67.95999908447266 -3.5
      vertex 38 67.95999908447266 -3.5
    endloop
  endfacet
  facet normal 0 0 -1
    outer loop
      vertex 28.759395599365234 67.12327575683594 -3.5
      vertex 24.5 67.95999908447266 -3.5
      vertex 30.125089645385742 67.5670166015625 -3.5
    endloop
  endfacet
  facet normal 0 0 -1
    outer loop
      vertex 28.665464401245117 67.06904602050781 -3.5
      vertex 24.5 67.95999908447266 -3.5
      vertex 28.7066650390625 67.10614776611328 -3.5
    endloop
  endfacet
  facet normal 0 0 -1
    outer loop
      vertex 27.575773239135742 66.05754089355469 -3.5
      vertex 24.5 67.95999908447266 -3.5
      vertex 27.598323822021484 66.10819244384766 -3.5
    endloop
  endfacet
  facet normal 0 0 -1
    outer loop
      vertex 26.991710662841797 63.25428771972656 -3.5
      vertex 24.5 67.95999908447266 -3.5
      vertex 26.991710662841797 64.74571228027344 -3.5
    endloop
  endfacet
  facet normal 0 0 -1
    outer loop
      vertex 38 67.95999908447266 -3.5
      vertex 33.788108825683594 62.595401763916016 -3.5
      vertex 34.086666107177734 64 -3.5
    endloop
  endfacet
  facet normal 0 0 -1
    outer loop
      vertex 32.5355339050293 11.035533905029297 -3.5
      vertex 38 4.182136535644531 -3.5
      vertex 33.6193962097168 9.413416862487793 -3.5
    endloop
  endfacet
  facet normal 0 0 -1
    outer loop
      vertex 38 67.95999908447266 -3.5
      vertex 33.77658462524414 62.54117202758789 -3.5
      vertex 33.788108825683594 62.595401763916016 -3.5
    endloop
  endfacet
  facet normal 0 0 -1
    outer loop
      vertex 38 4.182136535644531 -3.5
      vertex 32.5355339050293 11.035533905029297 -3.5
      vertex 33.77658462524414 62.54117202758789 -3.5
    endloop
  endfacet
  facet normal 0 0 -1
    outer loop
      vertex 33.77658462524414 62.54117202758789 -3.5
      vertex 32.5355339050293 11.035533905029297 -3.5
      vertex 32.93253707885742 61.37944030761719 -3.5
    endloop
  endfacet
  facet normal 0 0 -1
    outer loop
      vertex 32.93253707885742 61.37944030761719 -3.5
      vertex 32.5355339050293 11.035533905029297 -3.5
      vertex 32.89994812011719 61.33458709716797 -3.5
    endloop
  endfacet
  facet normal 0 0 -1
    outer loop
      vertex 30.91341781616211 12.119397163391113 -3.5
      vertex 32.89994812011719 61.33458709716797 -3.5
      vertex 32.5355339050293 11.035533905029297 -3.5
    endloop
  endfacet
  facet normal 0 0 -1
    outer loop
      vertex 32.89994812011719 61.33458709716797 -3.5
      vertex 30.91341781616211 12.119397163391113 -3.5
      vertex 32.851932525634766 61.30686569213867 -3.5
    endloop
  endfacet
  facet normal 0 0 -1
    outer loop
      vertex 32.851932525634766 61.30686569213867 -3.5
      vertex 30.91341781616211 12.119397163391113 -3.5
      vertex 31.608341217041016 60.58887481689453 -3.5
    endloop
  endfacet
  facet normal 0 0 -1
    outer loop
      vertex 29 12.5 -3.5
      vertex 31.608341217041016 60.58887481689453 -3.5
      vertex 30.91341781616211 12.119397163391113 -3.5
    endloop
  endfacet
  facet normal 0 0 -1
    outer loop
      vertex 31.608341217041016 60.58887481689453 -3.5
      vertex 29 12.5 -3.5
      vertex 30.18022918701172 60.43877410888672 -3.5
    endloop
  endfacet
  facet normal 0 0 -1
    outer loop
      vertex 30.18022918701172 60.43877410888672 -3.5
      vertex 29 12.5 -3.5
      vertex 30.125089645385742 60.432979583740234 -3.5
    endloop
  endfacet
  facet normal 0 0 -1
    outer loop
      vertex 24.5 12.5 -3.5
      vertex 30.125089645385742 60.432979583740234 -3.5
      vertex 29 12.5 -3.5
    endloop
  endfacet
  facet normal 0 0 -1
    outer loop
      vertex 30.125089645385742 60.432979583740234 -3.5
      vertex 24.5 12.5 -3.5
      vertex 28.759395599365234 60.8767204284668 -3.5
    endloop
  endfacet
  facet normal 0 0 -1
    outer loop
      vertex 28.759395599365234 60.8767204284668 -3.5
      vertex 24.5 12.5 -3.5
      vertex 28.7066650390625 60.893856048583984 -3.5
    endloop
  endfacet
  facet normal 0 0 -1
    outer loop
      vertex 28.7066650390625 60.893856048583984 -3.5
      vertex 24.5 12.5 -3.5
      vertex 28.665464401245117 60.93095397949219 -3.5
    endloop
  endfacet
  facet normal 0 0 -1
    outer loop
      vertex 28.665464401245117 60.93095397949219 -3.5
      vertex 24.5 12.5 -3.5
      vertex 27.598323822021484 61.89181137084961 -3.5
    endloop
  endfacet
  facet normal 0 0 -1
    outer loop
      vertex 27.598323822021484 61.89181137084961 -3.5
      vertex 24.5 12.5 -3.5
      vertex 27.575773239135742 61.94245910644531 -3.5
    endloop
  endfacet
  facet normal 0 0 -1
    outer loop
      vertex 24.5 67.95999908447266 -3.5
      vertex 26.991710662841797 63.25428771972656 -3.5
      vertex 24.5 12.5 -3.5
    endloop
  endfacet
  facet normal 0 0 -1
    outer loop
      vertex 27.575773239135742 61.94245910644531 -3.5
      vertex 24.5 12.5 -3.5
      vertex 26.991710662841797 63.25428771972656 -3.5
    endloop
  endfacet
  facet normal -1 0 0
    outer loop
      vertex 24.5 12.5 -3.5
      vertex 24.5 65 -0.45999908447265625
      vertex 24.5 67.95999908447266 -3.5
    endloop
  endfacet
  facet normal -1 0 0
    outer loop
      vertex 24.5 65 -0.45999908447265625
      vertex 24.5 12.5 -3.5
      vertex 24.5 12.5 -0.45999908447265625
    endloop
  endfacet
  facet normal -1 0 0
    outer loop
      vertex 24.5 65 -0.45999908447265625
      vertex 24.5 71 -0.45999962091445923
      vertex 24.5 67.95999908447266 -3.5
    endloop
  endfacet
  facet normal -1 0 0
    outer loop
      vertex 24.5 71 -0.45999962091445923
      vertex 24.5 65 -0.45999908447265625
      vertex 24.5 71 2
    endloop
  endfacet
  facet normal -1 0 0
    outer loop
      vertex 24.5 71 2
      vertex 24.5 65 -0.45999908447265625
      vertex 24.5 65 2
    endloop
  endfacet
  facet normal -1 0 0
    outer loop
      vertex 24.5 2.5 -1.8178634643554688
      vertex 24.5 1.1421356201171875 -0.45999908447265625
      vertex 24.5 2.5 -0.45999908447265625
    endloop
  endfacet
  facet normal 0 1 0
    outer loop
      vertex 38 71 -0.45999962091445923
      vertex 24.5 71 2
      vertex 38 71 2
    endloop
  endfacet
  facet normal 0 1 0
    outer loop
      vertex 24.5 71 2
      vertex 38 71 -0.45999962091445923
      vertex 24.5 71 -0.45999962091445923
    endloop
  endfacet
  facet normal 1 0 0
    outer loop
      vertex 87.4000015258789 65 -0.45999908447265625
      vertex 87.4000015258789 71 -0.45999962091445923
      vertex 87.4000015258789 71 2
    endloop
  endfacet
  facet normal 1 0 0
    outer loop
      vertex 87.4000015258789 65 -0.45999908447265625
      vertex 87.4000015258789 71 2
      vertex 87.4000015258789 65 2
    endloop
  endfacet
  facet normal 1 0 0
    outer loop
      vertex 87.4000015258789 71 -0.45999962091445923
      vertex 87.4000015258789 65 -0.45999908447265625
      vertex 87.4000015258789 67.95999908447266 -3.5
    endloop
  endfacet
  facet normal 1 0 0
    outer loop
      vertex 87.4000015258789 6 -3.5
      vertex 87.4000015258789 65 -0.45999908447265625
      vertex 87.4000015258789 6 -0.45999908447265625
    endloop
  endfacet
  facet normal 1 0 0
    outer loop
      vertex 87.4000015258789 65 -0.45999908447265625
      vertex 87.4000015258789 6 -3.5
      vertex 87.4000015258789 67.95999908447266 -3.5
    endloop
  endfacet
  facet normal 0 0 -1
    outer loop
      vertex 73.5 6 -3.5
      vertex 73.4000015258789 6 -3.5
      vertex 73.5 21 -3.5
    endloop
  endfacet
  facet normal 0 0 -1
    outer loop
      vertex 83.4765853881836 62.54117202758789 -3.5
      vertex 87.4000015258789 67.95999908447266 -3.5
      vertex 87.4000015258789 6 -3.5
    endloop
  endfacet
  facet normal 0 0 -1
    outer loop
      vertex 87.4000015258789 67.95999908447266 -3.5
      vertex 83.48811340332031 62.595401763916016 -3.5
      vertex 83.78666687011719 64 -3.5
    endloop
  endfacet
  facet normal 0 0 -1
    outer loop
      vertex 87.4000015258789 67.95999908447266 -3.5
      vertex 83.4765853881836 62.54117202758789 -3.5
      vertex 83.48811340332031 62.595401763916016 -3.5
    endloop
  endfacet
  facet normal 0 0 -1
    outer loop
      vertex 78.5 21 -3.5
      vertex 83.4765853881836 62.54117202758789 -3.5
      vertex 87.4000015258789 6 -3.5
    endloop
  endfacet
  facet normal 0 0 -1
    outer loop
      vertex 83.4765853881836 62.54117202758789 -3.5
      vertex 78.5 21 -3.5
      vertex 82.63253784179688 61.37944030761719 -3.5
    endloop
  endfacet
  facet normal 0 0 -1
    outer loop
      vertex 82.63253784179688 61.37944030761719 -3.5
      vertex 78.5 21 -3.5
      vertex 82.59994506835938 61.33458709716797 -3.5
    endloop
  endfacet
  facet normal 0 0 -1
    outer loop
      vertex 82.59994506835938 61.33458709716797 -3.5
      vertex 78.5 21 -3.5
      vertex 82.55193328857422 61.30686569213867 -3.5
    endloop
  endfacet
  facet normal 0 0 -1
    outer loop
      vertex 82.55193328857422 61.30686569213867 -3.5
      vertex 78.5 21 -3.5
      vertex 81.30834197998047 60.58887481689453 -3.5
    endloop
  endfacet
  facet normal 0 0 -1
    outer loop
      vertex 81.30834197998047 60.58887481689453 -3.5
      vertex 78.5 21 -3.5
      vertex 79.8802261352539 60.43877410888672 -3.5
    endloop
  endfacet
  facet normal 0 0 -1
    outer loop
      vertex 78.5 21 -3.5
      vertex 87.4000015258789 6 -3.5
      vertex 78.5 6 -3.5
    endloop
  endfacet
  facet normal 0 0 -1
    outer loop
      vertex 79.8802261352539 60.43877410888672 -3.5
      vertex 78.5 21 -3.5
      vertex 79.82508850097656 60.432979583740234 -3.5
    endloop
  endfacet
  facet normal 0 0 -1
    outer loop
      vertex 73.5 21 -3.5
      vertex 79.82508850097656 60.432979583740234 -3.5
      vertex 78.5 21 -3.5
    endloop
  endfacet
  facet normal 0 0 -1
    outer loop
      vertex 79.82508850097656 60.432979583740234 -3.5
      vertex 73.5 21 -3.5
      vertex 78.45939636230469 60.8767204284668 -3.5
    endloop
  endfacet
  facet normal 0 0 -1
    outer loop
      vertex 78.45939636230469 60.8767204284668 -3.5
      vertex 73.5 21 -3.5
      vertex 78.40666198730469 60.893856048583984 -3.5
    endloop
  endfacet
  facet normal 0 0 -1
    outer loop
      vertex 78.40666198730469 60.893856048583984 -3.5
      vertex 73.5 21 -3.5
      vertex 78.36546325683594 60.93095397949219 -3.5
    endloop
  endfacet
  facet normal 0 0 -1
    outer loop
      vertex 78.36546325683594 60.93095397949219 -3.5
      vertex 73.5 21 -3.5
      vertex 77.29832458496094 61.89181137084961 -3.5
    endloop
  endfacet
  facet normal 0 0 -1
    outer loop
      vertex 73.4000015258789 67.95999908447266 -3.5
      vertex 77.29832458496094 61.89181137084961 -3.5
      vertex 73.5 21 -3.5
    endloop
  endfacet
  facet normal 0 0 -1
    outer loop
      vertex 76.71426391601562 63.20363998413086 -3.5
      vertex 73.4000015258789 67.95999908447266 -3.5
      vertex 76.69171142578125 63.25428771972656 -3.5
    endloop
  endfacet
  facet normal 0 0 -1
    outer loop
      vertex 77.29832458496094 61.89181137084961 -3.5
      vertex 73.4000015258789 67.95999908447266 -3.5
      vertex 76.71426391601562 63.20363998413086 -3.5
    endloop
  endfacet
  facet normal 0 0 -1
    outer loop
      vertex 83.48811340332031 65.40459442138672 -3.5
      vertex 87.4000015258789 67.95999908447266 -3.5
      vertex 83.78666687011719 64 -3.5
    endloop
  endfacet
  facet normal 0 0 -1
    outer loop
      vertex 83.4765853881836 65.45883178710938 -3.5
      vertex 87.4000015258789 67.95999908447266 -3.5
      vertex 83.48811340332031 65.40459442138672 -3.5
    endloop
  endfacet
  facet normal 0 0 -1
    outer loop
      vertex 82.63253784179688 66.62055969238281 -3.5
      vertex 87.4000015258789 67.95999908447266 -3.5
      vertex 83.4765853881836 65.45883178710938 -3.5
    endloop
  endfacet
  facet normal 0 0 -1
    outer loop
      vertex 82.59994506835938 66.66541290283203 -3.5
      vertex 87.4000015258789 67.95999908447266 -3.5
      vertex 82.63253784179688 66.62055969238281 -3.5
    endloop
  endfacet
  facet normal 0 0 -1
    outer loop
      vertex 82.55193328857422 66.6931381225586 -3.5
      vertex 87.4000015258789 67.95999908447266 -3.5
      vertex 82.59994506835938 66.66541290283203 -3.5
    endloop
  endfacet
  facet normal 0 0 -1
    outer loop
      vertex 81.30834197998047 67.41112518310547 -3.5
      vertex 87.4000015258789 67.95999908447266 -3.5
      vertex 82.55193328857422 66.6931381225586 -3.5
    endloop
  endfacet
  facet normal 0 0 -1
    outer loop
      vertex 79.8802261352539 67.56122589111328 -3.5
      vertex 87.4000015258789 67.95999908447266 -3.5
      vertex 81.30834197998047 67.41112518310547 -3.5
    endloop
  endfacet
  facet normal 0 0 -1
    outer loop
      vertex 79.82508850097656 67.5670166015625 -3.5
      vertex 87.4000015258789 67.95999908447266 -3.5
      vertex 79.8802261352539 67.56122589111328 -3.5
    endloop
  endfacet
  facet normal 0 0 -1
    outer loop
      vertex 73.4000015258789 67.95999908447266 -3.5
      vertex 78.45939636230469 67.12327575683594 -3.5
      vertex 78.40666198730469 67.10614776611328 -3.5
    endloop
  endfacet
  facet normal 0 0 -1
    outer loop
      vertex 73.4000015258789 67.95999908447266 -3.5
      vertex 78.36546325683594 67.06904602050781 -3.5
      vertex 77.29832458496094 66.10819244384766 -3.5
    endloop
  endfacet
  facet normal 0 0 -1
    outer loop
      vertex 73.4000015258789 67.95999908447266 -3.5
      vertex 76.71426391601562 64.79635620117188 -3.5
      vertex 76.69171142578125 64.74571228027344 -3.5
    endloop
  endfacet
  facet normal 0 0 -1
    outer loop
      vertex 79.82508850097656 67.5670166015625 -3.5
      vertex 73.4000015258789 67.95999908447266 -3.5
      vertex 87.4000015258789 67.95999908447266 -3.5
    endloop
  endfacet
  facet normal 0 0 -1
    outer loop
      vertex 78.45939636230469 67.12327575683594 -3.5
      vertex 73.4000015258789 67.95999908447266 -3.5
      vertex 79.82508850097656 67.5670166015625 -3.5
    endloop
  endfacet
  facet normal 0 0 -1
    outer loop
      vertex 78.36546325683594 67.06904602050781 -3.5
      vertex 73.4000015258789 67.95999908447266 -3.5
      vertex 78.40666198730469 67.10614776611328 -3.5
    endloop
  endfacet
  facet normal 0 0 -1
    outer loop
      vertex 76.71426391601562 64.79635620117188 -3.5
      vertex 73.4000015258789 67.95999908447266 -3.5
      vertex 77.29832458496094 66.10819244384766 -3.5
    endloop
  endfacet
  facet normal 0 0 -1
    outer loop
      vertex 76.69171142578125 63.25428771972656 -3.5
      vertex 73.4000015258789 67.95999908447266 -3.5
      vertex 76.69171142578125 64.74571228027344 -3.5
    endloop
  endfacet
  facet normal 0 0 -1
    outer loop
      vertex 73.4000015258789 67.95999908447266 -3.5
      vertex 73.5 21 -3.5
      vertex 73.4000015258789 6 -3.5
    endloop
  endfacet
  facet normal -1 0 0
    outer loop
      vertex 73.4000015258789 6 -3.5
      vertex 73.4000015258789 65 -0.45999908447265625
      vertex 73.4000015258789 67.95999908447266 -3.5
    endloop
  endfacet
  facet normal -1 0 0
    outer loop
      vertex 73.4000015258789 65 -0.45999908447265625
      vertex 73.4000015258789 6 -3.5
      vertex 73.4000015258789 6 -0.45999908447265625
    endloop
  endfacet
  facet normal -1 0 0
    outer loop
      vertex 73.4000015258789 65 -0.45999908447265625
      vertex 73.4000015258789 71 -0.45999962091445923
      vertex 73.4000015258789 67.95999908447266 -3.5
    endloop
  endfacet
  facet normal -1 0 0
    outer loop
      vertex 73.4000015258789 71 -0.45999962091445923
      vertex 73.4000015258789 65 -0.45999908447265625
      vertex 73.4000015258789 71 2
    endloop
  endfacet
  facet normal -1 0 0
    outer loop
      vertex 73.4000015258789 71 2
      vertex 73.4000015258789 65 -0.45999908447265625
      vertex 73.4000015258789 65 2
    endloop
  endfacet
  facet normal 0 1 0
    outer loop
      vertex 87.4000015258789 71 -0.45999962091445923
      vertex 73.4000015258789 71 2
      vertex 87.4000015258789 71 2
    endloop
  endfacet
  facet normal 0 1 0
    outer loop
      vertex 73.4000015258789 71 2
      vertex 87.4000015258789 71 -0.45999962091445923
      vertex 73.4000015258789 71 -0.45999962091445923
    endloop
  endfacet
  facet normal 1 0 0
    outer loop
      vertex 116.5999984741211 64 49.313209533691406
      vertex 116.5999984741211 63.96719741821289 42.93819046020508
      vertex 116.5999984741211 64 42.945159912109375
    endloop
  endfacet
  facet normal 1 0 0
    outer loop
      vertex 116.5999984741211 64 49.313209533691406
      vertex 116.5999984741211 62.31401062011719 42.5867919921875
      vertex 116.5999984741211 63.96719741821289 42.93819046020508
    endloop
  endfacet
  facet normal 1 0 0
    outer loop
      vertex 116.5999984741211 59.242733001708984 52.18090057373047
      vertex 116.5999984741211 62.31401062011719 42.5867919921875
      vertex 116.5999984741211 64 49.313209533691406
    endloop
  endfacet
  facet normal 1 0 0
    outer loop
      vertex 116.5999984741211 62.31401062011719 42.5867919921875
      vertex 116.5999984741211 59.242733001708984 52.18090057373047
      vertex 116.5999984741211 60.94667434692383 41.59336471557617
    endloop
  endfacet
  facet normal 1 0 0
    outer loop
      vertex 116.5999984741211 60.94667434692383 41.59336471557617
      vertex 116.5999984741211 59.242733001708984 52.18090057373047
      vertex 116.5999984741211 60.9195442199707 41.57365417480469
    endloop
  endfacet
  facet normal 1 0 0
    outer loop
      vertex 116.5999984741211 60.9195442199707 41.57365417480469
      vertex 116.5999984741211 59.242733001708984 52.18090057373047
      vertex 116.5999984741211 60.90277862548828 41.544612884521484
    endloop
  endfacet
  facet normal 1 0 0
    outer loop
      vertex 116.5999984741211 60.0542106628418 40.04757308959961
      vertex 116.5999984741211 55.4121208190918 54.48999786376953
      vertex 116.5999984741211 59.87754440307617 38.3667106628418
    endloop
  endfacet
  facet normal 1 0 0
    outer loop
      vertex 116.5999984741211 60.057716369628906 40.08092498779297
      vertex 116.5999984741211 55.4121208190918 54.48999786376953
      vertex 116.5999984741211 60.0542106628418 40.04757308959961
    endloop
  endfacet
  facet normal 1 0 0
    outer loop
      vertex 116.5999984741211 60.90277862548828 41.544612884521484
      vertex 116.5999984741211 55.4121208190918 54.48999786376953
      vertex 116.5999984741211 60.057716369628906 40.08092498779297
    endloop
  endfacet
  facet normal 1 0 0
    outer loop
      vertex 116.5999984741211 55.4121208190918 54.48999786376953
      vertex 116.5999984741211 60.90277862548828 41.544612884521484
      vertex 116.5999984741211 59.242733001708984 52.18090057373047
    endloop
  endfacet
  facet normal 1 0 0
    outer loop
      vertex 116.5999984741211 63.1381721496582 34.745418548583984
      vertex 116.5999984741211 64 17.445161819458008
      vertex 116.5999984741211 64 34.745418548583984
    endloop
  endfacet
  facet normal 1 0 0
    outer loop
      vertex 116.5999984741211 64 17.445161819458008
      vertex 116.5999984741211 63.1381721496582 34.745418548583984
      vertex 116.5999984741211 63.96719741821289 17.438188552856445
    endloop
  endfacet
  facet normal 1 0 0
    outer loop
      vertex 116.5999984741211 63.1381721496582 34.745418548583984
      vertex 116.5999984741211 62.31401062011719 17.0867919921875
      vertex 116.5999984741211 63.96719741821289 17.438188552856445
    endloop
  endfacet
  facet normal 1 0 0
    outer loop
      vertex 116.5999984741211 61.59416961669922 35.43285369873047
      vertex 116.5999984741211 62.31401062011719 17.0867919921875
      vertex 116.5999984741211 63.1381721496582 34.745418548583984
    endloop
  endfacet
  facet normal 1 0 0
    outer loop
      vertex 116.5999984741211 61.563533782958984 35.446495056152344
      vertex 116.5999984741211 62.31401062011719 17.0867919921875
      vertex 116.5999984741211 61.59416961669922 35.43285369873047
    endloop
  endfacet
  facet normal 1 0 0
    outer loop
      vertex 116.5999984741211 60.9195442199707 16.073654174804688
      vertex 116.5999984741211 61.563533782958984 35.446495056152344
      vertex 116.5999984741211 61.54109573364258 35.47141647338867
    endloop
  endfacet
  facet normal 1 0 0
    outer loop
      vertex 116.5999984741211 61.563533782958984 35.446495056152344
      vertex 116.5999984741211 60.94667434692383 16.093364715576172
      vertex 116.5999984741211 62.31401062011719 17.0867919921875
    endloop
  endfacet
  facet normal 1 0 0
    outer loop
      vertex 116.5999984741211 61.563533782958984 35.446495056152344
      vertex 116.5999984741211 60.9195442199707 16.073654174804688
      vertex 116.5999984741211 60.94667434692383 16.093364715576172
    endloop
  endfacet
  facet normal 1 0 0
    outer loop
      vertex 116.5999984741211 60.41018295288086 36.727420806884766
      vertex 116.5999984741211 60.9195442199707 16.073654174804688
      vertex 116.5999984741211 61.54109573364258 35.47141647338867
    endloop
  endfacet
  facet normal 1 0 0
    outer loop
      vertex 116.5999984741211 60.9195442199707 16.073654174804688
      vertex 116.5999984741211 60.41018295288086 36.727420806884766
      vertex 116.5999984741211 60.90277862548828 16.04461097717285
    endloop
  endfacet
  facet normal 1 0 0
    outer loop
      vertex 116.5999984741211 60.057716369628906 14.580924987792969
      vertex 116.5999984741211 60.41018295288086 36.727420806884766
      vertex 116.5999984741211 60.39982223510742 36.75931167602539
    endloop
  endfacet
  facet normal 1 0 0
    outer loop
      vertex 116.5999984741211 60.41018295288086 36.727420806884766
      vertex 116.5999984741211 60.057716369628906 14.580924987792969
      vertex 116.5999984741211 60.90277862548828 16.04461097717285
    endloop
  endfacet
  facet normal 1 0 0
    outer loop
      vertex 116.5999984741211 59.87754440307617 38.3667106628418
      vertex 116.5999984741211 60.057716369628906 14.580924987792969
      vertex 116.5999984741211 60.39982223510742 36.75931167602539
    endloop
  endfacet
  facet normal 1 0 0
    outer loop
      vertex 116.5999984741211 60.057716369628906 14.580924987792969
      vertex 116.5999984741211 59.87754440307617 38.3667106628418
      vertex 116.5999984741211 60.0542106628418 14.547574043273926
    endloop
  endfacet
  facet normal 1 0 0
    outer loop
      vertex 116.5999984741211 60.0542106628418 14.547574043273926
      vertex 116.5999984741211 59.87754440307617 38.3667106628418
      vertex 116.5999984741211 59.87754440307617 12.86671257019043
    endloop
  endfacet
  facet normal 1 0 0
    outer loop
      vertex 116.5999984741211 63.1381721496582 9.2454195022583
      vertex 116.5999984741211 64 5.695693492889404
      vertex 116.5999984741211 64 9.2454195022583
    endloop
  endfacet
  facet normal 1 0 0
    outer loop
      vertex 116.5999984741211 61.59416961669922 9.932854652404785
      vertex 116.5999984741211 64 5.695693492889404
      vertex 116.5999984741211 63.1381721496582 9.2454195022583
    endloop
  endfacet
  facet normal 1 0 0
    outer loop
      vertex 116.5999984741211 61.563533782958984 9.946494102478027
      vertex 116.5999984741211 64 5.695693492889404
      vertex 116.5999984741211 61.59416961669922 9.932854652404785
    endloop
  endfacet
  facet normal 1 0 0
    outer loop
      vertex 116.5999984741211 59.15843963623047 2.204728364944458
      vertex 116.5999984741211 61.563533782958984 9.946494102478027
      vertex 116.5999984741211 61.54109573364258 9.971414566040039
    endloop
  endfacet
  facet normal 1 0 0
    outer loop
      vertex 116.5999984741211 59.15843963623047 2.204728364944458
      vertex 116.5999984741211 61.54109573364258 9.971414566040039
      vertex 116.5999984741211 60.41018295288086 11.227418899536133
    endloop
  endfacet
  facet normal 1 0 0
    outer loop
      vertex 116.5999984741211 55.462772369384766 -0.45999908447265625
      vertex 116.5999984741211 60.39982223510742 11.259312629699707
      vertex 116.5999984741211 59.87754440307617 12.86671257019043
    endloop
  endfacet
  facet normal 1 0 0
    outer loop
      vertex 116.5999984741211 61.563533782958984 9.946494102478027
      vertex 116.5999984741211 59.15843963623047 2.204728364944458
      vertex 116.5999984741211 64 5.695693492889404
    endloop
  endfacet
  facet normal 1 0 0
    outer loop
      vertex 116.5999984741211 60.39982223510742 11.259312629699707
      vertex 116.5999984741211 55.462772369384766 -0.45999908447265625
      vertex 116.5999984741211 60.41018295288086 11.227418899536133
    endloop
  endfacet
  facet normal 1 0 0
    outer loop
      vertex 116.5999984741211 8.430936813354492 54.48999786376953
      vertex 116.5999984741211 59.87754440307617 38.3667106628418
      vertex 116.5999984741211 55.4121208190918 54.48999786376953
    endloop
  endfacet
  facet normal 1 0 0
    outer loop
      vertex 116.5999984741211 8.366266250610352 -0.45999908447265625
      vertex 116.5999984741211 59.87754440307617 38.3667106628418
      vertex 116.5999984741211 8.430936813354492 54.48999786376953
    endloop
  endfacet
  facet normal 1 0 0
    outer loop
      vertex 116.5999984741211 60.41018295288086 11.227418899536133
      vertex 116.5999984741211 55.462772369384766 -0.45999908447265625
      vertex 116.5999984741211 59.15843963623047 2.204728364944458
    endloop
  endfacet
  facet normal 1 0 0
    outer loop
      vertex 116.5999984741211 59.87754440307617 38.3667106628418
      vertex 116.5999984741211 8.366266250610352 -0.45999908447265625
      vertex 116.5999984741211 59.87754440307617 12.86671257019043
    endloop
  endfacet
  facet normal 1 0 0
    outer loop
      vertex 116.5999984741211 59.87754440307617 12.86671257019043
      vertex 116.5999984741211 8.366266250610352 -0.45999908447265625
      vertex 116.5999984741211 55.462772369384766 -0.45999908447265625
    endloop
  endfacet
  facet normal 1 0 0
    outer loop
      vertex 116.5999984741211 1 49.23553466796875
      vertex 116.5999984741211 8.366266250610352 -0.45999908447265625
      vertex 116.5999984741211 8.430936813354492 54.48999786376953
    endloop
  endfacet
  facet normal 1 0 0
    outer loop
      vertex 116.5999984741211 8.366266250610352 -0.45999908447265625
      vertex 116.5999984741211 1 49.23553466796875
      vertex 116.5999984741211 1 4.748737335205078
    endloop
  endfacet
  facet normal 0 0 -1
    outer loop
      vertex 0 38 19
      vertex 3 33 19
      vertex 0 33 19
    endloop
  endfacet
  facet normal 0 0 -1
    outer loop
      vertex 3 33 19
      vertex 0 38 19
      vertex 3 40 19
    endloop
  endfacet
  facet normal 0 0 -1
    outer loop
      vertex 3 40 19
      vertex 0 38 19
      vertex 0 40 19
    endloop
  endfacet
  facet normal 0 0 -1
    outer loop
      vertex -1.5999994277954102 2.742135763168335 0
      vertex 0 64.45999908447266 0
      vertex 0 1.1421360969543457 0
    endloop
  endfacet
  facet normal 0 0 -1
    outer loop
      vertex 0 64.45999908447266 0
      vertex -1.5999994277954102 2.742135763168335 0
      vertex -1.5999994277954102 64.45999908447266 0
    endloop
  endfacet
  facet normal -1 0 0
    outer loop
      vertex -1.5999994277954102 38 51.02000045776367
      vertex -1.5999994277954102 30 51.02000045776367
      vertex -1.5999994277954102 38 52.29999923706055
    endloop
  endfacet
  facet normal -1 0 0
    outer loop
      vertex -1.5999994277954102 58 52.29999923706055
      vertex -1.5999994277954102 65 52
      vertex -1.5999994277954102 58 52
    endloop
  endfacet
  facet normal -1 0 0
    outer loop
      vertex -1.5999994277954102 65 52
      vertex -1.5999994277954102 58 52.29999923706055
      vertex -1.5999994277954102 65 53.47999954223633
    endloop
  endfacet
  facet normal -1 0 0
    outer loop
      vertex -1.5999994277954102 38 52.29999923706055
      vertex -1.5999994277954102 65 53.47999954223633
      vertex -1.5999994277954102 58 52.29999923706055
    endloop
  endfacet
  facet normal -1 0 0
    outer loop
      vertex -1.5999994277954102 38 52.29999923706055
      vertex -1.5999994277954102 30 53.47999954223633
      vertex -1.5999994277954102 65 53.47999954223633
    endloop
  endfacet
  facet normal -1 0 0
    outer loop
      vertex -1.5999994277954102 30 53.47999954223633
      vertex -1.5999994277954102 38 52.29999923706055
      vertex -1.5999994277954102 30 51.02000045776367
    endloop
  endfacet
  facet normal -1 0 0
    outer loop
      vertex -1.5999994277954102 64.45999908447266 0
      vertex -1.5999994277954102 65 2
      vertex -1.5999994277954102 65 0.5400002598762512
    endloop
  endfacet
  facet normal -1 0 0
    outer loop
      vertex -1.5999994277954102 64.45999908447266 0
      vertex -1.5999994277954102 31.899999618530273 2
      vertex -1.5999994277954102 65 2
    endloop
  endfacet
  facet normal -1 0 0
    outer loop
      vertex -1.5999994277954102 2.742135763168335 0
      vertex -1.5999994277954102 31.899999618530273 2
      vertex -1.5999994277954102 64.45999908447266 0
    endloop
  endfacet
  facet normal -1 0 0
    outer loop
      vertex -1.5999994277954102 2.742135763168335 0
      vertex -1.5999994277954102 30 51.02000045776367
      vertex -1.5999994277954102 30 2
    endloop
  endfacet
  facet normal -1 0 0
    outer loop
      vertex -1.5999994277954102 30 51.02000045776367
      vertex -1.5999994277954102 2.742135763168335 53.779998779296875
      vertex -1.5999994277954102 30 53.47999954223633
    endloop
  endfacet
  facet normal -1 0 0
    outer loop
      vertex -1.5999994277954102 31.899999618530273 2
      vertex -1.5999994277954102 2.742135763168335 0
      vertex -1.5999994277954102 30 2
    endloop
  endfacet
  facet normal -1 0 0
    outer loop
      vertex -1.5999994277954102 30 51.02000045776367
      vertex -1.5999994277954102 2.742135763168335 0
      vertex -1.5999994277954102 2.742135763168335 53.779998779296875
    endloop
  endfacet
  facet normal -1 0 0
    outer loop
      vertex -1.5999994277954102 30 53.47999954223633
      vertex -1.5999994277954102 2.742135763168335 53.779998779296875
      vertex -1.5999994277954102 30 53.779998779296875
    endloop
  endfacet
  facet normal 0 0 1
    outer loop
      vertex -1.5999994277954102 2.742135763168335 53.779998779296875
      vertex 0 30 53.779998779296875
      vertex -1.5999994277954102 30 53.779998779296875
    endloop
  endfacet
  facet normal 0 0 1
    outer loop
      vertex 0 30 53.779998779296875
      vertex -1.5999994277954102 2.742135763168335 53.779998779296875
      vertex 0 1.1421360969543457 53.779998779296875
    endloop
  endfacet
  facet normal 0 1 0
    outer loop
      vertex 0 30 53.47999954223633
      vertex -1.5999994277954102 30 53.779998779296875
      vertex 0 30 53.779998779296875
    endloop
  endfacet
  facet normal 0 1 0
    outer loop
      vertex -1.5999994277954102 30 53.779998779296875
      vertex 0 30 53.47999954223633
      vertex -1.5999994277954102 30 53.47999954223633
    endloop
  endfacet
  facet normal 0 1 0
    outer loop
      vertex 0 30 2
      vertex -1.5999994277954102 30 51.02000045776367
      vertex 0 30 51.02000045776367
    endloop
  endfacet
  facet normal 0 1 0
    outer loop
      vertex -1.5999994277954102 30 51.02000045776367
      vertex 0 30 2
      vertex -1.5999994277954102 30 2
    endloop
  endfacet
  facet normal 0 0 1
    outer loop
      vertex -1.5999994277954102 65 53.47999954223633
      vertex 0 30 53.47999954223633
      vertex 0 65 53.47999954223633
    endloop
  endfacet
  facet normal 0 0 1
    outer loop
      vertex 0 30 53.47999954223633
      vertex -1.5999994277954102 65 53.47999954223633
      vertex -1.5999994277954102 30 53.47999954223633
    endloop
  endfacet
  facet normal 0 0 -1
    outer loop
      vertex -1.5999994277954102 30 51.02000045776367
      vertex 0 38 51.02000045776367
      vertex 0 30 51.02000045776367
    endloop
  endfacet
  facet normal 0 0 -1
    outer loop
      vertex 0 38 51.02000045776367
      vertex -1.5999994277954102 30 51.02000045776367
      vertex -1.5999994277954102 38 51.02000045776367
    endloop
  endfacet
  facet normal 0 0.08963803720919236 -0.9959744084489739
    outer loop
      vertex 112.5999984741211 63.55360794067383 15.7598237991333
      vertex 113.5999984741211 64 15.799999237060547
      vertex 113.69976043701172 63.55360794067383 15.7598237991333
    endloop
  endfacet
  facet normal 0 0.08963803720919236 -0.9959744084489739
    outer loop
      vertex 113.5999984741211 64 15.799999237060547
      vertex 112.5999984741211 63.55360794067383 15.7598237991333
      vertex 112.5999984741211 64 15.799999237060547
    endloop
  endfacet
  facet normal 6.906835175392767e-7 0.4338834322019529 -0.9009690157048555
    outer loop
      vertex 112.5999984741211 63.12156295776367 15.640586853027344
      vertex 113.5999984741211 62.942626953125 15.55441665649414
      vertex 112.5999984741211 62.717750549316406 15.446121215820312
    endloop
  endfacet
  facet normal 0 0.4338859253844323 -0.9009678150485148
    outer loop
      vertex 112.5999984741211 62.717750549316406 15.446121215820312
      vertex 113.5999984741211 62.942626953125 15.55441665649414
      vertex 113.6830825805664 62.717750549316406 15.446121215820312
    endloop
  endfacet
  facet normal -9.472318790539659e-7 0.43387600175332103 -0.9009725939792258
    outer loop
      vertex 113.5999984741211 62.942626953125 15.55441665649414
      vertex 112.5999984741211 63.12156295776367 15.640586853027344
      vertex 113.5999984741211 63.02006530761719 15.591708183288574
    endloop
  endfacet
  facet normal 0 0.4338835774199116 -0.9009689457718837
    outer loop
      vertex 113.5999984741211 63.02006530761719 15.591708183288574
      vertex 112.5999984741211 63.12156295776367 15.640586853027344
      vertex 113.64978790283203 63.12156295776367 15.640586853027344
    endloop
  endfacet
  facet normal 0 0.9195288083585726 -0.3930226082538551
    outer loop
      vertex 113.5999984741211 61.62236022949219 14.072542190551758
      vertex 112.5999984741211 61.79851150512695 14.484671592712402
      vertex 113.69976043701172 61.79851150512695 14.484671592712402
    endloop
  endfacet
  facet normal 0 0.9195288083585728 -0.39302260825385515
    outer loop
      vertex 112.5999984741211 61.79851150512695 14.484671592712402
      vertex 113.5999984741211 61.62236022949219 14.072542190551758
      vertex 112.5999984741211 61.62236022949219 14.072542190551758
    endloop
  endfacet
  facet normal 0 0.3513752678619073 0.9362347040859855
    outer loop
      vertex 112.5999984741211 62.91529083251953 11.047576904296875
      vertex 113.64978790283203 63.33490753173828 10.890091896057129
      vertex 112.5999984741211 63.33490753173828 10.890091896057129
    endloop
  endfacet
  facet normal 0 0.3513752678619073 0.9362347040859855
    outer loop
      vertex 113.64978790283203 63.33490753173828 10.890091896057129
      vertex 112.5999984741211 62.91529083251953 11.047576904296875
      vertex 113.69976043701172 62.91529083251953 11.047576904296875
    endloop
  endfacet
  facet normal 0 -0.9510590532659758 0.30900918627255336
    outer loop
      vertex 112.5999984741211 66.29882049560547 12.317437171936035
      vertex 113.6830825805664 66.43731689453125 12.743697166442871
      vertex 112.5999984741211 66.43731689453125 12.743697166442871
    endloop
  endfacet
  facet normal 0 -0.9510590532659758 0.30900918627255336
    outer loop
      vertex 113.6830825805664 66.43731689453125 12.743697166442871
      vertex 112.5999984741211 66.29882049560547 12.317437171936035
      vertex 113.6830825805664 66.29882049560547 12.317437171936035
    endloop
  endfacet
  facet normal 0 0.6579380114641538 0.7530720902215107
    outer loop
      vertex 112.5999984741211 62.19301223754883 11.572342872619629
      vertex 113.5999984741211 62.53053665161133 11.277457237243652
      vertex 112.5999984741211 62.53053665161133 11.277457237243652
    endloop
  endfacet
  facet normal 0 0.6579380114641539 0.7530720902215107
    outer loop
      vertex 113.5999984741211 62.53053665161133 11.277457237243652
      vertex 112.5999984741211 62.19301223754883 11.572342872619629
      vertex 113.69976043701172 62.19301223754883 11.572342872619629
    endloop
  endfacet
  facet normal 0 -0.9195318842582678 -0.39301541169837045
    outer loop
      vertex 113.5999984741211 66.37763977050781 14.072542190551758
      vertex 112.5999984741211 66.20149230957031 14.484671592712402
      vertex 112.5999984741211 66.37763977050781 14.072542190551758
    endloop
  endfacet
  facet normal 0 -0.9195318842582677 -0.39301541169837045
    outer loop
      vertex 112.5999984741211 66.20149230957031 14.484671592712402
      vertex 113.5999984741211 66.37763977050781 14.072542190551758
      vertex 113.69976043701172 66.20149230957031 14.484671592712402
    endloop
  endfacet
  facet normal 0 -0.6579380114641539 0.7530720902215107
    outer loop
      vertex 112.5999984741211 65.8069839477539 11.572342872619629
      vertex 113.5999984741211 65.4694595336914 11.277457237243652
      vertex 113.69976043701172 65.8069839477539 11.572342872619629
    endloop
  endfacet
  facet normal 0 -0.6579380114641538 0.7530720902215107
    outer loop
      vertex 113.5999984741211 65.4694595336914 11.277457237243652
      vertex 112.5999984741211 65.8069839477539 11.572342872619629
      vertex 112.5999984741211 65.4694595336914 11.277457237243652
    endloop
  endfacet
  facet normal 7.078737184548757e-7 -0.43387600175340696 -0.9009725939794043
    outer loop
      vertex 113.5999984741211 64.97993469238281 15.591708183288574
      vertex 112.5999984741211 64.87843322753906 15.640586853027344
      vertex 113.5999984741211 65.057373046875 15.55441665649414
    endloop
  endfacet
  facet normal 0 -0.43387034055204243 -0.900975320188769
    outer loop
      vertex 112.5999984741211 64.87843322753906 15.640586853027344
      vertex 113.5999984741211 64.97993469238281 15.591708183288574
      vertex 113.64978790283203 64.87843322753906 15.640586853027344
    endloop
  endfacet
  facet normal 0.0000016123942002024715 -0.4338801050677967 -0.9009706179580764
    outer loop
      vertex 112.5999984741211 65.2822494506836 15.446121215820312
      vertex 113.5999984741211 65.057373046875 15.55441665649414
      vertex 112.5999984741211 64.87843322753906 15.640586853027344
    endloop
  endfacet
  facet normal 0 -0.4338859253844323 -0.9009678150485148
    outer loop
      vertex 113.5999984741211 65.057373046875 15.55441665649414
      vertex 112.5999984741211 65.2822494506836 15.446121215820312
      vertex 113.6830825805664 65.2822494506836 15.446121215820312
    endloop
  endfacet
  facet normal 0 -0.08963727735782732 -0.9959744768355642
    outer loop
      vertex 112.5999984741211 64.44639587402344 15.7598237991333
      vertex 113.5999984741211 64 15.799999237060547
      vertex 112.5999984741211 64 15.799999237060547
    endloop
  endfacet
  facet normal 0 -0.08963727735782732 -0.9959744768355642
    outer loop
      vertex 113.5999984741211 64 15.799999237060547
      vertex 112.5999984741211 64.44639587402344 15.7598237991333
      vertex 113.69976043701172 64.44639587402344 15.7598237991333
    endloop
  endfacet
  facet normal 0 -0.8345649141766887 -0.5509096151141823
    outer loop
      vertex 112.5999984741211 66.20149230957031 14.484671592712402
      vertex 113.64978790283203 65.95457458496094 14.858723640441895
      vertex 112.5999984741211 65.95457458496094 14.858723640441895
    endloop
  endfacet
  facet normal 0 -0.8345649141766887 -0.5509096151141822
    outer loop
      vertex 113.64978790283203 65.95457458496094 14.858723640441895
      vertex 112.5999984741211 66.20149230957031 14.484671592712402
      vertex 113.69976043701172 66.20149230957031 14.484671592712402
    endloop
  endfacet
  facet normal 0 -0.9749287136754545 -0.22251742235412406
    outer loop
      vertex 112.5999984741211 66.47737121582031 13.63558292388916
      vertex 113.5999984741211 66.37763977050781 14.072542190551758
      vertex 112.5999984741211 66.37763977050781 14.072542190551758
    endloop
  endfacet
  facet normal 0 -0.9749287136754545 -0.22251742235412406
    outer loop
      vertex 113.5999984741211 66.37763977050781 14.072542190551758
      vertex 112.5999984741211 66.47737121582031 13.63558292388916
      vertex 113.69976043701172 66.47737121582031 13.63558292388916
    endloop
  endfacet
  facet normal 0 -0.9909504188004302 0.13422841531975277
    outer loop
      vertex 112.5999984741211 66.49748229980469 13.187837600708008
      vertex 113.5999984741211 66.48236083984375 13.076202392578125
      vertex 113.64978790283203 66.49748229980469 13.187837600708008
    endloop
  endfacet
  facet normal -0.0000010832686094093876 -0.9909517094720172 0.1342188865000506
    outer loop
      vertex 112.5999984741211 66.49748229980469 13.187837600708008
      vertex 113.5999984741211 66.4708251953125 12.991033554077148
      vertex 113.5999984741211 66.48236083984375 13.076202392578125
    endloop
  endfacet
  facet normal 0.00000289439559768043 -0.9909490210801027 0.13423873365019706
    outer loop
      vertex 112.5999984741211 66.43731689453125 12.743697166442871
      vertex 113.5999984741211 66.4708251953125 12.991033554077148
      vertex 112.5999984741211 66.49748229980469 13.187837600708008
    endloop
  endfacet
  facet normal 0 -0.9909474643411842 0.1342502250120179
    outer loop
      vertex 113.5999984741211 66.4708251953125 12.991033554077148
      vertex 112.5999984741211 66.43731689453125 12.743697166442871
      vertex 113.6830825805664 66.43731689453125 12.743697166442871
    endloop
  endfacet
  facet normal 0 0.5877849909474159 -0.8090171842531815
    outer loop
      vertex 112.5999984741211 62.35515213012695 15.18267822265625
      vertex 113.6830825805664 62.717750549316406 15.446121215820312
      vertex 113.6830825805664 62.35515213012695 15.18267822265625
    endloop
  endfacet
  facet normal 0 0.5877849909474159 -0.8090171842531815
    outer loop
      vertex 113.6830825805664 62.717750549316406 15.446121215820312
      vertex 112.5999984741211 62.35515213012695 15.18267822265625
      vertex 112.5999984741211 62.717750549316406 15.446121215820312
    endloop
  endfacet
  facet normal 0 0 1
    outer loop
      vertex 112.5999984741211 64.2240982055664 10.810063362121582
      vertex 113.6830825805664 63.775901794433594 10.810063362121582
      vertex 113.6830825805664 64.2240982055664 10.810063362121582
    endloop
  endfacet
  facet normal 0 0 1
    outer loop
      vertex 113.6830825805664 63.775901794433594 10.810063362121582
      vertex 112.5999984741211 64.2240982055664 10.810063362121582
      vertex 112.5999984741211 63.775901794433594 10.810063362121582
    endloop
  endfacet
  facet normal 0 -0.5129037012468172 0.8584461504644982
    outer loop
      vertex 112.5999984741211 65.08470916748047 11.047576904296875
      vertex 113.5999984741211 65.4694595336914 11.277457237243652
      vertex 112.5999984741211 65.4694595336914 11.277457237243652
    endloop
  endfacet
  facet normal 0 -0.5129037012468171 0.8584461504644981
    outer loop
      vertex 113.5999984741211 65.4694595336914 11.277457237243652
      vertex 112.5999984741211 65.08470916748047 11.047576904296875
      vertex 113.69976043701172 65.08470916748047 11.047576904296875
    endloop
  endfacet
  facet normal 0 0.8345727405044892 -0.5508977589415541
    outer loop
      vertex 112.5999984741211 61.79851150512695 14.484671592712402
      vertex 113.64978790283203 62.0454216003418 14.858723640441895
      vertex 113.69976043701172 61.79851150512695 14.484671592712402
    endloop
  endfacet
  facet normal 0 0.8345727405044892 -0.5508977589415541
    outer loop
      vertex 113.64978790283203 62.0454216003418 14.858723640441895
      vertex 112.5999984741211 61.79851150512695 14.484671592712402
      vertex 112.5999984741211 62.0454216003418 14.858723640441895
    endloop
  endfacet
  facet normal -0.0000014341040041000912 -0.1785612397502274 0.9839288000952128
    outer loop
      vertex 113.5999984741211 64.55424499511719 10.869976997375488
      vertex 112.5999984741211 64.66509246826172 10.890091896057129
      vertex 113.5999984741211 64.46968078613281 10.854630470275879
    endloop
  endfacet
  facet normal 0 -0.1785487145783275 0.9839310730546256
    outer loop
      vertex 112.5999984741211 64.66509246826172 10.890091896057129
      vertex 113.5999984741211 64.55424499511719 10.869976997375488
      vertex 113.64978790283203 64.66509246826172 10.890091896057129
    endloop
  endfacet
  facet normal -5.022750123385495e-7 -0.17855662324023833 0.9839296378790463
    outer loop
      vertex 112.5999984741211 64.2240982055664 10.810063362121582
      vertex 113.5999984741211 64.46968078613281 10.854630470275879
      vertex 112.5999984741211 64.66509246826172 10.890091896057129
    endloop
  endfacet
  facet normal 0 -0.17855860327067666 0.9839292785551332
    outer loop
      vertex 113.5999984741211 64.46968078613281 10.854630470275879
      vertex 112.5999984741211 64.2240982055664 10.810063362121582
      vertex 113.6830825805664 64.2240982055664 10.810063362121582
    endloop
  endfacet
  facet normal 0 0.2660370676810914 -0.9639627993961418
    outer loop
      vertex 112.5999984741211 63.55360794067383 15.7598237991333
      vertex 113.64978790283203 63.12156295776367 15.640586853027344
      vertex 112.5999984741211 63.12156295776367 15.640586853027344
    endloop
  endfacet
  facet normal 0 0.2660370676810914 -0.9639627993961418
    outer loop
      vertex 113.64978790283203 63.12156295776367 15.640586853027344
      vertex 112.5999984741211 63.55360794067383 15.7598237991333
      vertex 113.69976043701172 63.55360794067383 15.7598237991333
    endloop
  endfacet
  facet normal 0 0.7818319306720639 0.6234892398282372
    outer loop
      vertex 112.5999984741211 62.19301223754883 11.572342872619629
      vertex 113.64978790283203 61.91356658935547 11.922757148742676
      vertex 113.69976043701172 62.19301223754883 11.572342872619629
    endloop
  endfacet
  facet normal 0 0.7818319306720639 0.6234892398282372
    outer loop
      vertex 113.64978790283203 61.91356658935547 11.922757148742676
      vertex 112.5999984741211 62.19301223754883 11.572342872619629
      vertex 112.5999984741211 61.91356658935547 11.922757148742676
    endloop
  endfacet
  facet normal 0 -0.7818277817663664 0.6234944423635891
    outer loop
      vertex 112.5999984741211 65.8069839477539 11.572342872619629
      vertex 113.64978790283203 66.08643341064453 11.922757148742676
      vertex 112.5999984741211 66.08643341064453 11.922757148742676
    endloop
  endfacet
  facet normal 0 -0.7818277817663664 0.6234944423635892
    outer loop
      vertex 113.64978790283203 66.08643341064453 11.922757148742676
      vertex 112.5999984741211 65.8069839477539 11.572342872619629
      vertex 113.69976043701172 65.8069839477539 11.572342872619629
    endloop
  endfacet
  facet normal 0 -0.9989927846883218 -0.04487110585524304
    outer loop
      vertex 113.64978790283203 66.49748229980469 13.187837600708008
      vertex 112.5999984741211 66.47737121582031 13.63558292388916
      vertex 112.5999984741211 66.49748229980469 13.187837600708008
    endloop
  endfacet
  facet normal 0 -0.9989927846883218 -0.04487110585524304
    outer loop
      vertex 112.5999984741211 66.47737121582031 13.63558292388916
      vertex 113.64978790283203 66.49748229980469 13.187837600708008
      vertex 113.69976043701172 66.47737121582031 13.63558292388916
    endloop
  endfacet
  facet normal 1.7886445009524073e-7 0.178556623240258 0.9839296378791548
    outer loop
      vertex 112.5999984741211 63.33490753173828 10.890091896057129
      vertex 113.5999984741211 63.53031539916992 10.854630470275879
      vertex 112.5999984741211 63.775901794433594 10.810063362121582
    endloop
  endfacet
  facet normal 0 0.17855591814483557 0.9839297658346631
    outer loop
      vertex 112.5999984741211 63.775901794433594 10.810063362121582
      vertex 113.5999984741211 63.53031539916992 10.854630470275879
      vertex 113.6830825805664 63.775901794433594 10.810063362121582
    endloop
  endfacet
  facet normal -7.529469310788497e-7 0.1785612397503604 0.9839288000959456
    outer loop
      vertex 113.5999984741211 63.53031539916992 10.854630470275879
      vertex 112.5999984741211 63.33490753173828 10.890091896057129
      vertex 113.5999984741211 63.44575119018555 10.869976997375488
    endloop
  endfacet
  facet normal 0 0.1785546634498813 0.9839299935261144
    outer loop
      vertex 113.5999984741211 63.44575119018555 10.869976997375488
      vertex 112.5999984741211 63.33490753173828 10.890091896057129
      vertex 113.64978790283203 63.33490753173828 10.890091896057129
    endloop
  endfacet
  facet normal 0 -0.5877890382936494 -0.8090142436705468
    outer loop
      vertex 112.5999984741211 65.2822494506836 15.446121215820312
      vertex 113.6830825805664 65.64484405517578 15.18267822265625
      vertex 113.6830825805664 65.2822494506836 15.446121215820312
    endloop
  endfacet
  facet normal 0 -0.5877890382936494 -0.8090142436705468
    outer loop
      vertex 113.6830825805664 65.64484405517578 15.18267822265625
      vertex 112.5999984741211 65.2822494506836 15.446121215820312
      vertex 112.5999984741211 65.64484405517578 15.18267822265625
    endloop
  endfacet
  facet normal 0 0.8805948640538086 0.4738699034566916
    outer loop
      vertex 113.5999984741211 61.819454193115234 12.097646713256836
      vertex 112.5999984741211 61.70117950439453 12.317437171936035
      vertex 113.6830825805664 61.70117950439453 12.317437171936035
    endloop
  endfacet
  facet normal 5.19340736171651e-7 0.8805961229539291 0.4738675640284307
    outer loop
      vertex 112.5999984741211 61.91356658935547 11.922757148742676
      vertex 113.5999984741211 61.819454193115234 12.097646713256836
      vertex 113.5999984741211 61.86018371582031 12.021958351135254
    endloop
  endfacet
  facet normal 0 0.8805939383638155 0.4738716236671115
    outer loop
      vertex 112.5999984741211 61.91356658935547 11.922757148742676
      vertex 113.5999984741211 61.86018371582031 12.021958351135254
      vertex 113.64978790283203 61.91356658935547 11.922757148742676
    endloop
  endfacet
  facet normal -4.610409568499573e-9 0.8805948728069902 0.47386988719060913
    outer loop
      vertex 113.5999984741211 61.819454193115234 12.097646713256836
      vertex 112.5999984741211 61.91356658935547 11.922757148742676
      vertex 112.5999984741211 61.70117950439453 12.317437171936035
    endloop
  endfacet
  facet normal 0 -0.3513752678619073 0.9362347040859855
    outer loop
      vertex 112.5999984741211 65.08470916748047 11.047576904296875
      vertex 113.64978790283203 64.66509246826172 10.890091896057129
      vertex 113.69976043701172 65.08470916748047 11.047576904296875
    endloop
  endfacet
  facet normal 0 -0.3513752678619073 0.9362347040859855
    outer loop
      vertex 113.64978790283203 64.66509246826172 10.890091896057129
      vertex 112.5999984741211 65.08470916748047 11.047576904296875
      vertex 112.5999984741211 64.66509246826172 10.890091896057129
    endloop
  endfacet
  facet normal 0 0.9909504188004302 0.13422841531975277
    outer loop
      vertex 113.5999984741211 61.51763916015625 13.076202392578125
      vertex 112.5999984741211 61.50251770019531 13.187837600708008
      vertex 113.64978790283203 61.50251770019531 13.187837600708008
    endloop
  endfacet
  facet normal -0.0000010832686094093876 0.9909517094720172 0.1342188865000506
    outer loop
      vertex 113.5999984741211 61.5291748046875 12.991033554077148
      vertex 112.5999984741211 61.50251770019531 13.187837600708008
      vertex 113.5999984741211 61.51763916015625 13.076202392578125
    endloop
  endfacet
  facet normal 0 0.9909494974703164 0.13423521692658658
    outer loop
      vertex 112.5999984741211 61.562679290771484 12.743697166442871
      vertex 113.5999984741211 61.5291748046875 12.991033554077148
      vertex 113.6830825805664 61.562679290771484 12.743697166442871
    endloop
  endfacet
  facet normal 0.000001219357300399537 0.990950153241971 0.134230375803048
    outer loop
      vertex 113.5999984741211 61.5291748046875 12.991033554077148
      vertex 112.5999984741211 61.562679290771484 12.743697166442871
      vertex 112.5999984741211 61.50251770019531 13.187837600708008
    endloop
  endfacet
  facet normal 0 -0.7227931975000306 -0.6910643918244392
    outer loop
      vertex 112.5999984741211 65.64484405517578 15.18267822265625
      vertex 113.5999984741211 65.81732940673828 15.002273559570312
      vertex 113.6830825805664 65.64484405517578 15.18267822265625
    endloop
  endfacet
  facet normal 0.0000013122168111808763 -0.7227968306986655 -0.6910605917936884
    outer loop
      vertex 112.5999984741211 65.95457458496094 14.858723640441895
      vertex 113.5999984741211 65.81732940673828 15.002273559570312
      vertex 112.5999984741211 65.64484405517578 15.18267822265625
    endloop
  endfacet
  facet normal -0.0000015138802046052114 -0.7228066643766821 -0.691050306367317
    outer loop
      vertex 113.5999984741211 65.81732940673828 15.002273559570312
      vertex 112.5999984741211 65.95457458496094 14.858723640441895
      vertex 113.5999984741211 65.87672424316406 14.940149307250977
    endloop
  endfacet
  facet normal 0 -0.7227973777191103 -0.691060019652691
    outer loop
      vertex 113.5999984741211 65.87672424316406 14.940149307250977
      vertex 112.5999984741211 65.95457458496094 14.858723640441895
      vertex 113.64978790283203 65.95457458496094 14.858723640441895
    endloop
  endfacet
  facet normal 0 -0.2660414331476247 -0.9639615945922109
    outer loop
      vertex 112.5999984741211 64.44639587402344 15.7598237991333
      vertex 113.64978790283203 64.87843322753906 15.640586853027344
      vertex 113.69976043701172 64.44639587402344 15.7598237991333
    endloop
  endfacet
  facet normal 0 -0.26604143314762474 -0.963961594592211
    outer loop
      vertex 113.64978790283203 64.87843322753906 15.640586853027344
      vertex 112.5999984741211 64.44639587402344 15.7598237991333
      vertex 112.5999984741211 64.87843322753906 15.640586853027344
    endloop
  endfacet
  facet normal 0 0.9989931661751555 -0.04486261177571003
    outer loop
      vertex 113.64978790283203 61.50251770019531 13.187837600708008
      vertex 112.5999984741211 61.52262496948242 13.63558292388916
      vertex 113.69976043701172 61.52262496948242 13.63558292388916
    endloop
  endfacet
  facet normal 0 0.9989931661751557 -0.04486261177571003
    outer loop
      vertex 112.5999984741211 61.52262496948242 13.63558292388916
      vertex 113.64978790283203 61.50251770019531 13.187837600708008
      vertex 112.5999984741211 61.50251770019531 13.187837600708008
    endloop
  endfacet
  facet normal 0 0.7227931975000306 -0.6910643918244392
    outer loop
      vertex 113.5999984741211 62.18266677856445 15.002273559570312
      vertex 112.5999984741211 62.35515213012695 15.18267822265625
      vertex 113.6830825805664 62.35515213012695 15.18267822265625
    endloop
  endfacet
  facet normal -0.0000015138802046052114 0.7228066643766821 -0.691050306367317
    outer loop
      vertex 112.5999984741211 62.0454216003418 14.858723640441895
      vertex 113.5999984741211 62.18266677856445 15.002273559570312
      vertex 113.5999984741211 62.12327194213867 14.940149307250977
    endloop
  endfacet
  facet normal 0 0.7227973777191103 -0.691060019652691
    outer loop
      vertex 112.5999984741211 62.0454216003418 14.858723640441895
      vertex 113.5999984741211 62.12327194213867 14.940149307250977
      vertex 113.64978790283203 62.0454216003418 14.858723640441895
    endloop
  endfacet
  facet normal 0.0000013122168111808763 0.7227968306986655 -0.6910605917936884
    outer loop
      vertex 113.5999984741211 62.18266677856445 15.002273559570312
      vertex 112.5999984741211 62.0454216003418 14.858723640441895
      vertex 112.5999984741211 62.35515213012695 15.18267822265625
    endloop
  endfacet
  facet normal 0 0.5128999537577252 0.8584483895001046
    outer loop
      vertex 112.5999984741211 62.91529083251953 11.047576904296875
      vertex 113.5999984741211 62.53053665161133 11.277457237243652
      vertex 113.69976043701172 62.91529083251953 11.047576904296875
    endloop
  endfacet
  facet normal 0 0.5128999537577252 0.8584483895001046
    outer loop
      vertex 113.5999984741211 62.53053665161133 11.277457237243652
      vertex 112.5999984741211 62.91529083251953 11.047576904296875
      vertex 112.5999984741211 62.53053665161133 11.277457237243652
    endloop
  endfacet
  facet normal 0 -0.8805884863411144 0.4738817550016722
    outer loop
      vertex 112.5999984741211 66.29882049560547 12.317437171936035
      vertex 113.5999984741211 66.1805419921875 12.097646713256836
      vertex 113.6830825805664 66.29882049560547 12.317437171936035
    endloop
  endfacet
  facet normal -0.0000033638132629696887 -0.8805948728020082 0.4738698871879281
    outer loop
      vertex 112.5999984741211 66.08643341064453 11.922757148742676
      vertex 113.5999984741211 66.1805419921875 12.097646713256836
      vertex 112.5999984741211 66.29882049560547 12.317437171936035
    endloop
  endfacet
  facet normal 0.0000049222008437111204 -0.8806146426820127 0.4738331468669145
    outer loop
      vertex 113.5999984741211 66.1805419921875 12.097646713256836
      vertex 112.5999984741211 66.08643341064453 11.922757148742676
      vertex 113.5999984741211 66.13981628417969 12.021958351135254
    endloop
  endfacet
  facet normal 0 -0.8805939383638155 0.4738716236671115
    outer loop
      vertex 113.5999984741211 66.13981628417969 12.021958351135254
      vertex 112.5999984741211 66.08643341064453 11.922757148742676
      vertex 113.64978790283203 66.08643341064453 11.922757148742676
    endloop
  endfacet
  facet normal 0 0.9510565519063876 0.309016884774817
    outer loop
      vertex 113.6830825805664 61.70117950439453 12.317437171936035
      vertex 112.5999984741211 61.562679290771484 12.743697166442871
      vertex 113.6830825805664 61.562679290771484 12.743697166442871
    endloop
  endfacet
  facet normal 0 0.9510565519063876 0.309016884774817
    outer loop
      vertex 112.5999984741211 61.562679290771484 12.743697166442871
      vertex 113.6830825805664 61.70117950439453 12.317437171936035
      vertex 112.5999984741211 61.70117950439453 12.317437171936035
    endloop
  endfacet
  facet normal 0 0.9749268672323101 -0.22252551212971833
    outer loop
      vertex 112.5999984741211 61.52262496948242 13.63558292388916
      vertex 113.5999984741211 61.62236022949219 14.072542190551758
      vertex 113.69976043701172 61.52262496948242 13.63558292388916
    endloop
  endfacet
  facet normal 0 0.9749268672323101 -0.22252551212971836
    outer loop
      vertex 113.5999984741211 61.62236022949219 14.072542190551758
      vertex 112.5999984741211 61.52262496948242 13.63558292388916
      vertex 112.5999984741211 61.62236022949219 14.072542190551758
    endloop
  endfacet
  facet normal 0.47269299486329147 -0.18321743871486773 -0.8619702447056605
    outer loop
      vertex 116.4000015258789 64.19999694824219 17.292972564697266
      vertex 113.5999984741211 65.01683807373047 15.583863258361816
      vertex 116.4000015258789 65.6413803100586 16.986597061157227
    endloop
  endfacet
  facet normal 0.47269013516005093 -0.18322649484559694 -0.8619698879363299
    outer loop
      vertex 113.5999984741211 65.01683807373047 15.583863258361816
      vertex 116.4000015258789 64.19999694824219 17.292972564697266
      vertex 116.55118560791016 64.04881286621094 17.408016204833984
    endloop
  endfacet
  facet normal 0.47269314195158596 -0.5179756268850578 -0.7129252720341517
    outer loop
      vertex 113.6830825805664 65.64484405517578 15.18267822265625
      vertex 116.4000015258789 66.91755676269531 16.059396743774414
      vertex 113.6830825805664 65.2822494506836 15.446121215820312
    endloop
  endfacet
  facet normal 0.47268946977709686 -0.5179659859728373 -0.7129347112723813
    outer loop
      vertex 113.5999984741211 65.01683807373047 15.583863258361816
      vertex 113.6830825805664 65.2822494506836 15.446121215820312
      vertex 116.4000015258789 66.91755676269531 16.059396743774414
    endloop
  endfacet
  facet normal 0.47256629449073734 -0.5179687578354759 -0.7130143499381115
    outer loop
      vertex 113.6830825805664 65.2822494506836 15.446121215820312
      vertex 113.5999984741211 65.01683807373047 15.583863258361816
      vertex 113.5999984741211 65.057373046875 15.55441665649414
    endloop
  endfacet
  facet normal 0.472691407821142 -0.5179666302758665 -0.7129329582034559
    outer loop
      vertex 113.5999984741211 65.85786437988281 14.97282600402832
      vertex 116.4000015258789 66.91755676269531 16.059396743774414
      vertex 113.6830825805664 65.64484405517578 15.18267822265625
    endloop
  endfacet
  facet normal 0.472781343193894 -0.5179119432849638 -0.7129130525741338
    outer loop
      vertex 113.5999984741211 65.85786437988281 14.97282600402832
      vertex 113.6830825805664 65.64484405517578 15.18267822265625
      vertex 113.5999984741211 65.81732940673828 15.002273559570312
    endloop
  endfacet
  facet normal 0.4726910347553441 -0.5179617709282018 -0.7129367359863309
    outer loop
      vertex 116.4000015258789 66.91755676269531 16.059396743774414
      vertex 113.5999984741211 65.85786437988281 14.97282600402832
      vertex 116.4000015258789 66.99894714355469 16.00026512145996
    endloop
  endfacet
  facet normal 0.4726381202148128 -0.8381281079145764 0.2723132057821294
    outer loop
      vertex 113.6830825805664 66.43731689453125 12.743697166442871
      vertex 113.5999984741211 66.4863052368164 13.038678169250488
      vertex 113.5999984741211 66.4708251953125 12.991033554077148
    endloop
  endfacet
  facet normal 0.47278576033068975 -0.8380575899856558 0.2722739442105433
    outer loop
      vertex 113.5999984741211 66.1650619506836 12.049999237060547
      vertex 113.6830825805664 66.29882049560547 12.317437171936035
      vertex 113.5999984741211 66.1805419921875 12.097646713256836
    endloop
  endfacet
  facet normal 0.47269577476573005 -0.8380922511164556 0.2723234898740438
    outer loop
      vertex 113.6830825805664 66.43731689453125 12.743697166442871
      vertex 116.4000015258789 67.52591705322266 11.377936363220215
      vertex 113.5999984741211 66.4863052368164 13.038678169250488
    endloop
  endfacet
  facet normal 0.47269095594174326 -0.8381001221935975 0.272307629988507
    outer loop
      vertex 113.6830825805664 66.29882049560547 12.317437171936035
      vertex 116.4000015258789 67.52591705322266 11.377936363220215
      vertex 113.6830825805664 66.43731689453125 12.743697166442871
    endloop
  endfacet
  facet normal 0.47269310711640516 -0.8380945028715918 0.27232119040033936
    outer loop
      vertex 113.5999984741211 66.1650619506836 12.049999237060547
      vertex 116.4000015258789 67.52591705322266 11.377936363220215
      vertex 113.6830825805664 66.29882049560547 12.317437171936035
    endloop
  endfacet
  facet normal 0.4726936732996224 -0.8380913283619159 0.27232997731992165
    outer loop
      vertex 116.4000015258789 67.52591705322266 11.377936363220215
      vertex 113.5999984741211 66.1650619506836 12.049999237060547
      vertex 116.4000015258789 67.49482727050781 11.282258033752441
    endloop
  endfacet
  facet normal 0.47269333094796306 -0.18321530423192112 -0.861970514096929
    outer loop
      vertex 113.5999984741211 64 15.799999237060547
      vertex 116.55118560791016 64.04881286621094 17.408016204833984
      vertex 116.5999984741211 64 17.445159912109375
    endloop
  endfacet
  facet normal 0.4726932809350564 -0.18321595854534056 -0.861970402446142
    outer loop
      vertex 116.55118560791016 64.04881286621094 17.408016204833984
      vertex 113.5999984741211 64 15.799999237060547
      vertex 113.69976043701172 64.44639587402344 15.7598237991333
    endloop
  endfacet
  facet normal 0.4726928685682361 -0.18321802903058476 -0.8619701884884883
    outer loop
      vertex 113.64978790283203 64.87843322753906 15.640586853027344
      vertex 116.55118560791016 64.04881286621094 17.408016204833984
      vertex 113.69976043701172 64.44639587402344 15.7598237991333
    endloop
  endfacet
  facet normal 0.4726592105559863 -0.18324062153951323 -0.8619838428267693
    outer loop
      vertex 113.5999984741211 65.01683807373047 15.583863258361816
      vertex 113.64978790283203 64.87843322753906 15.640586853027344
      vertex 113.5999984741211 64.97993469238281 15.591708183288574
    endloop
  endfacet
  facet normal 0.4726911867426111 -0.18322342992154006 -0.8619699627618405
    outer loop
      vertex 113.64978790283203 64.87843322753906 15.640586853027344
      vertex 113.5999984741211 65.01683807373047 15.583863258361816
      vertex 116.55118560791016 64.04881286621094 17.408016204833984
    endloop
  endfacet
  facet normal 0.4726947271077273 0.8763977538875788 -0.09212313469133682
    outer loop
      vertex 116.5999984741211 60.0542106628418 14.547574043273926
      vertex 113.5999984741211 61.62236022949219 14.072542190551758
      vertex 116.5999984741211 60.057716369628906 14.580924987792969
    endloop
  endfacet
  facet normal 0.4726941564291925 0.8763988053670628 -0.09211605956009573
    outer loop
      vertex 116.5999984741211 60.0542106628418 14.547574043273926
      vertex 113.69976043701172 61.52262496948242 13.63558292388916
      vertex 113.5999984741211 61.62236022949219 14.072542190551758
    endloop
  endfacet
  facet normal 0.4726937741128521 0.8763992073999307 -0.09211419642878751
    outer loop
      vertex 116.5999984741211 60.0542106628418 14.547574043273926
      vertex 113.64978790283203 61.50251770019531 13.187837600708008
      vertex 113.69976043701172 61.52262496948242 13.63558292388916
    endloop
  endfacet
  facet normal 0.4726934818292063 0.8763994599756318 -0.09211329323502954
    outer loop
      vertex 113.5999984741211 61.513694763183594 13.038678169250488
      vertex 113.64978790283203 61.50251770019531 13.187837600708008
      vertex 116.5999984741211 60.0542106628418 14.547574043273926
    endloop
  endfacet
  facet normal 0.47271706131218183 0.8763858069256362 -0.09212218714119072
    outer loop
      vertex 113.64978790283203 61.50251770019531 13.187837600708008
      vertex 113.5999984741211 61.513694763183594 13.038678169250488
      vertex 113.5999984741211 61.51763916015625 13.076202392578125
    endloop
  endfacet
  facet normal 0.47269379870082767 0.6548787313922452 0.5896561878246211
    outer loop
      vertex 116.5999984741211 60.41018295288086 11.227418899536133
      vertex 116.5999984741211 61.54109573364258 9.971414566040039
      vertex 113.5999984741211 61.834938049316406 12.049999237060547
    endloop
  endfacet
  facet normal 0.4726932959288519 -0.5179736501862472 -0.7129266061079879
    outer loop
      vertex 116.4000015258789 66.91755676269531 16.059396743774414
      vertex 116.4000015258789 65.6413803100586 16.986597061157227
      vertex 113.5999984741211 65.01683807373047 15.583863258361816
    endloop
  endfacet
  facet normal 0.4726680046776387 0.8381128639646662 0.27230825292488764
    outer loop
      vertex 113.5999984741211 61.513694763183594 13.038678169250488
      vertex 113.6830825805664 61.562679290771484 12.743697166442871
      vertex 113.5999984741211 61.5291748046875 12.991033554077148
    endloop
  endfacet
  facet normal 0.4726094008896404 0.838127840544928 0.2723638689221298
    outer loop
      vertex 113.6830825805664 61.70117950439453 12.317437171936035
      vertex 113.5999984741211 61.834938049316406 12.049999237060547
      vertex 113.5999984741211 61.819454193115234 12.097646713256836
    endloop
  endfacet
  facet normal 0.4726925359372754 0.8380976068875737 0.2723126287899802
    outer loop
      vertex 116.5999984741211 60.39982223510742 11.259312629699707
      vertex 113.6830825805664 61.562679290771484 12.743697166442871
      vertex 113.5999984741211 61.513694763183594 13.038678169250488
    endloop
  endfacet
  facet normal 0.4726929847331496 0.8380968829404019 0.27231407783963135
    outer loop
      vertex 116.5999984741211 60.39982223510742 11.259312629699707
      vertex 113.6830825805664 61.70117950439453 12.317437171936035
      vertex 113.6830825805664 61.562679290771484 12.743697166442871
    endloop
  endfacet
  facet normal 0.47269413148408324 0.8380940948335582 0.2723206680838366
    outer loop
      vertex 116.5999984741211 60.39982223510742 11.259312629699707
      vertex 113.5999984741211 61.834938049316406 12.049999237060547
      vertex 113.6830825805664 61.70117950439453 12.317437171936035
    endloop
  endfacet
  facet normal 0.4726892118909374 0.838115636664495 0.2722629033496718
    outer loop
      vertex 113.5999984741211 61.834938049316406 12.049999237060547
      vertex 116.5999984741211 60.39982223510742 11.259312629699707
      vertex 116.5999984741211 60.41018295288086 11.227418899536133
    endloop
  endfacet
  facet normal 0.47269366161817933 0.7631641874548524 -0.44061448597654274
    outer loop
      vertex 116.5999984741211 60.90277862548828 16.04461097717285
      vertex 116.5999984741211 60.057716369628906 14.580924987792969
      vertex 113.5999984741211 61.62236022949219 14.072542190551758
    endloop
  endfacet
  facet normal 0.4726931245043228 0.18321784588597903 -0.8619700870652314
    outer loop
      vertex 116.5999984741211 63.96719741821289 17.438188552856445
      vertex 116.5999984741211 62.31401062011719 17.0867919921875
      vertex 113.5999984741211 62.983158111572266 15.583863258361816
    endloop
  endfacet
  facet normal 0.47269315490613895 0.5179720557996735 -0.712927858002155
    outer loop
      vertex 116.5999984741211 62.31401062011719 17.0867919921875
      vertex 116.5999984741211 60.94667434692383 16.093364715576172
      vertex 113.5999984741211 62.983158111572266 15.583863258361816
    endloop
  endfacet
  facet normal 0.4726933580924458 0.3584277090624739 0.8050407235609347
    outer loop
      vertex 116.5999984741211 61.59416961669922 9.932854652404785
      vertex 116.5999984741211 63.1381721496582 9.2454195022583
      vertex 113.5999984741211 63.480220794677734 10.854630470275879
    endloop
  endfacet
  facet normal 0.4726921212278754 -0.8380973504556123 0.27231413787824915
    outer loop
      vertex 116.4000015258789 67.52591705322266 11.377936363220215
      vertex 116.4000015258789 68.01337432861328 12.87817668914795
      vertex 113.5999984741211 66.4863052368164 13.038678169250488
    endloop
  endfacet
  facet normal 0.4726913550171382 -0.7631694569516235 -0.4406078334167763
    outer loop
      vertex 113.5999984741211 65.85786437988281 14.97282600402832
      vertex 116.4000015258789 67.04924774169922 15.913140296936035
      vertex 116.4000015258789 66.99894714355469 16.00026512145996
    endloop
  endfacet
  facet normal 0.4729059910098624 -0.7631271816110153 -0.44045071046986456
    outer loop
      vertex 113.64978790283203 65.95457458496094 14.858723640441895
      vertex 113.5999984741211 65.85786437988281 14.97282600402832
      vertex 113.5999984741211 65.87672424316406 14.940149307250977
    endloop
  endfacet
  facet normal 0.4726900891138715 -0.7631804811387918 -0.44059009619178063
    outer loop
      vertex 113.5999984741211 65.85786437988281 14.97282600402832
      vertex 113.64978790283203 65.95457458496094 14.858723640441895
      vertex 116.4000015258789 67.04924774169922 15.913140296936035
    endloop
  endfacet
  facet normal 0.4726941019580294 -0.7631591935553305 -0.44062266313260595
    outer loop
      vertex 113.69976043701172 66.20149230957031 14.484671592712402
      vertex 116.4000015258789 67.04924774169922 15.913140296936035
      vertex 113.64978790283203 65.95457458496094 14.858723640441895
    endloop
  endfacet
  facet normal 0.4726895315188871 -0.7631710879825411 -0.4406069646067792
    outer loop
      vertex 116.4000015258789 67.04924774169922 15.913140296936035
      vertex 113.69976043701172 66.20149230957031 14.484671592712402
      vertex 113.5999984741211 66.37763977050781 14.072542190551758
    endloop
  endfacet
  facet normal 0.47269880734254555 0.18319051680390497 -0.8619727792048038
    outer loop
      vertex 116.5999984741211 63.96719741821289 17.438188552856445
      vertex 113.69976043701172 63.55360794067383 15.7598237991333
      vertex 116.5999984741211 64 17.445159912109375
    endloop
  endfacet
  facet normal 0.47269393056691694 0.1832147050460986 -0.861970312632674
    outer loop
      vertex 116.5999984741211 63.96719741821289 17.438188552856445
      vertex 113.64978790283203 63.12156295776367 15.640586853027344
      vertex 113.69976043701172 63.55360794067383 15.7598237991333
    endloop
  endfacet
  facet normal 0.4726912135675574 0.18322341549914803 -0.8619699511171236
    outer loop
      vertex 113.5999984741211 62.983158111572266 15.583863258361816
      vertex 113.64978790283203 63.12156295776367 15.640586853027344
      vertex 116.5999984741211 63.96719741821289 17.438188552856445
    endloop
  endfacet
  facet normal 0.4727017357499322 0.18321775822776692 -0.8619653833472624
    outer loop
      vertex 113.64978790283203 63.12156295776367 15.640586853027344
      vertex 113.5999984741211 62.983158111572266 15.583863258361816
      vertex 113.5999984741211 63.02006530761719 15.591708183288574
    endloop
  endfacet
  facet normal 0.47269313684566683 0.18321747023048207 -0.8619701601455506
    outer loop
      vertex 116.5999984741211 64 17.445159912109375
      vertex 113.69976043701172 63.55360794067383 15.7598237991333
      vertex 113.5999984741211 64 15.799999237060547
    endloop
  endfacet
  facet normal 1 0 0
    outer loop
      vertex 116.5999984741211 63.96719741821289 17.438188552856445
      vertex 116.5999984741211 64 17.445159912109375
      vertex 116.5999984741211 64 17.445161819458008
    endloop
  endfacet
  facet normal 0.47269325281544017 -0.7631640272849254 -0.44061520196313264
    outer loop
      vertex 116.4000015258789 67.83797454833984 14.547032356262207
      vertex 116.4000015258789 67.04924774169922 15.913140296936035
      vertex 113.5999984741211 66.37763977050781 14.072542190551758
    endloop
  endfacet
  facet normal 0.47269248112616513 -0.6548812505986189 0.5896544461811333
    outer loop
      vertex 116.4000015258789 66.43931579589844 10.109987258911133
      vertex 116.4000015258789 67.49482727050781 11.282258033752441
      vertex 113.5999984741211 66.1650619506836 12.049999237060547
    endloop
  endfacet
  facet normal 0.47262215530632284 0.6549362274654872 0.5896497572855279
    outer loop
      vertex 113.5999984741211 61.834938049316406 12.049999237060547
      vertex 113.64978790283203 61.91356658935547 11.922757148742676
      vertex 113.5999984741211 61.86018371582031 12.021958351135254
    endloop
  endfacet
  facet normal 0.47268884395100674 0.654890207218696 0.5896474143870337
    outer loop
      vertex 116.5999984741211 61.54109573364258 9.971414566040039
      vertex 113.64978790283203 61.91356658935547 11.922757148742676
      vertex 113.5999984741211 61.834938049316406 12.049999237060547
    endloop
  endfacet
  facet normal 0.4726938817676882 0.6548775351036572 0.5896574498435115
    outer loop
      vertex 116.5999984741211 61.54109573364258 9.971414566040039
      vertex 113.69976043701172 62.19301223754883 11.572342872619629
      vertex 113.64978790283203 61.91356658935547 11.922757148742676
    endloop
  endfacet
  facet normal 0.47269335696227543 0.6548794848412659 0.5896557051515511
    outer loop
      vertex 116.5999984741211 61.54109573364258 9.971414566040039
      vertex 113.5999984741211 62.53053665161133 11.277457237243652
      vertex 113.69976043701172 62.19301223754883 11.572342872619629
    endloop
  endfacet
  facet normal 0.47269270123032775 0.6548852403084872 0.5896498386582254
    outer loop
      vertex 113.5999984741211 62.53053665161133 11.277457237243652
      vertex 116.5999984741211 61.54109573364258 9.971414566040039
      vertex 116.5999984741211 61.563533782958984 9.946494102478027
    endloop
  endfacet
  facet normal 0.47269359102873226 0.8763993690108465 -0.09211359833244802
    outer loop
      vertex 116.5999984741211 60.0542106628418 14.547574043273926
      vertex 116.5999984741211 59.87754440307617 12.86671257019043
      vertex 113.5999984741211 61.513694763183594 13.038678169250488
    endloop
  endfacet
  facet normal 0.47269217549112824 -0.8764002465703383 -0.09211251294430567
    outer loop
      vertex 116.4000015258789 68.01337432861328 12.87817668914795
      vertex 116.4000015258789 67.8484878540039 14.446981430053711
      vertex 113.5999984741211 66.4863052368164 13.038678169250488
    endloop
  endfacet
  facet normal 0.47269165147788345 -0.8764026855413314 -0.09209199421802897
    outer loop
      vertex 113.5999984741211 66.37763977050781 14.072542190551758
      vertex 116.4000015258789 67.8484878540039 14.446981430053711
      vertex 116.4000015258789 67.83797454833984 14.547032356262207
    endloop
  endfacet
  facet normal 0.47269269744420667 -0.8764003249705399 -0.09210908844653493
    outer loop
      vertex 113.69976043701172 66.47737121582031 13.63558292388916
      vertex 116.4000015258789 67.8484878540039 14.446981430053711
      vertex 113.5999984741211 66.37763977050781 14.072542190551758
    endloop
  endfacet
  facet normal 0.4726951532952009 -0.8763976697769703 -0.09212174803336623
    outer loop
      vertex 113.64978790283203 66.49748229980469 13.187837600708008
      vertex 116.4000015258789 67.8484878540039 14.446981430053711
      vertex 113.69976043701172 66.47737121582031 13.63558292388916
    endloop
  endfacet
  facet normal 0.47271706131218183 -0.8763858069256362 -0.09212218714119072
    outer loop
      vertex 113.5999984741211 66.4863052368164 13.038678169250488
      vertex 113.64978790283203 66.49748229980469 13.187837600708008
      vertex 113.5999984741211 66.48236083984375 13.076202392578125
    endloop
  endfacet
  facet normal 0.4726922944761246 -0.8764001474547364 -0.09211284538115791
    outer loop
      vertex 113.64978790283203 66.49748229980469 13.187837600708008
      vertex 113.5999984741211 66.4863052368164 13.038678169250488
      vertex 116.4000015258789 67.8484878540039 14.446981430053711
    endloop
  endfacet
  facet normal 0.47262215530632284 -0.6549362274654872 0.5896497572855279
    outer loop
      vertex 113.64978790283203 66.08643341064453 11.922757148742676
      vertex 113.5999984741211 66.1650619506836 12.049999237060547
      vertex 113.5999984741211 66.13981628417969 12.021958351135254
    endloop
  endfacet
  facet normal 0.472688516467689 -0.6548904332228914 0.5896474259018765
    outer loop
      vertex 113.64978790283203 66.08643341064453 11.922757148742676
      vertex 116.4000015258789 66.43931579589844 10.109987258911133
      vertex 113.5999984741211 66.1650619506836 12.049999237060547
    endloop
  endfacet
  facet normal 0.47269538026693403 -0.6548730572478083 0.589661221690224
    outer loop
      vertex 113.69976043701172 65.8069839477539 11.572342872619629
      vertex 116.4000015258789 66.43931579589844 10.109987258911133
      vertex 113.64978790283203 66.08643341064453 11.922757148742676
    endloop
  endfacet
  facet normal 0.4726937550909916 -0.6548794030450611 0.5896554768382315
    outer loop
      vertex 113.5999984741211 65.4694595336914 11.277457237243652
      vertex 116.4000015258789 66.43931579589844 10.109987258911133
      vertex 113.69976043701172 65.8069839477539 11.572342872619629
    endloop
  endfacet
  facet normal 0.47269593637660823 -0.6548544594982754 0.5896814297637862
    outer loop
      vertex 116.4000015258789 66.43931579589844 10.109987258911133
      vertex 113.5999984741211 65.4694595336914 11.277457237243652
      vertex 116.4000015258789 66.37199401855469 10.035224914550781
    endloop
  endfacet
  facet normal 0.47269361247593106 -0.3584356283187881 0.8050370482631033
    outer loop
      vertex 113.5999984741211 65.4694595336914 11.277457237243652
      vertex 116.4000015258789 66.28009033203125 9.994305610656738
      vertex 116.4000015258789 66.37199401855469 10.035224914550781
    endloop
  endfacet
  facet normal 0.47269322448124623 -0.3584298674710443 0.8050398410229221
    outer loop
      vertex 116.4000015258789 66.28009033203125 9.994305610656738
      vertex 113.5999984741211 65.4694595336914 11.277457237243652
      vertex 113.69976043701172 65.08470916748047 11.047576904296875
    endloop
  endfacet
  facet normal 0.4726933237969252 -0.3584303211935526 0.8050395806958203
    outer loop
      vertex 113.64978790283203 64.66509246826172 10.890091896057129
      vertex 116.4000015258789 66.28009033203125 9.994305610656738
      vertex 113.69976043701172 65.08470916748047 11.047576904296875
    endloop
  endfacet
  facet normal 0.47271741997034955 -0.35841562938946986 0.8050319729463709
    outer loop
      vertex 113.5999984741211 64.519775390625 10.854630470275879
      vertex 113.64978790283203 64.66509246826172 10.890091896057129
      vertex 113.5999984741211 64.55424499511719 10.869976997375488
    endloop
  endfacet
  facet normal 0.4726857564999422 -0.3584099361635417 0.8050530996532609
    outer loop
      vertex 113.64978790283203 64.66509246826172 10.890091896057129
      vertex 113.5999984741211 64.519775390625 10.854630470275879
      vertex 116.4000015258789 66.28009033203125 9.994305610656738
    endloop
  endfacet
  facet normal 0.47269352699204775 -0.3584285834590413 0.8050402350810568
    outer loop
      vertex 116.4000015258789 64.83902740478516 9.352700233459473
      vertex 116.4000015258789 66.28009033203125 9.994305610656738
      vertex 113.5999984741211 64.519775390625 10.854630470275879
    endloop
  endfacet
  facet normal 0.4726932097988987 0.3584270675449186 0.8050410962560635
    outer loop
      vertex 113.5999984741211 62.53053665161133 11.277457237243652
      vertex 116.5999984741211 61.59416961669922 9.932854652404785
      vertex 113.69976043701172 62.91529083251953 11.047576904296875
    endloop
  endfacet
  facet normal 0.47269395209232556 0.35843026667195743 0.8050392360554904
    outer loop
      vertex 116.5999984741211 61.59416961669922 9.932854652404785
      vertex 113.64978790283203 63.33490753173828 10.890091896057129
      vertex 113.69976043701172 62.91529083251953 11.047576904296875
    endloop
  endfacet
  facet normal 0.47268979078135603 0.35841914834275423 0.805046629576407
    outer loop
      vertex 113.5999984741211 63.480220794677734 10.854630470275879
      vertex 113.64978790283203 63.33490753173828 10.890091896057129
      vertex 116.5999984741211 61.59416961669922 9.932854652404785
    endloop
  endfacet
  facet normal 0.47269609535636165 0.35842028197389614 0.805042423046514
    outer loop
      vertex 113.64978790283203 63.33490753173828 10.890091896057129
      vertex 113.5999984741211 63.480220794677734 10.854630470275879
      vertex 113.5999984741211 63.44575119018555 10.869976997375488
    endloop
  endfacet
  facet normal 0.472692270989868 0.3584165334018312 0.8050463375052739
    outer loop
      vertex 116.5999984741211 61.59416961669922 9.932854652404785
      vertex 113.5999984741211 62.53053665161133 11.277457237243652
      vertex 116.5999984741211 61.563533782958984 9.946494102478027
    endloop
  endfacet
  facet normal 0.47269283441356524 0 0.8812272602989933
    outer loop
      vertex 116.4000015258789 64.83902740478516 9.352700233459473
      vertex 113.6830825805664 64.2240982055664 10.810063362121582
      vertex 116.4000015258789 64.19999694824219 9.352700233459473
    endloop
  endfacet
  facet normal 0.4726931076265849 -0.0000015544546451455235 0.8812271137453191
    outer loop
      vertex 113.5999984741211 64.519775390625 10.854630470275879
      vertex 113.6830825805664 64.2240982055664 10.810063362121582
      vertex 116.4000015258789 64.83902740478516 9.352700233459473
    endloop
  endfacet
  facet normal 0.4726974035049193 0 0.8812248094100096
    outer loop
      vertex 113.6830825805664 64.2240982055664 10.810063362121582
      vertex 113.5999984741211 64.519775390625 10.854630470275879
      vertex 113.5999984741211 64.46968078613281 10.854630470275879
    endloop
  endfacet
  facet normal 0.47269897125235194 0 0.8812239684535187
    outer loop
      vertex 116.4000015258789 64.19999694824219 9.352700233459473
      vertex 116.5999984741211 63.1381721496582 9.2454195022583
      vertex 116.5999984741211 64 9.2454195022583
    endloop
  endfacet
  facet normal 0.47269283441356524 0 0.8812272602989933
    outer loop
      vertex 113.6830825805664 63.775901794433594 10.810063362121582
      vertex 116.4000015258789 64.19999694824219 9.352700233459473
      vertex 113.6830825805664 64.2240982055664 10.810063362121582
    endloop
  endfacet
  facet normal 0.47269300968798694 -0.000001445963452421512 0.8812271662800812
    outer loop
      vertex 116.4000015258789 64.19999694824219 9.352700233459473
      vertex 113.6830825805664 63.775901794433594 10.810063362121582
      vertex 116.5999984741211 63.1381721496582 9.2454195022583
    endloop
  endfacet
  facet normal 0.4726974035049193 0 0.8812248094100096
    outer loop
      vertex 113.5999984741211 63.480220794677734 10.854630470275879
      vertex 113.6830825805664 63.775901794433594 10.810063362121582
      vertex 113.5999984741211 63.53031539916992 10.854630470275879
    endloop
  endfacet
  facet normal 0.4726934952824719 0.000001414164107156731 0.8812269058055592
    outer loop
      vertex 113.6830825805664 63.775901794433594 10.810063362121582
      vertex 113.5999984741211 63.480220794677734 10.854630470275879
      vertex 116.5999984741211 63.1381721496582 9.2454195022583
    endloop
  endfacet
  facet normal 0.4726879435576118 0.7631959507259602 -0.440565601029828
    outer loop
      vertex 116.5999984741211 60.90277862548828 16.04461097717285
      vertex 113.5999984741211 62.14213562011719 14.97282600402832
      vertex 116.5999984741211 60.9195442199707 16.073654174804688
    endloop
  endfacet
  facet normal 0.47269177716013755 0.7631701742018367 -0.44060613819365796
    outer loop
      vertex 113.64978790283203 62.0454216003418 14.858723640441895
      vertex 113.5999984741211 62.14213562011719 14.97282600402832
      vertex 116.5999984741211 60.90277862548828 16.04461097717285
    endloop
  endfacet
  facet normal 0.47277431279659776 0.7631498065601285 -0.44055285937892086
    outer loop
      vertex 113.5999984741211 62.14213562011719 14.97282600402832
      vertex 113.64978790283203 62.0454216003418 14.858723640441895
      vertex 113.5999984741211 62.12327194213867 14.940149307250977
    endloop
  endfacet
  facet normal 0.47269261690466724 0.7631662837430264 -0.4406119758718276
    outer loop
      vertex 116.5999984741211 60.90277862548828 16.04461097717285
      vertex 113.69976043701172 61.79851150512695 14.484671592712402
      vertex 113.64978790283203 62.0454216003418 14.858723640441895
    endloop
  endfacet
  facet normal 0.47269279654508156 0.7631658288412578 -0.44061257106830964
    outer loop
      vertex 113.69976043701172 61.79851150512695 14.484671592712402
      vertex 116.5999984741211 60.90277862548828 16.04461097717285
      vertex 113.5999984741211 61.62236022949219 14.072542190551758
    endloop
  endfacet
  facet normal 0.47269190073405776 0.5179614979009464 -0.7129363601841553
    outer loop
      vertex 113.5999984741211 62.14213562011719 14.97282600402832
      vertex 116.5999984741211 60.94667434692383 16.093364715576172
      vertex 116.5999984741211 60.9195442199707 16.073654174804688
    endloop
  endfacet
  facet normal 0.4726928830899829 0.5179711395316414 -0.7129287039307457
    outer loop
      vertex 116.5999984741211 60.94667434692383 16.093364715576172
      vertex 113.5999984741211 62.14213562011719 14.97282600402832
      vertex 113.6830825805664 62.35515213012695 15.18267822265625
    endloop
  endfacet
  facet normal 0.4726908266462763 0.5179723898975448 -0.7129291589690282
    outer loop
      vertex 113.6830825805664 62.35515213012695 15.18267822265625
      vertex 113.5999984741211 62.14213562011719 14.97282600402832
      vertex 113.5999984741211 62.18266677856445 15.002273559570312
    endloop
  endfacet
  facet normal 0.47269308238028906 0.5179720790361148 -0.712927889206774
    outer loop
      vertex 113.6830825805664 62.717750549316406 15.446121215820312
      vertex 116.5999984741211 60.94667434692383 16.093364715576172
      vertex 113.6830825805664 62.35515213012695 15.18267822265625
    endloop
  endfacet
  facet normal 0.4726568319224761 0.5179721278386352 -0.7129518875908281
    outer loop
      vertex 113.5999984741211 62.983158111572266 15.583863258361816
      vertex 113.6830825805664 62.717750549316406 15.446121215820312
      vertex 113.5999984741211 62.942626953125 15.55441665649414
    endloop
  endfacet
  facet normal 0.47269278629264116 0.5179713174234973 -0.7129286388646945
    outer loop
      vertex 113.6830825805664 62.717750549316406 15.446121215820312
      vertex 113.5999984741211 62.983158111572266 15.583863258361816
      vertex 116.5999984741211 60.94667434692383 16.093364715576172
    endloop
  endfacet
  facet normal 0.47269346459180867 0.8380963107627589 0.27231500586277946
    outer loop
      vertex 116.5999984741211 59.87754440307617 12.86671257019043
      vertex 116.5999984741211 60.39982223510742 11.259312629699707
      vertex 113.5999984741211 61.513694763183594 13.038678169250488
    endloop
  endfacet
  facet normal 1 0 0
    outer loop
      vertex 113.5999984741211 65.057373046875 15.55441665649414
      vertex 113.5999984741211 65.01683807373047 15.583863258361816
      vertex 113.5999984741211 64.97993469238281 15.591708183288574
    endloop
  endfacet
  facet normal 1 0 0
    outer loop
      vertex 113.5999984741211 66.4863052368164 13.038678169250488
      vertex 113.5999984741211 66.48236083984375 13.076202392578125
      vertex 113.5999984741211 66.4708251953125 12.991033554077148
    endloop
  endfacet
  facet normal 1 0 0
    outer loop
      vertex 113.5999984741211 61.5291748046875 12.991033554077148
      vertex 113.5999984741211 61.51763916015625 13.076202392578125
      vertex 113.5999984741211 61.513694763183594 13.038678169250488
    endloop
  endfacet
  facet normal 1 0 0
    outer loop
      vertex 113.5999984741211 66.1650619506836 12.049999237060547
      vertex 113.5999984741211 66.1805419921875 12.097646713256836
      vertex 113.5999984741211 66.13981628417969 12.021958351135254
    endloop
  endfacet
  facet normal 1 0 0
    outer loop
      vertex 113.5999984741211 61.834938049316406 12.049999237060547
      vertex 113.5999984741211 61.86018371582031 12.021958351135254
      vertex 113.5999984741211 61.819454193115234 12.097646713256836
    endloop
  endfacet
  facet normal 1 0 0
    outer loop
      vertex 113.5999984741211 65.87672424316406 14.940149307250977
      vertex 113.5999984741211 65.85786437988281 14.97282600402832
      vertex 113.5999984741211 65.81732940673828 15.002273559570312
    endloop
  endfacet
  facet normal 1 0 0
    outer loop
      vertex 113.5999984741211 63.480220794677734 10.854630470275879
      vertex 113.5999984741211 63.53031539916992 10.854630470275879
      vertex 113.5999984741211 63.44575119018555 10.869976997375488
    endloop
  endfacet
  facet normal 1 0 0
    outer loop
      vertex 113.5999984741211 64.519775390625 10.854630470275879
      vertex 113.5999984741211 64.55424499511719 10.869976997375488
      vertex 113.5999984741211 64.46968078613281 10.854630470275879
    endloop
  endfacet
  facet normal 1 0 0
    outer loop
      vertex 113.5999984741211 62.18266677856445 15.002273559570312
      vertex 113.5999984741211 62.14213562011719 14.97282600402832
      vertex 113.5999984741211 62.12327194213867 14.940149307250977
    endloop
  endfacet
  facet normal 1 0 0
    outer loop
      vertex 113.5999984741211 63.02006530761719 15.591708183288574
      vertex 113.5999984741211 62.983158111572266 15.583863258361816
      vertex 113.5999984741211 62.942626953125 15.55441665649414
    endloop
  endfacet
  facet normal 0 0.08964014791662793 -0.9959742184823285
    outer loop
      vertex 112.5999984741211 63.55360794067383 41.259822845458984
      vertex 113.5999984741211 64 41.29999923706055
      vertex 113.69976043701172 63.55360794067383 41.259822845458984
    endloop
  endfacet
  facet normal 0 0.08964014791662793 -0.9959742184823285
    outer loop
      vertex 113.5999984741211 64 41.29999923706055
      vertex 112.5999984741211 63.55360794067383 41.259822845458984
      vertex 112.5999984741211 64 41.29999923706055
    endloop
  endfacet
  facet normal 6.906835175392767e-7 0.4338834322019529 -0.9009690157048555
    outer loop
      vertex 112.5999984741211 63.12156295776367 41.140586853027344
      vertex 113.5999984741211 62.942626953125 41.05441665649414
      vertex 112.5999984741211 62.717750549316406 40.94612121582031
    endloop
  endfacet
  facet normal 0 0.4338859253844323 -0.9009678150485148
    outer loop
      vertex 112.5999984741211 62.717750549316406 40.94612121582031
      vertex 113.5999984741211 62.942626953125 41.05441665649414
      vertex 113.6830825805664 62.717750549316406 40.94612121582031
    endloop
  endfacet
  facet normal 0.0000010381872147046214 0.4338850086581703 -0.9009682565221826
    outer loop
      vertex 113.5999984741211 62.942626953125 41.05441665649414
      vertex 112.5999984741211 63.12156295776367 41.140586853027344
      vertex 113.5999984741211 63.02006530761719 41.09170913696289
    endloop
  endfacet
  facet normal 0 0.4338767055337208 -0.9009722550640529
    outer loop
      vertex 113.5999984741211 63.02006530761719 41.09170913696289
      vertex 112.5999984741211 63.12156295776367 41.140586853027344
      vertex 113.64978790283203 63.12156295776367 41.140586853027344
    endloop
  endfacet
  facet normal 0 0.9195297943753974 -0.39302030132798393
    outer loop
      vertex 113.5999984741211 61.62236022949219 39.572540283203125
      vertex 112.5999984741211 61.79851150512695 39.98467254638672
      vertex 113.69976043701172 61.79851150512695 39.98467254638672
    endloop
  endfacet
  facet normal 0 0.9195297943753975 -0.39302030132798393
    outer loop
      vertex 112.5999984741211 61.79851150512695 39.98467254638672
      vertex 113.5999984741211 61.62236022949219 39.572540283203125
      vertex 112.5999984741211 61.62236022949219 39.572540283203125
    endloop
  endfacet
  facet normal 0 0.3513771329572716 0.9362340041008593
    outer loop
      vertex 112.5999984741211 62.91529083251953 36.547576904296875
      vertex 113.64978790283203 63.33490753173828 36.39009094238281
      vertex 112.5999984741211 63.33490753173828 36.39009094238281
    endloop
  endfacet
  facet normal 0 0.35137713295727163 0.9362340041008593
    outer loop
      vertex 113.64978790283203 63.33490753173828 36.39009094238281
      vertex 112.5999984741211 62.91529083251953 36.547576904296875
      vertex 113.69976043701172 62.91529083251953 36.547576904296875
    endloop
  endfacet
  facet normal 0 -0.9510594596186627 0.3090079356098438
    outer loop
      vertex 112.5999984741211 66.29882049560547 37.81743621826172
      vertex 113.6830825805664 66.43731689453125 38.24369812011719
      vertex 112.5999984741211 66.43731689453125 38.24369812011719
    endloop
  endfacet
  facet normal 0 -0.9510594596186627 0.3090079356098438
    outer loop
      vertex 113.6830825805664 66.43731689453125 38.24369812011719
      vertex 112.5999984741211 66.29882049560547 37.81743621826172
      vertex 113.6830825805664 66.29882049560547 37.81743621826172
    endloop
  endfacet
  facet normal 0 0.6579355980249029 0.753074198769028
    outer loop
      vertex 112.5999984741211 62.19301223754883 37.07234191894531
      vertex 113.5999984741211 62.53053665161133 36.77745819091797
      vertex 112.5999984741211 62.53053665161133 36.77745819091797
    endloop
  endfacet
  facet normal 0 0.6579355980249029 0.753074198769028
    outer loop
      vertex 113.5999984741211 62.53053665161133 36.77745819091797
      vertex 112.5999984741211 62.19301223754883 37.07234191894531
      vertex 113.69976043701172 62.19301223754883 37.07234191894531
    endloop
  endfacet
  facet normal 0 -0.9195328702422815 -0.39301310479930757
    outer loop
      vertex 113.5999984741211 66.37763977050781 39.572540283203125
      vertex 112.5999984741211 66.20149230957031 39.98467254638672
      vertex 112.5999984741211 66.37763977050781 39.572540283203125
    endloop
  endfacet
  facet normal 0 -0.9195328702422815 -0.39301310479930757
    outer loop
      vertex 112.5999984741211 66.20149230957031 39.98467254638672
      vertex 113.5999984741211 66.37763977050781 39.572540283203125
      vertex 113.69976043701172 66.20149230957031 39.98467254638672
    endloop
  endfacet
  facet normal 0 -0.6579355980249029 0.753074198769028
    outer loop
      vertex 112.5999984741211 65.8069839477539 37.07234191894531
      vertex 113.5999984741211 65.4694595336914 36.77745819091797
      vertex 113.69976043701172 65.8069839477539 37.07234191894531
    endloop
  endfacet
  facet normal 0 -0.6579355980249029 0.753074198769028
    outer loop
      vertex 113.5999984741211 65.4694595336914 36.77745819091797
      vertex 112.5999984741211 65.8069839477539 37.07234191894531
      vertex 112.5999984741211 65.4694595336914 36.77745819091797
    endloop
  endfacet
  facet normal 0.0000026933271708203063 -0.4338850086568305 -0.9009682565194005
    outer loop
      vertex 113.5999984741211 64.97993469238281 41.09170913696289
      vertex 112.5999984741211 64.87843322753906 41.140586853027344
      vertex 113.5999984741211 65.057373046875 41.05441665649414
    endloop
  endfacet
  facet normal 0 -0.4338634687782651 -0.9009786293024332
    outer loop
      vertex 112.5999984741211 64.87843322753906 41.140586853027344
      vertex 113.5999984741211 64.97993469238281 41.09170913696289
      vertex 113.64978790283203 64.87843322753906 41.140586853027344
    endloop
  endfacet
  facet normal 0.0000016123942002024715 -0.4338801050677967 -0.9009706179580764
    outer loop
      vertex 112.5999984741211 65.2822494506836 40.94612121582031
      vertex 113.5999984741211 65.057373046875 41.05441665649414
      vertex 112.5999984741211 64.87843322753906 41.140586853027344
    endloop
  endfacet
  facet normal 0 -0.4338859253844323 -0.9009678150485148
    outer loop
      vertex 113.5999984741211 65.057373046875 41.05441665649414
      vertex 112.5999984741211 65.2822494506836 40.94612121582031
      vertex 113.6830825805664 65.2822494506836 40.94612121582031
    endloop
  endfacet
  facet normal 0 -0.08963938804766054 -0.9959742868721265
    outer loop
      vertex 112.5999984741211 64.44639587402344 41.259822845458984
      vertex 113.5999984741211 64 41.29999923706055
      vertex 112.5999984741211 64 41.29999923706055
    endloop
  endfacet
  facet normal 0 -0.08963938804766054 -0.9959742868721265
    outer loop
      vertex 113.5999984741211 64 41.29999923706055
      vertex 112.5999984741211 64.44639587402344 41.259822845458984
      vertex 113.69976043701172 64.44639587402344 41.259822845458984
    endloop
  endfacet
  facet normal 0 -0.8345636225970599 -0.550911571704273
    outer loop
      vertex 112.5999984741211 66.20149230957031 39.98467254638672
      vertex 113.64978790283203 65.95457458496094 40.35872268676758
      vertex 112.5999984741211 65.95457458496094 40.35872268676758
    endloop
  endfacet
  facet normal 0 -0.8345636225970599 -0.550911571704273
    outer loop
      vertex 113.64978790283203 65.95457458496094 40.35872268676758
      vertex 112.5999984741211 66.20149230957031 39.98467254638672
      vertex 113.69976043701172 66.20149230957031 39.98467254638672
    endloop
  endfacet
  facet normal 0 -0.9749286083189419 -0.22251788395832606
    outer loop
      vertex 112.5999984741211 66.47737121582031 39.135581970214844
      vertex 113.5999984741211 66.37763977050781 39.572540283203125
      vertex 112.5999984741211 66.37763977050781 39.572540283203125
    endloop
  endfacet
  facet normal 0 -0.974928608318942 -0.22251788395832608
    outer loop
      vertex 113.5999984741211 66.37763977050781 39.572540283203125
      vertex 112.5999984741211 66.47737121582031 39.135581970214844
      vertex 113.69976043701172 66.47737121582031 39.135581970214844
    endloop
  endfacet
  facet normal 0 -0.9909501137436533 0.134230667402947
    outer loop
      vertex 112.5999984741211 66.49748229980469 38.687835693359375
      vertex 113.5999984741211 66.48236083984375 38.576202392578125
      vertex 113.64978790283203 66.49748229980469 38.687835693359375
    endloop
  endfacet
  facet normal -0.0000016748136035506906 -0.9909521092454302 0.1342159348930972
    outer loop
      vertex 112.5999984741211 66.49748229980469 38.687835693359375
      vertex 113.5999984741211 66.4708251953125 38.491031646728516
      vertex 113.5999984741211 66.48236083984375 38.576202392578125
    endloop
  endfacet
  facet normal 0.000003064578054473898 -0.9909489060493261 0.1342395827997558
    outer loop
      vertex 112.5999984741211 66.43731689453125 38.24369812011719
      vertex 113.5999984741211 66.4708251953125 38.491031646728516
      vertex 112.5999984741211 66.49748229980469 38.687835693359375
    endloop
  endfacet
  facet normal 0 -0.9909472577454248 0.13425174995813827
    outer loop
      vertex 113.5999984741211 66.4708251953125 38.491031646728516
      vertex 112.5999984741211 66.43731689453125 38.24369812011719
      vertex 113.6830825805664 66.43731689453125 38.24369812011719
    endloop
  endfacet
  facet normal 0 0.7818319306720639 0.6234892398282372
    outer loop
      vertex 112.5999984741211 62.19301223754883 37.07234191894531
      vertex 113.64978790283203 61.91356658935547 37.42275619506836
      vertex 113.69976043701172 62.19301223754883 37.07234191894531
    endloop
  endfacet
  facet normal 0 0.7818319306720639 0.6234892398282372
    outer loop
      vertex 113.64978790283203 61.91356658935547 37.42275619506836
      vertex 112.5999984741211 62.19301223754883 37.07234191894531
      vertex 112.5999984741211 61.91356658935547 37.42275619506836
    endloop
  endfacet
  facet normal 0 0.5877849909474159 -0.8090171842531815
    outer loop
      vertex 112.5999984741211 62.35515213012695 40.68267822265625
      vertex 113.6830825805664 62.717750549316406 40.94612121582031
      vertex 113.6830825805664 62.35515213012695 40.68267822265625
    endloop
  endfacet
  facet normal 0 0.5877849909474159 -0.8090171842531815
    outer loop
      vertex 113.6830825805664 62.717750549316406 40.94612121582031
      vertex 112.5999984741211 62.35515213012695 40.68267822265625
      vertex 112.5999984741211 62.717750549316406 40.94612121582031
    endloop
  endfacet
  facet normal 0 0 1
    outer loop
      vertex 112.5999984741211 64.2240982055664 36.310062408447266
      vertex 113.6830825805664 63.775901794433594 36.310062408447266
      vertex 113.6830825805664 64.2240982055664 36.310062408447266
    endloop
  endfacet
  facet normal 0 0 1
    outer loop
      vertex 113.6830825805664 63.775901794433594 36.310062408447266
      vertex 112.5999984741211 64.2240982055664 36.310062408447266
      vertex 112.5999984741211 63.775901794433594 36.310062408447266
    endloop
  endfacet
  facet normal 0 -0.512905269295371 0.8584452135861922
    outer loop
      vertex 112.5999984741211 65.08470916748047 36.547576904296875
      vertex 113.5999984741211 65.4694595336914 36.77745819091797
      vertex 112.5999984741211 65.4694595336914 36.77745819091797
    endloop
  endfacet
  facet normal 0 -0.512905269295371 0.8584452135861922
    outer loop
      vertex 113.5999984741211 65.4694595336914 36.77745819091797
      vertex 112.5999984741211 65.08470916748047 36.547576904296875
      vertex 113.69976043701172 65.08470916748047 36.547576904296875
    endloop
  endfacet
  facet normal 0 0.8345714489683405 -0.5508997155262333
    outer loop
      vertex 112.5999984741211 61.79851150512695 39.98467254638672
      vertex 113.64978790283203 62.0454216003418 40.35872268676758
      vertex 113.69976043701172 61.79851150512695 39.98467254638672
    endloop
  endfacet
  facet normal 0 0.8345714489683403 -0.5508997155262332
    outer loop
      vertex 113.64978790283203 62.0454216003418 40.35872268676758
      vertex 112.5999984741211 61.79851150512695 39.98467254638672
      vertex 112.5999984741211 62.0454216003418 40.35872268676758
    endloop
  endfacet
  facet normal -0.0000014341040041000912 -0.1785612397502274 0.9839288000952128
    outer loop
      vertex 113.5999984741211 64.55424499511719 36.36997604370117
      vertex 112.5999984741211 64.66509246826172 36.39009094238281
      vertex 113.5999984741211 64.46968078613281 36.35462951660156
    endloop
  endfacet
  facet normal 0 -0.1785487145783275 0.9839310730546256
    outer loop
      vertex 112.5999984741211 64.66509246826172 36.39009094238281
      vertex 113.5999984741211 64.55424499511719 36.36997604370117
      vertex 113.64978790283203 64.66509246826172 36.39009094238281
    endloop
  endfacet
  facet normal -5.022750123385495e-7 -0.17855662324023833 0.9839296378790463
    outer loop
      vertex 112.5999984741211 64.2240982055664 36.310062408447266
      vertex 113.5999984741211 64.46968078613281 36.35462951660156
      vertex 112.5999984741211 64.66509246826172 36.39009094238281
    endloop
  endfacet
  facet normal 0 -0.17855860327067666 0.9839292785551332
    outer loop
      vertex 113.5999984741211 64.46968078613281 36.35462951660156
      vertex 112.5999984741211 64.2240982055664 36.310062408447266
      vertex 113.6830825805664 64.2240982055664 36.310062408447266
    endloop
  endfacet
  facet normal 0 0.266035090473306 -0.9639633450691265
    outer loop
      vertex 112.5999984741211 63.55360794067383 41.259822845458984
      vertex 113.64978790283203 63.12156295776367 41.140586853027344
      vertex 112.5999984741211 63.12156295776367 41.140586853027344
    endloop
  endfacet
  facet normal 0 0.266035090473306 -0.9639633450691265
    outer loop
      vertex 113.64978790283203 63.12156295776367 41.140586853027344
      vertex 112.5999984741211 63.55360794067383 41.259822845458984
      vertex 113.69976043701172 63.55360794067383 41.259822845458984
    endloop
  endfacet
  facet normal 0 -0.7818277817663664 0.6234944423635891
    outer loop
      vertex 112.5999984741211 65.8069839477539 37.07234191894531
      vertex 113.64978790283203 66.08643341064453 37.42275619506836
      vertex 112.5999984741211 66.08643341064453 37.42275619506836
    endloop
  endfacet
  facet normal 0 -0.7818277817663664 0.6234944423635892
    outer loop
      vertex 113.64978790283203 66.08643341064453 37.42275619506836
      vertex 112.5999984741211 65.8069839477539 37.07234191894531
      vertex 113.69976043701172 65.8069839477539 37.07234191894531
    endloop
  endfacet
  facet normal 0 -0.9989927889724606 -0.04487101047474579
    outer loop
      vertex 113.64978790283203 66.49748229980469 38.687835693359375
      vertex 112.5999984741211 66.47737121582031 39.135581970214844
      vertex 112.5999984741211 66.49748229980469 38.687835693359375
    endloop
  endfacet
  facet normal 0 -0.9989927889724607 -0.044871010474745794
    outer loop
      vertex 112.5999984741211 66.47737121582031 39.135581970214844
      vertex 113.64978790283203 66.49748229980469 38.687835693359375
      vertex 113.69976043701172 66.47737121582031 39.135581970214844
    endloop
  endfacet
  facet normal 1.7886445009524073e-7 0.178556623240258 0.9839296378791548
    outer loop
      vertex 112.5999984741211 63.33490753173828 36.39009094238281
      vertex 113.5999984741211 63.53031539916992 36.35462951660156
      vertex 112.5999984741211 63.775901794433594 36.310062408447266
    endloop
  endfacet
  facet normal 0 0.17855591814483557 0.9839297658346631
    outer loop
      vertex 112.5999984741211 63.775901794433594 36.310062408447266
      vertex 113.5999984741211 63.53031539916992 36.35462951660156
      vertex 113.6830825805664 63.775901794433594 36.310062408447266
    endloop
  endfacet
  facet normal -7.529469310788497e-7 0.1785612397503604 0.9839288000959456
    outer loop
      vertex 113.5999984741211 63.53031539916992 36.35462951660156
      vertex 112.5999984741211 63.33490753173828 36.39009094238281
      vertex 113.5999984741211 63.44575119018555 36.36997604370117
    endloop
  endfacet
  facet normal 0 0.1785546634498813 0.9839299935261144
    outer loop
      vertex 113.5999984741211 63.44575119018555 36.36997604370117
      vertex 112.5999984741211 63.33490753173828 36.39009094238281
      vertex 113.64978790283203 63.33490753173828 36.39009094238281
    endloop
  endfacet
  facet normal 0 -0.5877890382936494 -0.8090142436705468
    outer loop
      vertex 112.5999984741211 65.2822494506836 40.94612121582031
      vertex 113.6830825805664 65.64484405517578 40.68267822265625
      vertex 113.6830825805664 65.2822494506836 40.94612121582031
    endloop
  endfacet
  facet normal 0 -0.5877890382936494 -0.8090142436705468
    outer loop
      vertex 113.6830825805664 65.64484405517578 40.68267822265625
      vertex 112.5999984741211 65.2822494506836 40.94612121582031
      vertex 112.5999984741211 65.64484405517578 40.68267822265625
    endloop
  endfacet
  facet normal 0 0.8805922900245269 0.47387468675733224
    outer loop
      vertex 113.5999984741211 61.819454193115234 37.59764862060547
      vertex 112.5999984741211 61.70117950439453 37.81743621826172
      vertex 113.6830825805664 61.70117950439453 37.81743621826172
    endloop
  endfacet
  facet normal 0.0000022962060118327063 0.8806035971372448 0.47385367435915543
    outer loop
      vertex 112.5999984741211 61.91356658935547 37.42275619506836
      vertex 113.5999984741211 61.819454193115234 37.59764862060547
      vertex 113.5999984741211 61.86018371582031 37.52195739746094
    endloop
  endfacet
  facet normal 0 0.8805939383638155 0.4738716236671115
    outer loop
      vertex 112.5999984741211 61.91356658935547 37.42275619506836
      vertex 113.5999984741211 61.86018371582031 37.52195739746094
      vertex 113.64978790283203 61.91356658935547 37.42275619506836
    endloop
  endfacet
  facet normal -0.0000013603630317632736 0.8805948728061754 0.47386988719017065
    outer loop
      vertex 113.5999984741211 61.819454193115234 37.59764862060547
      vertex 112.5999984741211 61.91356658935547 37.42275619506836
      vertex 112.5999984741211 61.70117950439453 37.81743621826172
    endloop
  endfacet
  facet normal 0 -0.35137713295727163 0.9362340041008593
    outer loop
      vertex 112.5999984741211 65.08470916748047 36.547576904296875
      vertex 113.64978790283203 64.66509246826172 36.39009094238281
      vertex 113.69976043701172 65.08470916748047 36.547576904296875
    endloop
  endfacet
  facet normal 0 -0.3513771329572716 0.9362340041008593
    outer loop
      vertex 113.64978790283203 64.66509246826172 36.39009094238281
      vertex 112.5999984741211 65.08470916748047 36.547576904296875
      vertex 112.5999984741211 64.66509246826172 36.39009094238281
    endloop
  endfacet
  facet normal 0 0.9909501137436533 0.134230667402947
    outer loop
      vertex 113.5999984741211 61.51763916015625 38.576202392578125
      vertex 112.5999984741211 61.50251770019531 38.687835693359375
      vertex 113.64978790283203 61.50251770019531 38.687835693359375
    endloop
  endfacet
  facet normal -0.0000016748136035506906 0.9909521092454302 0.1342159348930972
    outer loop
      vertex 113.5999984741211 61.5291748046875 38.491031646728516
      vertex 112.5999984741211 61.50251770019531 38.687835693359375
      vertex 113.5999984741211 61.51763916015625 38.576202392578125
    endloop
  endfacet
  facet normal 0 0.990949290920322 0.13423674170848726
    outer loop
      vertex 112.5999984741211 61.562679290771484 38.24369812011719
      vertex 113.5999984741211 61.5291748046875 38.491031646728516
      vertex 113.6830825805664 61.562679290771484 38.24369812011719
    endloop
  endfacet
  facet normal 0.000001389529355891603 0.9909500382256686 0.13423122490171624
    outer loop
      vertex 113.5999984741211 61.5291748046875 38.491031646728516
      vertex 112.5999984741211 61.562679290771484 38.24369812011719
      vertex 112.5999984741211 61.50251770019531 38.687835693359375
    endloop
  endfacet
  facet normal 0 -0.7227931975000306 -0.6910643918244392
    outer loop
      vertex 112.5999984741211 65.64484405517578 40.68267822265625
      vertex 113.5999984741211 65.81732940673828 40.50227355957031
      vertex 113.6830825805664 65.64484405517578 40.68267822265625
    endloop
  endfacet
  facet normal 0.0000016792297381102564 -0.7227978468614444 -0.691059528962332
    outer loop
      vertex 112.5999984741211 65.95457458496094 40.35872268676758
      vertex 113.5999984741211 65.81732940673828 40.50227355957031
      vertex 112.5999984741211 65.64484405517578 40.68267822265625
    endloop
  endfacet
  facet normal 0.0000021908990744328456 -0.7227960664509966 -0.6910613911355246
    outer loop
      vertex 113.5999984741211 65.81732940673828 40.50227355957031
      vertex 112.5999984741211 65.95457458496094 40.35872268676758
      vertex 113.5999984741211 65.87672424316406 40.44015121459961
    endloop
  endfacet
  facet normal 0 -0.7228095059139164 -0.6910473342401952
    outer loop
      vertex 113.5999984741211 65.87672424316406 40.44015121459961
      vertex 112.5999984741211 65.95457458496094 40.35872268676758
      vertex 113.64978790283203 65.95457458496094 40.35872268676758
    endloop
  endfacet
  facet normal 0 -0.2660394559123372 -0.9639621402824219
    outer loop
      vertex 112.5999984741211 64.44639587402344 41.259822845458984
      vertex 113.64978790283203 64.87843322753906 41.140586853027344
      vertex 113.69976043701172 64.44639587402344 41.259822845458984
    endloop
  endfacet
  facet normal 0 -0.2660394559123372 -0.9639621402824219
    outer loop
      vertex 113.64978790283203 64.87843322753906 41.140586853027344
      vertex 112.5999984741211 64.44639587402344 41.259822845458984
      vertex 112.5999984741211 64.87843322753906 41.140586853027344
    endloop
  endfacet
  facet normal 0 0.9989931704576742 -0.044862516413195434
    outer loop
      vertex 113.64978790283203 61.50251770019531 38.687835693359375
      vertex 112.5999984741211 61.52262496948242 39.135581970214844
      vertex 113.69976043701172 61.52262496948242 39.135581970214844
    endloop
  endfacet
  facet normal 0 0.9989931704576742 -0.044862516413195434
    outer loop
      vertex 112.5999984741211 61.52262496948242 39.135581970214844
      vertex 113.64978790283203 61.50251770019531 38.687835693359375
      vertex 112.5999984741211 61.50251770019531 38.687835693359375
    endloop
  endfacet
  facet normal 0 0.7227931975000306 -0.6910643918244392
    outer loop
      vertex 113.5999984741211 62.18266677856445 40.50227355957031
      vertex 112.5999984741211 62.35515213012695 40.68267822265625
      vertex 113.6830825805664 62.35515213012695 40.68267822265625
    endloop
  endfacet
  facet normal 0.0000021908990744328456 0.7227960664509966 -0.6910613911355246
    outer loop
      vertex 112.5999984741211 62.0454216003418 40.35872268676758
      vertex 113.5999984741211 62.18266677856445 40.50227355957031
      vertex 113.5999984741211 62.12327194213867 40.44015121459961
    endloop
  endfacet
  facet normal 0 0.7228095059139164 -0.6910473342401952
    outer loop
      vertex 112.5999984741211 62.0454216003418 40.35872268676758
      vertex 113.5999984741211 62.12327194213867 40.44015121459961
      vertex 113.64978790283203 62.0454216003418 40.35872268676758
    endloop
  endfacet
  facet normal 0.0000016792297381102564 0.7227978468614444 -0.691059528962332
    outer loop
      vertex 113.5999984741211 62.18266677856445 40.50227355957031
      vertex 112.5999984741211 62.0454216003418 40.35872268676758
      vertex 112.5999984741211 62.35515213012695 40.68267822265625
    endloop
  endfacet
  facet normal 0 0.512901521803002 0.8584474526330453
    outer loop
      vertex 112.5999984741211 62.91529083251953 36.547576904296875
      vertex 113.5999984741211 62.53053665161133 36.77745819091797
      vertex 113.69976043701172 62.91529083251953 36.547576904296875
    endloop
  endfacet
  facet normal 0 0.512901521803002 0.8584474526330453
    outer loop
      vertex 113.5999984741211 62.53053665161133 36.77745819091797
      vertex 112.5999984741211 62.91529083251953 36.547576904296875
      vertex 112.5999984741211 62.53053665161133 36.77745819091797
    endloop
  endfacet
  facet normal 0 -0.8805859122017212 0.473886538352655
    outer loop
      vertex 112.5999984741211 66.29882049560547 37.81743621826172
      vertex 113.5999984741211 66.1805419921875 37.59764862060547
      vertex 113.6830825805664 66.29882049560547 37.81743621826172
    endloop
  endfacet
  facet normal -0.000004719565885132191 -0.880594872797183 0.4738698871853316
    outer loop
      vertex 112.5999984741211 66.08643341064453 37.42275619506836
      vertex 113.5999984741211 66.1805419921875 37.59764862060547
      vertex 112.5999984741211 66.29882049560547 37.81743621826172
    endloop
  endfacet
  facet normal 0.00000669897442694844 -0.8806221159299261 0.47381925761858135
    outer loop
      vertex 113.5999984741211 66.1805419921875 37.59764862060547
      vertex 112.5999984741211 66.08643341064453 37.42275619506836
      vertex 113.5999984741211 66.13981628417969 37.52195739746094
    endloop
  endfacet
  facet normal 0 -0.8805939383638155 0.4738716236671115
    outer loop
      vertex 113.5999984741211 66.13981628417969 37.52195739746094
      vertex 112.5999984741211 66.08643341064453 37.42275619506836
      vertex 113.64978790283203 66.08643341064453 37.42275619506836
    endloop
  endfacet
  facet normal 0 0.9510569582782532 0.30901563408752786
    outer loop
      vertex 113.6830825805664 61.70117950439453 37.81743621826172
      vertex 112.5999984741211 61.562679290771484 38.24369812011719
      vertex 113.6830825805664 61.562679290771484 38.24369812011719
    endloop
  endfacet
  facet normal 0 0.9510569582782532 0.30901563408752786
    outer loop
      vertex 112.5999984741211 61.562679290771484 38.24369812011719
      vertex 113.6830825805664 61.70117950439453 37.81743621826172
      vertex 112.5999984741211 61.70117950439453 37.81743621826172
    endloop
  endfacet
  facet normal 0 0.9749267618683364 -0.22252597374895372
    outer loop
      vertex 112.5999984741211 61.52262496948242 39.135581970214844
      vertex 113.5999984741211 61.62236022949219 39.572540283203125
      vertex 113.69976043701172 61.52262496948242 39.135581970214844
    endloop
  endfacet
  facet normal 0 0.9749267618683364 -0.22252597374895375
    outer loop
      vertex 113.5999984741211 61.62236022949219 39.572540283203125
      vertex 112.5999984741211 61.52262496948242 39.135581970214844
      vertex 112.5999984741211 61.62236022949219 39.572540283203125
    endloop
  endfacet
  facet normal 0.472693580037193 -0.18321628213474378 -0.8619701696418176
    outer loop
      vertex 116.4000015258789 64.19999694824219 42.792972564697266
      vertex 113.5999984741211 65.01683807373047 41.0838623046875
      vertex 116.4000015258789 65.6413803100586 42.48659896850586
    endloop
  endfacet
  facet normal 0.4726904929531035 -0.18322605835209538 -0.861969784512489
    outer loop
      vertex 113.5999984741211 65.01683807373047 41.0838623046875
      vertex 116.4000015258789 64.19999694824219 42.792972564697266
      vertex 116.55118560791016 64.04881286621094 42.908016204833984
    endloop
  endfacet
  facet normal 0.47269353061435476 -0.517975504342734 -0.7129251033707724
    outer loop
      vertex 113.6830825805664 65.64484405517578 40.68267822265625
      vertex 116.4000015258789 66.91755676269531 41.55939865112305
      vertex 113.6830825805664 65.2822494506836 40.94612121582031
    endloop
  endfacet
  facet normal 0.4726891988669089 -0.5179641317858689 -0.7129362380030003
    outer loop
      vertex 113.5999984741211 65.01683807373047 41.0838623046875
      vertex 113.6830825805664 65.2822494506836 40.94612121582031
      vertex 116.4000015258789 66.91755676269531 41.55939865112305
    endloop
  endfacet
  facet normal 0.4725351349104165 -0.5179675966055509 -0.713035844219534
    outer loop
      vertex 113.6830825805664 65.2822494506836 40.94612121582031
      vertex 113.5999984741211 65.01683807373047 41.0838623046875
      vertex 113.5999984741211 65.057373046875 41.05441665649414
    endloop
  endfacet
  facet normal 0.47269241878198953 -0.5179697361469174 -0.7129300313929305
    outer loop
      vertex 113.5999984741211 65.85786437988281 40.47282409667969
      vertex 116.4000015258789 66.91755676269531 41.55939865112305
      vertex 113.6830825805664 65.64484405517578 40.68267822265625
    endloop
  endfacet
  facet normal 0.47271905146104115 -0.5179535425544499 -0.7129241377180809
    outer loop
      vertex 113.5999984741211 65.85786437988281 40.47282409667969
      vertex 113.6830825805664 65.64484405517578 40.68267822265625
      vertex 113.5999984741211 65.81732940673828 40.50227355957031
    endloop
  endfacet
  facet normal 0.47269342822924865 -0.5179828862700432 -0.712919807860769
    outer loop
      vertex 116.4000015258789 66.91755676269531 41.55939865112305
      vertex 113.5999984741211 65.85786437988281 40.47282409667969
      vertex 116.4000015258789 66.99894714355469 41.50026321411133
    endloop
  endfacet
  facet normal 0.4726189376014918 -0.8381394940907966 0.2723114545252564
    outer loop
      vertex 113.6830825805664 66.43731689453125 38.24369812011719
      vertex 113.5999984741211 66.4863052368164 38.53867721557617
      vertex 113.5999984741211 66.4708251953125 38.491031646728516
    endloop
  endfacet
  facet normal 0.4728168293338718 -0.8380449380250445 0.27225893511373234
    outer loop
      vertex 113.5999984741211 66.1650619506836 37.54999923706055
      vertex 113.6830825805664 66.29882049560547 37.81743621826172
      vertex 113.5999984741211 66.1805419921875 37.59764862060547
    endloop
  endfacet
  facet normal 0.47269631146486324 -0.838091374437417 0.2723252563041374
    outer loop
      vertex 113.6830825805664 66.43731689453125 38.24369812011719
      vertex 116.4000015258789 67.52591705322266 36.87793731689453
      vertex 113.5999984741211 66.4863052368164 38.53867721557617
    endloop
  endfacet
  facet normal 0.4726906371281617 -0.838100642925245 0.2723065807131065
    outer loop
      vertex 113.6830825805664 66.29882049560547 37.81743621826172
      vertex 116.4000015258789 67.52591705322266 36.87793731689453
      vertex 113.6830825805664 66.43731689453125 38.24369812011719
    endloop
  endfacet
  facet normal 0.4726930887492618 -0.8380942387618903 0.27232203510331343
    outer loop
      vertex 113.5999984741211 66.1650619506836 37.54999923706055
      vertex 116.4000015258789 67.52591705322266 36.87793731689453
      vertex 113.6830825805664 66.29882049560547 37.81743621826172
    endloop
  endfacet
  facet normal 0.4726932882227786 -0.8380931203624894 0.27232513080911763
    outer loop
      vertex 116.4000015258789 67.52591705322266 36.87793731689453
      vertex 113.5999984741211 66.1650619506836 37.54999923706055
      vertex 116.4000015258789 67.49482727050781 36.782257080078125
    endloop
  endfacet
  facet normal 0.47269333094796306 -0.18321530423192112 -0.861970514096929
    outer loop
      vertex 113.5999984741211 64 41.29999923706055
      vertex 116.55118560791016 64.04881286621094 42.908016204833984
      vertex 116.5999984741211 64 42.945159912109375
    endloop
  endfacet
  facet normal 0.472693144600113 -0.1832177421862515 -0.8619700980870676
    outer loop
      vertex 116.55118560791016 64.04881286621094 42.908016204833984
      vertex 113.5999984741211 64 41.29999923706055
      vertex 113.69976043701172 64.44639587402344 41.259822845458984
    endloop
  endfacet
  facet normal 0.4726934759328382 -0.18321607857123046 -0.8619702699997907
    outer loop
      vertex 113.64978790283203 64.87843322753906 41.140586853027344
      vertex 116.55118560791016 64.04881286621094 42.908016204833984
      vertex 113.69976043701172 64.44639587402344 41.259822845458984
    endloop
  endfacet
  facet normal 0.47257199053869137 -0.18329297459897284 -0.8620205329462631
    outer loop
      vertex 113.5999984741211 65.01683807373047 41.0838623046875
      vertex 113.64978790283203 64.87843322753906 41.140586853027344
      vertex 113.5999984741211 64.97993469238281 41.09170913696289
    endloop
  endfacet
  facet normal 0.4726891433089099 -0.18322999198067627 -0.861969688467437
    outer loop
      vertex 113.64978790283203 64.87843322753906 41.140586853027344
      vertex 113.5999984741211 65.01683807373047 41.0838623046875
      vertex 116.55118560791016 64.04881286621094 42.908016204833984
    endloop
  endfacet
  facet normal 0.4726945406459392 0.8763981272242203 -0.09212053973682471
    outer loop
      vertex 116.5999984741211 60.0542106628418 40.04757308959961
      vertex 113.5999984741211 61.62236022949219 39.572540283203125
      vertex 116.5999984741211 60.057716369628906 40.08092498779297
    endloop
  endfacet
  facet normal 0.47269419406687163 0.8763987657880814 -0.09211624297917484
    outer loop
      vertex 116.5999984741211 60.0542106628418 40.04757308959961
      vertex 113.69976043701172 61.52262496948242 39.135581970214844
      vertex 113.5999984741211 61.62236022949219 39.572540283203125
    endloop
  endfacet
  facet normal 0.47269373331368436 0.8763992503028556 -0.09211399760386131
    outer loop
      vertex 116.5999984741211 60.0542106628418 40.04757308959961
      vertex 113.64978790283203 61.50251770019531 38.687835693359375
      vertex 113.69976043701172 61.52262496948242 39.135581970214844
    endloop
  endfacet
  facet normal 0.4726937274559527 0.8763992553647956 -0.09211397950272994
    outer loop
      vertex 113.5999984741211 61.513694763183594 38.53867721557617
      vertex 113.64978790283203 61.50251770019531 38.687835693359375
      vertex 116.5999984741211 60.0542106628418 40.04757308959961
    endloop
  endfacet
  facet normal 0.47271034652904215 0.876389632630515 -0.09212024805732971
    outer loop
      vertex 113.64978790283203 61.50251770019531 38.687835693359375
      vertex 113.5999984741211 61.513694763183594 38.53867721557617
      vertex 113.5999984741211 61.51763916015625 38.576202392578125
    endloop
  endfacet
  facet normal 0.47269350757338846 0.654878847443121 0.5896562923174282
    outer loop
      vertex 116.5999984741211 60.41018295288086 36.727420806884766
      vertex 116.5999984741211 61.54109573364258 35.47141647338867
      vertex 113.5999984741211 61.834938049316406 37.54999923706055
    endloop
  endfacet
  facet normal 0.4726938616247606 -0.5179734718273084 -0.7129263606189886
    outer loop
      vertex 116.4000015258789 66.91755676269531 41.55939865112305
      vertex 116.4000015258789 65.6413803100586 42.48659896850586
      vertex 113.5999984741211 65.01683807373047 41.0838623046875
    endloop
  endfacet
  facet normal 0.47264882316808465 0.8381242503453649 0.2723065018335861
    outer loop
      vertex 113.5999984741211 61.513694763183594 38.53867721557617
      vertex 113.6830825805664 61.562679290771484 38.24369812011719
      vertex 113.5999984741211 61.5291748046875 38.491031646728516
    endloop
  endfacet
  facet normal 0.47264048646620505 0.8381151898154161 0.27234885561290323
    outer loop
      vertex 113.6830825805664 61.70117950439453 37.81743621826172
      vertex 113.5999984741211 61.834938049316406 37.54999923706055
      vertex 113.5999984741211 61.819454193115234 37.59764862060547
    endloop
  endfacet
  facet normal 0.4726932375002678 0.8380966277159674 0.2723144245768822
    outer loop
      vertex 116.5999984741211 60.39982223510742 36.75931167602539
      vertex 113.6830825805664 61.562679290771484 38.24369812011719
      vertex 113.5999984741211 61.513694763183594 38.53867721557617
    endloop
  endfacet
  facet normal 0.4726927983271352 0.8380973361413191 0.27231300659808194
    outer loop
      vertex 116.5999984741211 60.39982223510742 36.75931167602539
      vertex 113.6830825805664 61.70117950439453 37.81743621826172
      vertex 113.6830825805664 61.562679290771484 38.24369812011719
    endloop
  endfacet
  facet normal 0.47269426499178374 0.8380937702281872 0.2723214353454021
    outer loop
      vertex 116.5999984741211 60.39982223510742 36.75931167602539
      vertex 113.5999984741211 61.834938049316406 37.54999923706055
      vertex 113.6830825805664 61.70117950439453 37.81743621826172
    endloop
  endfacet
  facet normal 0.4726911347477719 0.8381074782355772 0.27228467833586456
    outer loop
      vertex 113.5999984741211 61.834938049316406 37.54999923706055
      vertex 116.5999984741211 60.39982223510742 36.75931167602539
      vertex 116.5999984741211 60.41018295288086 36.727420806884766
    endloop
  endfacet
  facet normal 0.4726939231865597 0.7631643145692042 -0.44061398519635725
    outer loop
      vertex 116.5999984741211 60.90277862548828 41.544612884521484
      vertex 116.5999984741211 60.057716369628906 40.08092498779297
      vertex 113.5999984741211 61.62236022949219 39.572540283203125
    endloop
  endfacet
  facet normal 0.4726934234200471 0.1832187640495005 -0.8619697279809827
    outer loop
      vertex 116.5999984741211 63.96719741821289 42.93819046020508
      vertex 116.5999984741211 62.31401062011719 42.5867919921875
      vertex 113.5999984741211 62.983158111572266 41.0838623046875
    endloop
  endfacet
  facet normal 0.47269333090101534 0.517972000310265 -0.7129277816274843
    outer loop
      vertex 116.5999984741211 62.31401062011719 42.5867919921875
      vertex 116.5999984741211 60.94667434692383 41.59336471557617
      vertex 113.5999984741211 62.983158111572266 41.0838623046875
    endloop
  endfacet
  facet normal 0.4726933580924458 0.3584277090624739 0.8050407235609347
    outer loop
      vertex 116.5999984741211 61.59416961669922 35.43285369873047
      vertex 116.5999984741211 63.1381721496582 34.745418548583984
      vertex 113.5999984741211 63.480220794677734 36.35462951660156
    endloop
  endfacet
  facet normal 0.47269197717628814 -0.8380974239432979 0.27231416175582823
    outer loop
      vertex 116.4000015258789 67.52591705322266 36.87793731689453
      vertex 116.4000015258789 68.01337432861328 38.378177642822266
      vertex 113.5999984741211 66.4863052368164 38.53867721557617
    endloop
  endfacet
  facet normal 0.47269172484800104 -0.763167196757879 -0.4406113514798981
    outer loop
      vertex 113.5999984741211 65.85786437988281 40.47282409667969
      vertex 116.4000015258789 67.04924774169922 41.41313934326172
      vertex 116.4000015258789 66.99894714355469 41.50026321411133
    endloop
  endfacet
  facet normal 0.47281033060278643 -0.7631493776140109 -0.44051494721817513
    outer loop
      vertex 113.64978790283203 65.95457458496094 40.35872268676758
      vertex 113.5999984741211 65.85786437988281 40.47282409667969
      vertex 113.5999984741211 65.87672424316406 40.44015121459961
    endloop
  endfacet
  facet normal 0.47269037135805647 -0.7631789840359939 -0.4405923866241571
    outer loop
      vertex 113.5999984741211 65.85786437988281 40.47282409667969
      vertex 113.64978790283203 65.95457458496094 40.35872268676758
      vertex 116.4000015258789 67.04924774169922 41.41313934326172
    endloop
  endfacet
  facet normal 0.47269429314002526 -0.7631581792363865 -0.44062421483329245
    outer loop
      vertex 113.69976043701172 66.20149230957031 39.98467254638672
      vertex 116.4000015258789 67.04924774169922 41.41313934326172
      vertex 113.64978790283203 65.95457458496094 40.35872268676758
    endloop
  endfacet
  facet normal 0.4726885618225768 -0.763173094800203 -0.44060452890907087
    outer loop
      vertex 116.4000015258789 67.04924774169922 41.41313934326172
      vertex 113.69976043701172 66.20149230957031 39.98467254638672
      vertex 113.5999984741211 66.37763977050781 39.572540283203125
    endloop
  endfacet
  facet normal 0.47270935764848604 0.1831413852051488 -0.8619774337050217
    outer loop
      vertex 116.5999984741211 63.96719741821289 42.93819046020508
      vertex 113.69976043701172 63.55360794067383 41.259822845458984
      vertex 116.5999984741211 64 42.945159912109375
    endloop
  endfacet
  facet normal 0.472694992403447 0.1832126399923134 -0.8619701692655913
    outer loop
      vertex 116.5999984741211 63.96719741821289 42.93819046020508
      vertex 113.64978790283203 63.12156295776367 41.140586853027344
      vertex 113.69976043701172 63.55360794067383 41.259822845458984
    endloop
  endfacet
  facet normal 0.4726896678500585 0.18322970996164042 -0.8619694607671285
    outer loop
      vertex 113.5999984741211 62.983158111572266 41.0838623046875
      vertex 113.64978790283203 63.12156295776367 41.140586853027344
      vertex 116.5999984741211 63.96719741821289 42.93819046020508
    endloop
  endfacet
  facet normal 0.47261453238978796 0.183270104657174 -0.8620020722207868
    outer loop
      vertex 113.64978790283203 63.12156295776367 41.140586853027344
      vertex 113.5999984741211 62.983158111572266 41.0838623046875
      vertex 113.5999984741211 63.02006530761719 41.09170913696289
    endloop
  endfacet
  facet normal 0.4726929773591403 0.18321924992987138 -0.86196986931707
    outer loop
      vertex 116.5999984741211 64 42.945159912109375
      vertex 113.69976043701172 63.55360794067383 41.259822845458984
      vertex 113.5999984741211 64 41.29999923706055
    endloop
  endfacet
  facet normal 0.4726933693558761 -0.763163973147403 -0.44061517070666023
    outer loop
      vertex 116.4000015258789 67.83797454833984 40.04703140258789
      vertex 116.4000015258789 67.04924774169922 41.41313934326172
      vertex 113.5999984741211 66.37763977050781 39.572540283203125
    endloop
  endfacet
  facet normal 0.4726926686497468 -0.6548814143826482 0.5896541139523769
    outer loop
      vertex 116.4000015258789 66.43931579589844 35.6099853515625
      vertex 116.4000015258789 67.49482727050781 36.782257080078125
      vertex 113.5999984741211 66.1650619506836 37.54999923706055
    endloop
  endfacet
  facet normal 0.4725967128598835 0.6549563394761109 0.5896478104547547
    outer loop
      vertex 113.5999984741211 61.834938049316406 37.54999923706055
      vertex 113.64978790283203 61.91356658935547 37.42275619506836
      vertex 113.5999984741211 61.86018371582031 37.52195739746094
    endloop
  endfacet
  facet normal 0.47268692825039516 0.6548940859041317 0.5896446422286881
    outer loop
      vertex 116.5999984741211 61.54109573364258 35.47141647338867
      vertex 113.64978790283203 61.91356658935547 37.42275619506836
      vertex 113.5999984741211 61.834938049316406 37.54999923706055
    endloop
  endfacet
  facet normal 0.472693416554038 0.654877765323893 0.5896575670936944
    outer loop
      vertex 116.5999984741211 61.54109573364258 35.47141647338867
      vertex 113.69976043701172 62.19301223754883 37.07234191894531
      vertex 113.64978790283203 61.91356658935547 37.42275619506836
    endloop
  endfacet
  facet normal 0.47269341196909875 0.6548777823577919 0.5896575518512013
    outer loop
      vertex 116.5999984741211 61.54109573364258 35.47141647338867
      vertex 113.5999984741211 62.53053665161133 36.77745819091797
      vertex 113.69976043701172 62.19301223754883 37.07234191894531
    endloop
  endfacet
  facet normal 0.47269121636636613 0.654897052613797 0.5896379096088098
    outer loop
      vertex 113.5999984741211 62.53053665161133 36.77745819091797
      vertex 116.5999984741211 61.54109573364258 35.47141647338867
      vertex 116.5999984741211 61.563533782958984 35.446495056152344
    endloop
  endfacet
  facet normal 0.47269357289140734 0.8763993841195108 -0.09211354765775844
    outer loop
      vertex 116.5999984741211 60.0542106628418 40.04757308959961
      vertex 116.5999984741211 59.87754440307617 38.3667106628418
      vertex 113.5999984741211 61.513694763183594 38.53867721557617
    endloop
  endfacet
  facet normal 0.4726922094258969 -0.8764002110044444 -0.09211267719173671
    outer loop
      vertex 116.4000015258789 68.01337432861328 38.378177642822266
      vertex 116.4000015258789 67.8484878540039 39.94697952270508
      vertex 113.5999984741211 66.4863052368164 38.53867721557617
    endloop
  endfacet
  facet normal 0.4726915985311481 -0.8764028050178019 -0.09209112897014878
    outer loop
      vertex 113.5999984741211 66.37763977050781 39.572540283203125
      vertex 116.4000015258789 67.8484878540039 39.94697952270508
      vertex 116.4000015258789 67.83797454833984 40.04703140258789
    endloop
  endfacet
  facet normal 0.47269270920893935 -0.8764002984162058 -0.09210928073054583
    outer loop
      vertex 113.69976043701172 66.47737121582031 39.135581970214844
      vertex 116.4000015258789 67.8484878540039 39.94697952270508
      vertex 113.5999984741211 66.37763977050781 39.572540283203125
    endloop
  endfacet
  facet normal 0.47269508878170724 -0.876397725690772 -0.09212154713038762
    outer loop
      vertex 113.64978790283203 66.49748229980469 38.687835693359375
      vertex 116.4000015258789 67.8484878540039 39.94697952270508
      vertex 113.69976043701172 66.47737121582031 39.135581970214844
    endloop
  endfacet
  facet normal 0.47271034652904215 -0.876389632630515 -0.09212024805732971
    outer loop
      vertex 113.5999984741211 66.4863052368164 38.53867721557617
      vertex 113.64978790283203 66.49748229980469 38.687835693359375
      vertex 113.5999984741211 66.48236083984375 38.576202392578125
    endloop
  endfacet
  facet normal 0.4726925113707487 -0.8763999594809916 -0.09211352080846287
    outer loop
      vertex 113.64978790283203 66.49748229980469 38.687835693359375
      vertex 113.5999984741211 66.4863052368164 38.53867721557617
      vertex 116.4000015258789 67.8484878540039 39.94697952270508
    endloop
  endfacet
  facet normal 0.4725967128598835 -0.6549563394761109 0.5896478104547547
    outer loop
      vertex 113.64978790283203 66.08643341064453 37.42275619506836
      vertex 113.5999984741211 66.1650619506836 37.54999923706055
      vertex 113.5999984741211 66.13981628417969 37.52195739746094
    endloop
  endfacet
  facet normal 0.4726873119237489 -0.6548938211232627 0.5896446287391013
    outer loop
      vertex 113.64978790283203 66.08643341064453 37.42275619506836
      vertex 116.4000015258789 66.43931579589844 35.6099853515625
      vertex 113.5999984741211 66.1650619506836 37.54999923706055
    endloop
  endfacet
  facet normal 0.4726955465557068 -0.6548729749564987 0.5896611797787155
    outer loop
      vertex 113.69976043701172 65.8069839477539 37.07234191894531
      vertex 116.4000015258789 66.43931579589844 35.6099853515625
      vertex 113.64978790283203 66.08643341064453 37.42275619506836
    endloop
  endfacet
  facet normal 0.4726943655447933 -0.6548775864458488 0.5896570050063552
    outer loop
      vertex 113.5999984741211 65.4694595336914 36.77745819091797
      vertex 116.4000015258789 66.43931579589844 35.6099853515625
      vertex 113.69976043701172 65.8069839477539 37.07234191894531
    endloop
  endfacet
  facet normal 0.4726970819750357 -0.6548465218137701 0.5896893263072465
    outer loop
      vertex 116.4000015258789 66.43931579589844 35.6099853515625
      vertex 113.5999984741211 65.4694595336914 36.77745819091797
      vertex 116.4000015258789 66.37199401855469 35.53522491455078
    endloop
  endfacet
  facet normal 0.4726945010500489 -0.35844240611523576 0.80503350872828
    outer loop
      vertex 113.5999984741211 65.4694595336914 36.77745819091797
      vertex 116.4000015258789 66.28009033203125 35.49430465698242
      vertex 116.4000015258789 66.37199401855469 35.53522491455078
    endloop
  endfacet
  facet normal 0.47269374583069107 -0.35843119237793414 0.8050389450101667
    outer loop
      vertex 116.4000015258789 66.28009033203125 35.49430465698242
      vertex 113.5999984741211 65.4694595336914 36.77745819091797
      vertex 113.69976043701172 65.08470916748047 36.547576904296875
    endloop
  endfacet
  facet normal 0.47269388757668657 -0.3584318399457651 0.805038573461379
    outer loop
      vertex 113.64978790283203 64.66509246826172 36.39009094238281
      vertex 116.4000015258789 66.28009033203125 35.49430465698242
      vertex 113.69976043701172 65.08470916748047 36.547576904296875
    endloop
  endfacet
  facet normal 0.47271741997034955 -0.35841562938946986 0.8050319729463709
    outer loop
      vertex 113.5999984741211 64.519775390625 36.35462951660156
      vertex 113.64978790283203 64.66509246826172 36.39009094238281
      vertex 113.5999984741211 64.55424499511719 36.36997604370117
    endloop
  endfacet
  facet normal 0.4726857564999422 -0.3584099361635417 0.8050530996532609
    outer loop
      vertex 113.64978790283203 64.66509246826172 36.39009094238281
      vertex 113.5999984741211 64.519775390625 36.35462951660156
      vertex 116.4000015258789 66.28009033203125 35.49430465698242
    endloop
  endfacet
  facet normal 0.47269352699204775 -0.3584285834590413 0.8050402350810568
    outer loop
      vertex 116.4000015258789 64.83902740478516 34.852699279785156
      vertex 116.4000015258789 66.28009033203125 35.49430465698242
      vertex 113.5999984741211 64.519775390625 36.35462951660156
    endloop
  endfacet
  facet normal 0.4726937329874036 0.3584283915604658 0.805040199566339
    outer loop
      vertex 113.5999984741211 62.53053665161133 36.77745819091797
      vertex 116.5999984741211 61.59416961669922 35.43285369873047
      vertex 113.69976043701172 62.91529083251953 36.547576904296875
    endloop
  endfacet
  facet normal 0.47269452037146065 0.3584317850328023 0.8050382263526334
    outer loop
      vertex 116.5999984741211 61.59416961669922 35.43285369873047
      vertex 113.64978790283203 63.33490753173828 36.39009094238281
      vertex 113.69976043701172 62.91529083251953 36.547576904296875
    endloop
  endfacet
  facet normal 0.47268979078135603 0.35841914834275423 0.805046629576407
    outer loop
      vertex 113.5999984741211 63.480220794677734 36.35462951660156
      vertex 113.64978790283203 63.33490753173828 36.39009094238281
      vertex 116.5999984741211 61.59416961669922 35.43285369873047
    endloop
  endfacet
  facet normal 0.47269609535636165 0.35842028197389614 0.805042423046514
    outer loop
      vertex 113.64978790283203 63.33490753173828 36.39009094238281
      vertex 113.5999984741211 63.480220794677734 36.35462951660156
      vertex 113.5999984741211 63.44575119018555 36.36997604370117
    endloop
  endfacet
  facet normal 0.4726963247798153 0.35845747734049505 0.805025727215189
    outer loop
      vertex 116.5999984741211 61.59416961669922 35.43285369873047
      vertex 113.5999984741211 62.53053665161133 36.77745819091797
      vertex 116.5999984741211 61.563533782958984 35.446495056152344
    endloop
  endfacet
  facet normal 0.47269283441356524 0 0.8812272602989933
    outer loop
      vertex 116.4000015258789 64.83902740478516 34.852699279785156
      vertex 113.6830825805664 64.2240982055664 36.310062408447266
      vertex 116.4000015258789 64.19999694824219 34.852699279785156
    endloop
  endfacet
  facet normal 0.4726931076265849 -0.0000015544546451455235 0.8812271137453191
    outer loop
      vertex 113.5999984741211 64.519775390625 36.35462951660156
      vertex 113.6830825805664 64.2240982055664 36.310062408447266
      vertex 116.4000015258789 64.83902740478516 34.852699279785156
    endloop
  endfacet
  facet normal 0.4726974035049193 0 0.8812248094100096
    outer loop
      vertex 113.6830825805664 64.2240982055664 36.310062408447266
      vertex 113.5999984741211 64.519775390625 36.35462951660156
      vertex 113.5999984741211 64.46968078613281 36.35462951660156
    endloop
  endfacet
  facet normal 0.47269897125235194 0 0.8812239684535187
    outer loop
      vertex 116.4000015258789 64.19999694824219 34.852699279785156
      vertex 116.5999984741211 63.1381721496582 34.745418548583984
      vertex 116.5999984741211 64 34.745418548583984
    endloop
  endfacet
  facet normal 0.47269283441356524 0 0.8812272602989933
    outer loop
      vertex 113.6830825805664 63.775901794433594 36.310062408447266
      vertex 116.4000015258789 64.19999694824219 34.852699279785156
      vertex 113.6830825805664 64.2240982055664 36.310062408447266
    endloop
  endfacet
  facet normal 0.47269300968798694 -0.000001445963452421512 0.8812271662800812
    outer loop
      vertex 116.4000015258789 64.19999694824219 34.852699279785156
      vertex 113.6830825805664 63.775901794433594 36.310062408447266
      vertex 116.5999984741211 63.1381721496582 34.745418548583984
    endloop
  endfacet
  facet normal 0.4726974035049193 0 0.8812248094100096
    outer loop
      vertex 113.5999984741211 63.480220794677734 36.35462951660156
      vertex 113.6830825805664 63.775901794433594 36.310062408447266
      vertex 113.5999984741211 63.53031539916992 36.35462951660156
    endloop
  endfacet
  facet normal 0.4726934952824719 0.000001414164107156731 0.8812269058055592
    outer loop
      vertex 113.6830825805664 63.775901794433594 36.310062408447266
      vertex 113.5999984741211 63.480220794677734 36.35462951660156
      vertex 116.5999984741211 63.1381721496582 34.745418548583984
    endloop
  endfacet
  facet normal 0.47269038036985345 0.7631822902937758 -0.4405866499200243
    outer loop
      vertex 116.5999984741211 60.90277862548828 41.544612884521484
      vertex 113.5999984741211 62.14213562011719 40.47282409667969
      vertex 116.5999984741211 60.9195442199707 41.57365417480469
    endloop
  endfacet
  facet normal 0.4726924179656407 0.7631685885567293 -0.4406081971980615
    outer loop
      vertex 113.64978790283203 62.0454216003418 40.35872268676758
      vertex 113.5999984741211 62.14213562011719 40.47282409667969
      vertex 116.5999984741211 60.90277862548828 41.544612884521484
    endloop
  endfacet
  facet normal 0.4726786170762063 0.7631719933595315 -0.44061710533133486
    outer loop
      vertex 113.5999984741211 62.14213562011719 40.47282409667969
      vertex 113.64978790283203 62.0454216003418 40.35872268676758
      vertex 113.5999984741211 62.12327194213867 40.44015121459961
    endloop
  endfacet
  facet normal 0.4726931645897733 0.7631651294905036 -0.44061338754042434
    outer loop
      vertex 116.5999984741211 60.90277862548828 41.544612884521484
      vertex 113.69976043701172 61.79851150512695 39.98467254638672
      vertex 113.64978790283203 62.0454216003418 40.35872268676758
    endloop
  endfacet
  facet normal 0.47269218108269395 0.7631676200098018 -0.4406101289256301
    outer loop
      vertex 113.69976043701172 61.79851150512695 39.98467254638672
      vertex 116.5999984741211 60.90277862548828 41.544612884521484
      vertex 113.5999984741211 61.62236022949219 39.572540283203125
    endloop
  endfacet
  facet normal 0.4726922527284892 0.5179613869233536 -0.7129362074315639
    outer loop
      vertex 113.5999984741211 62.14213562011719 40.47282409667969
      vertex 116.5999984741211 60.94667434692383 41.59336471557617
      vertex 116.5999984741211 60.9195442199707 41.57365417480469
    endloop
  endfacet
  facet normal 0.47269358213989915 0.5179744350401584 -0.7129258461078398
    outer loop
      vertex 116.5999984741211 60.94667434692383 41.59336471557617
      vertex 113.5999984741211 62.14213562011719 40.47282409667969
      vertex 113.6830825805664 62.35515213012695 40.68267822265625
    endloop
  endfacet
  facet normal 0.4726285222970628 0.5180139906456139 -0.7129402397162756
    outer loop
      vertex 113.6830825805664 62.35515213012695 40.68267822265625
      vertex 113.5999984741211 62.14213562011719 40.47282409667969
      vertex 113.5999984741211 62.18266677856445 40.50227355957031
    endloop
  endfacet
  facet normal 0.47269308238028906 0.5179720790361148 -0.712927889206774
    outer loop
      vertex 113.6830825805664 62.717750549316406 40.94612121582031
      vertex 116.5999984741211 60.94667434692383 41.59336471557617
      vertex 113.6830825805664 62.35515213012695 40.68267822265625
    endloop
  endfacet
  facet normal 0.4726256768384474 0.5179709688614269 -0.7129733831004872
    outer loop
      vertex 113.5999984741211 62.983158111572266 41.0838623046875
      vertex 113.6830825805664 62.717750549316406 40.94612121582031
      vertex 113.5999984741211 62.942626953125 41.05441665649414
    endloop
  endfacet
  facet normal 0.47269206936295527 0.5179694733018464 -0.7129304540337542
    outer loop
      vertex 113.6830825805664 62.717750549316406 40.94612121582031
      vertex 113.5999984741211 62.983158111572266 41.0838623046875
      vertex 116.5999984741211 60.94667434692383 41.59336471557617
    endloop
  endfacet
  facet normal 0.47269351821105704 0.8380962359259019 0.2723151431119612
    outer loop
      vertex 116.5999984741211 59.87754440307617 38.3667106628418
      vertex 116.5999984741211 60.39982223510742 36.75931167602539
      vertex 113.5999984741211 61.513694763183594 38.53867721557617
    endloop
  endfacet
  facet normal 1 0 0
    outer loop
      vertex 113.5999984741211 65.057373046875 41.05441665649414
      vertex 113.5999984741211 65.01683807373047 41.0838623046875
      vertex 113.5999984741211 64.97993469238281 41.09170913696289
    endloop
  endfacet
  facet normal 1 0 0
    outer loop
      vertex 113.5999984741211 66.4863052368164 38.53867721557617
      vertex 113.5999984741211 66.48236083984375 38.576202392578125
      vertex 113.5999984741211 66.4708251953125 38.491031646728516
    endloop
  endfacet
  facet normal 1 0 0
    outer loop
      vertex 113.5999984741211 61.5291748046875 38.491031646728516
      vertex 113.5999984741211 61.51763916015625 38.576202392578125
      vertex 113.5999984741211 61.513694763183594 38.53867721557617
    endloop
  endfacet
  facet normal 1 0 0
    outer loop
      vertex 113.5999984741211 66.1650619506836 37.54999923706055
      vertex 113.5999984741211 66.1805419921875 37.59764862060547
      vertex 113.5999984741211 66.13981628417969 37.52195739746094
    endloop
  endfacet
  facet normal 1 0 0
    outer loop
      vertex 113.5999984741211 61.834938049316406 37.54999923706055
      vertex 113.5999984741211 61.86018371582031 37.52195739746094
      vertex 113.5999984741211 61.819454193115234 37.59764862060547
    endloop
  endfacet
  facet normal 1 0 0
    outer loop
      vertex 113.5999984741211 65.87672424316406 40.44015121459961
      vertex 113.5999984741211 65.85786437988281 40.47282409667969
      vertex 113.5999984741211 65.81732940673828 40.50227355957031
    endloop
  endfacet
  facet normal 1 0 0
    outer loop
      vertex 113.5999984741211 63.480220794677734 36.35462951660156
      vertex 113.5999984741211 63.53031539916992 36.35462951660156
      vertex 113.5999984741211 63.44575119018555 36.36997604370117
    endloop
  endfacet
  facet normal 1 0 0
    outer loop
      vertex 113.5999984741211 64.519775390625 36.35462951660156
      vertex 113.5999984741211 64.55424499511719 36.36997604370117
      vertex 113.5999984741211 64.46968078613281 36.35462951660156
    endloop
  endfacet
  facet normal 1 0 0
    outer loop
      vertex 113.5999984741211 62.18266677856445 40.50227355957031
      vertex 113.5999984741211 62.14213562011719 40.47282409667969
      vertex 113.5999984741211 62.12327194213867 40.44015121459961
    endloop
  endfacet
  facet normal 1 0 0
    outer loop
      vertex 113.5999984741211 63.02006530761719 41.09170913696289
      vertex 113.5999984741211 62.983158111572266 41.0838623046875
      vertex 113.5999984741211 62.942626953125 41.05441665649414
    endloop
  endfacet
  facet normal -0.7474682259294314 -0.6642975622610009 0
    outer loop
      vertex 4.2377956788186566e-7 1.1421356201171875 -0.45999908447265625
      vertex 0 1.1421360969543457 0
      vertex 0 1.1421360969543457 -0.45999908447265625
    endloop
  endfacet
  facet normal -0.7071068549901001 -0.7071067073829873 0
    outer loop
      vertex 0 1.1421360969543457 0
      vertex 1.1421358585357666 0 0.6821365356445312
      vertex 0 1.1421360969543457 53.779998779296875
    endloop
  endfacet
  facet normal -0.7071068793456502 -0.7071066830274266 8.155949603432747e-8
    outer loop
      vertex 0 1.1421360969543457 0
      vertex 4.2377956788186566e-7 1.1421356201171875 -0.45999908447265625
      vertex 1.1421358585357666 0 0.6821365356445312
    endloop
  endfacet
  facet normal -0.7071070777119502 -0.7071064846610203 0
    outer loop
      vertex 0 1.1421360969543457 53.779998779296875
      vertex 0.1421356201171875 1.0000003576278687 53.83786392211914
      vertex 0 1.1421360969543457 53.97999954223633
    endloop
  endfacet
  facet normal -0.7071068549901001 -0.7071067073829873 0
    outer loop
      vertex 1.1421358585357666 0 53.33786392211914
      vertex 0 1.1421360969543457 53.779998779296875
      vertex 1.1421358585357666 0 0.6821365356445312
    endloop
  endfacet
  facet normal -0.7071069635466904 -0.7071065988261352 -5.608539339113137e-7
    outer loop
      vertex 0 1.1421360969543457 53.779998779296875
      vertex 1.1421358585357666 0 53.33786392211914
      vertex 0.1421356201171875 1.0000003576278687 53.83786392211914
    endloop
  endfacet
  facet normal -0.7071067952354883 -0.7071067671375976 1.1239159602905002e-7
    outer loop
      vertex 0.1421356201171875 1.0000003576278687 53.83786392211914
      vertex 1.1421358585357666 0 53.33786392211914
      vertex 0.39213570952415466 0.7500002980232239 54.08786392211914
    endloop
  endfacet
  facet normal -0.7071068338701212 -0.7071067285029701 0
    outer loop
      vertex 0 1.1421360969543457 0
      vertex -1.5999994277954102 2.742135763168335 53.779998779296875
      vertex -1.5999994277954102 2.742135763168335 0
    endloop
  endfacet
  facet normal -0.7071068338701212 -0.7071067285029701 0
    outer loop
      vertex -1.5999994277954102 2.742135763168335 53.779998779296875
      vertex 0 1.1421360969543457 0
      vertex 0 1.1421360969543457 53.779998779296875
    endloop
  endfacet
  facet normal 0.7071067811865476 -0.7071067811865476 0
    outer loop
      vertex 115.5999984741211 0 49.23553466796875
      vertex 116.5999984741211 1 4.748737335205078
      vertex 116.5999984741211 1 49.23553466796875
    endloop
  endfacet
  facet normal 0.7071067811865476 -0.7071067811865476 0
    outer loop
      vertex 116.5999984741211 1 4.748737335205078
      vertex 115.5999984741211 0 49.23553466796875
      vertex 115.5999984741211 0 4.748737335205078
    endloop
  endfacet
  facet normal 0 -0.7071067811865476 -0.7071067811865476
    outer loop
      vertex 29 2.5 -1.8178634643554688
      vertex 24.5 1.1421356201171875 -0.45999908447265625
      vertex 24.5 2.5 -1.8178634643554688
    endloop
  endfacet
  facet normal 0 -0.7071067811865475 -0.7071067811865475
    outer loop
      vertex 24.5 1.1421356201171875 -0.45999908447265625
      vertex 29 2.5 -1.8178634643554688
      vertex 38 1.1421356201171875 -0.45999908447265625
    endloop
  endfacet
  facet normal 0 -0.7071067811865476 -0.7071067811865476
    outer loop
      vertex 30.91341781616211 2.8806018829345703 -2.198465347290039
      vertex 38 1.1421356201171875 -0.45999908447265625
      vertex 29 2.5 -1.8178634643554688
    endloop
  endfacet
  facet normal 0 -0.7071067811865476 -0.7071067811865476
    outer loop
      vertex 32.5355339050293 3.9644651412963867 -3.2823286056518555
      vertex 38 1.1421356201171875 -0.45999908447265625
      vertex 30.91341781616211 2.8806018829345703 -2.198465347290039
    endloop
  endfacet
  facet normal 0 -0.7071067811865475 -0.7071067811865475
    outer loop
      vertex 32.68097686767578 4.182136535644531 -3.5
      vertex 38 1.1421356201171875 -0.45999908447265625
      vertex 32.5355339050293 3.9644651412963867 -3.2823286056518555
    endloop
  endfacet
  facet normal 0 -0.7071067811865475 -0.7071067811865475
    outer loop
      vertex 38 1.1421356201171875 -0.45999908447265625
      vertex 32.68097686767578 4.182136535644531 -3.5
      vertex 38 4.182136535644531 -3.5
    endloop
  endfacet
  facet normal 0 -0.7071067811865475 -0.7071067811865475
    outer loop
      vertex 24.5 1.1421356201171875 -0.45999908447265625
      vertex 1.1421358585357666 0 0.6821365356445312
      vertex 4.2377956788186566e-7 1.1421356201171875 -0.45999908447265625
    endloop
  endfacet
  facet normal 0 -0.7071067811865475 -0.7071067811865475
    outer loop
      vertex 1.1421358585357666 0 0.6821365356445312
      vertex 24.5 1.1421356201171875 -0.45999908447265625
      vertex 59.5 0 0.6821365356445312
    endloop
  endfacet
  facet normal 0 -0.7071067811865476 -0.7071067811865476
    outer loop
      vertex 38 1.1421356201171875 -0.45999908447265625
      vertex 59.5 0 0.6821365356445312
      vertex 24.5 1.1421356201171875 -0.45999908447265625
    endloop
  endfacet
  facet normal 0 -0.7071067811865475 -0.7071067811865475
    outer loop
      vertex 59.5 0 0.6821365356445312
      vertex 38 1.1421356201171875 -0.45999908447265625
      vertex 59.5 1.1421356201171875 -0.45999908447265625
    endloop
  endfacet
  facet normal 0 -0.7071067811865476 -0.7071067811865476
    outer loop
      vertex 92.5 0 0.6821365356445312
      vertex 108.74213409423828 0.5000009536743164 0.18213558197021484
      vertex 109.84895324707031 0 0.6821365356445312
    endloop
  endfacet
  facet normal 0 -0.7071067811865475 -0.7071067811865475
    outer loop
      vertex 108.0999984741211 1.1421356201171875 -0.45999908447265625
      vertex 92.5 0 0.6821365356445312
      vertex 92.5 1.1421356201171875 -0.45999908447265625
    endloop
  endfacet
  facet normal 0 -0.7071067811865476 -0.7071067811865476
    outer loop
      vertex 92.5 0 0.6821365356445312
      vertex 108.0999984741211 1.1421356201171875 -0.45999908447265625
      vertex 108.74213409423828 0.5000009536743164 0.18213558197021484
    endloop
  endfacet
  facet normal 0 -0.7071067811865475 -0.7071067811865475
    outer loop
      vertex 109.84895324707031 0 0.6821365356445312
      vertex 108.74213409423828 0.5000009536743164 0.18213558197021484
      vertex 109.37832641601562 1.1361950635910034 -0.45405852794647217
    endloop
  endfacet
  facet normal 0 -0.7071067811865475 -0.7071067811865475
    outer loop
      vertex 66.19999694824219 0.19999980926513672 0.48213672637939453
      vertex 89.80000305175781 0.0821371078491211 0.5999994277954102
      vertex 66.19999694824219 0.0821371078491211 0.5999994277954102
    endloop
  endfacet
  facet normal 0 -0.7071067811865475 -0.7071067811865475
    outer loop
      vertex 89.80000305175781 0.0821371078491211 0.5999994277954102
      vertex 66.19999694824219 0.19999980926513672 0.48213672637939453
      vertex 89.80000305175781 0.19999980926513672 0.48213672637939453
    endloop
  endfacet
  facet normal 5.230867703625947e-7 -0.7071060600637167 0.7071075023084497
    outer loop
      vertex 108.74213409423828 0.5000002384185791 53.83786392211914
      vertex 109.79843139648438 0 53.33786392211914
      vertex 109.34259796142578 1.1004657745361328 54.43832778930664
    endloop
  endfacet
  facet normal 0 -0.7071066125991736 0.7071069497738813
    outer loop
      vertex 108.74213409423828 0.5000002384185791 53.83786392211914
      vertex 1.1421358585357666 0 53.33786392211914
      vertex 109.79843139648438 0 53.33786392211914
    endloop
  endfacet
  facet normal -7.408403659791865e-9 -0.7071058154545036 0.7071077469172726
    outer loop
      vertex 108.08999633789062 1.152135968208313 54.48999786376953
      vertex 1.1421358585357666 0 53.33786392211914
      vertex 108.74213409423828 0.5000002384185791 53.83786392211914
    endloop
  endfacet
  facet normal 0 -0.707106159300425 0.707107403072123
    outer loop
      vertex 0.7942714691162109 1.152135968208313 54.48999786376953
      vertex 1.1421358585357666 0 53.33786392211914
      vertex 108.08999633789062 1.152135968208313 54.48999786376953
    endloop
  endfacet
  facet normal 0.0000013792214277051697 -0.7071059510852068 0.7071076112855688
    outer loop
      vertex 1.1421358585357666 0 53.33786392211914
      vertex 0.7942714691162109 1.152135968208313 54.48999786376953
      vertex 0.39213570952415466 0.7500002980232239 54.08786392211914
    endloop
  endfacet
  facet normal -1 0 0
    outer loop
      vertex 24.489999771118164 65 0.5400002598762512
      vertex 24.489999771118164 65 -0.45999908447265625
      vertex 24.489999771118164 64 -0.45999908447265625
    endloop
  endfacet
  facet normal 0 0.7071067811865476 -0.7071067811865476
    outer loop
      vertex 0 64.45999908447266 0
      vertex 24.489999771118164 64 -0.45999908447265625
      vertex 0 64 -0.45999908447265625
    endloop
  endfacet
  facet normal -8.70815438622689e-9 0.7071065493787667 -0.7071070129942523
    outer loop
      vertex 24.489999771118164 64 -0.45999908447265625
      vertex 0 64.45999908447266 0
      vertex 24.489999771118164 65 0.5400002598762512
    endloop
  endfacet
  facet normal 0 0.7071063519134273 -0.707107210459407
    outer loop
      vertex -1.5999994277954102 65 0.5400002598762512
      vertex 0 64.45999908447266 0
      vertex -1.5999994277954102 64.45999908447266 0
    endloop
  endfacet
  facet normal 0 0.7071063519134274 -0.707107210459407
    outer loop
      vertex 0 64.45999908447266 0
      vertex -1.5999994277954102 65 0.5400002598762512
      vertex 24.489999771118164 65 0.5400002598762512
    endloop
  endfacet
  facet normal -1 0 0
    outer loop
      vertex 73.38999938964844 65 0.5400002598762512
      vertex 73.38999938964844 65 -0.45999908447265625
      vertex 73.38999938964844 64 -0.45999908447265625
    endloop
  endfacet
  facet normal 1 0 0
    outer loop
      vertex 38.0099983215332 65 -0.45999908447265625
      vertex 38.0099983215332 65 0.5400002598762512
      vertex 38.0099983215332 64 -0.45999908447265625
    endloop
  endfacet
  facet normal 0 0.7071065493787667 -0.7071070129942523
    outer loop
      vertex 38.0099983215332 64 -0.45999908447265625
      vertex 73.38999938964844 65 0.5400002598762512
      vertex 73.38999938964844 64 -0.45999908447265625
    endloop
  endfacet
  facet normal 0 0.7071065493787667 -0.7071070129942523
    outer loop
      vertex 73.38999938964844 65 0.5400002598762512
      vertex 38.0099983215332 64 -0.45999908447265625
      vertex 38.0099983215332 65 0.5400002598762512
    endloop
  endfacet
  facet normal 1 0 0
    outer loop
      vertex 87.41000366210938 65 -0.45999908447265625
      vertex 87.41000366210938 65 0.5400002598762512
      vertex 87.41000366210938 64 -0.45999908447265625
    endloop
  endfacet
  facet normal 0 0.7071065493787667 -0.7071070129942523
    outer loop
      vertex 109.38426971435547 64 -0.45999908447265625
      vertex 113.8477554321289 65 0.5400002598762512
      vertex 113.71711730957031 64 -0.45999908447265625
    endloop
  endfacet
  facet normal 1.0735856041145917e-7 0.7071063097818644 -0.7071072525909082
    outer loop
      vertex 108.74213409423828 64.64213562011719 0.18213558197021484
      vertex 113.8477554321289 65 0.5400002598762512
      vertex 109.38426971435547 64 -0.45999908447265625
    endloop
  endfacet
  facet normal 0 0.7071065493787667 -0.7071070129942524
    outer loop
      vertex 87.41000366210938 65 0.5400002598762512
      vertex 108.0999984741211 64 -0.45999908447265625
      vertex 87.41000366210938 64 -0.45999908447265625
    endloop
  endfacet
  facet normal -2.7042514296746194e-8 0.7071062696237874 -0.707107292748937
    outer loop
      vertex 108.0999984741211 64 -0.45999908447265625
      vertex 87.41000366210938 65 0.5400002598762512
      vertex 108.74213409423828 64.64213562011719 0.18213558197021484
    endloop
  endfacet
  facet normal 0 0.7071070756194707 -0.7071064867535017
    outer loop
      vertex 108.74213409423828 64.64213562011719 0.18213558197021484
      vertex 87.41000366210938 65 0.5400002598762512
      vertex 113.8477554321289 65 0.5400002598762512
    endloop
  endfacet
  facet normal 0 0.7071067187981309 -0.7071068435749586
    outer loop
      vertex 24.5 67.95999908447266 -3.5
      vertex 38 71 -0.45999962091445923
      vertex 38 67.95999908447266 -3.5
    endloop
  endfacet
  facet normal 0 0.7071067187981309 -0.7071068435749586
    outer loop
      vertex 38 71 -0.45999962091445923
      vertex 24.5 67.95999908447266 -3.5
      vertex 24.5 71 -0.45999962091445923
    endloop
  endfacet
  facet normal 0 0.7071067187981309 -0.7071068435749586
    outer loop
      vertex 73.4000015258789 67.95999908447266 -3.5
      vertex 87.4000015258789 71 -0.45999962091445923
      vertex 87.4000015258789 67.95999908447266 -3.5
    endloop
  endfacet
  facet normal 0 0.7071067187981309 -0.7071068435749586
    outer loop
      vertex 87.4000015258789 71 -0.45999962091445923
      vertex 73.4000015258789 67.95999908447266 -3.5
      vertex 73.4000015258789 71 -0.45999962091445923
    endloop
  endfacet
  facet normal 0 0.7071054458398939 0.7071081165306794
    outer loop
      vertex 114.55231475830078 65 53.47999954223633
      vertex 109.39427185058594 63.98999786376953 54.48999786376953
      vertex 114.38008880615234 63.98999786376953 54.48999786376953
    endloop
  endfacet
  facet normal 2.3998155775763375e-7 0.7071048330489006 0.7071087293187867
    outer loop
      vertex 114.55231475830078 65 53.47999954223633
      vertex 108.74213409423828 64.64213562011719 53.83786392211914
      vertex 109.39427185058594 63.98999786376953 54.48999786376953
    endloop
  endfacet
  facet normal -1.3567528099433368e-8 0.7071047198412539 0.7071088425258318
    outer loop
      vertex 0 65 53.47999954223633
      vertex 108.08999633789062 63.98999786376953 54.48999786376953
      vertex 108.74213409423828 64.64213562011719 53.83786392211914
    endloop
  endfacet
  facet normal 0 0.7071067811865475 0.7071067811865475
    outer loop
      vertex 0 65 53.47999954223633
      vertex 108.74213409423828 64.64213562011719 53.83786392211914
      vertex 114.55231475830078 65 53.47999954223633
    endloop
  endfacet
  facet normal 0 0.7071054458398938 0.7071081165306793
    outer loop
      vertex 108.08999633789062 63.98999786376953 54.48999786376953
      vertex 0 65 53.47999954223633
      vertex 0.7942714691162109 63.98999786376953 54.48999786376953
    endloop
  endfacet
  facet normal 0.000006861474152650664 0.707108143779593 0.7071054185575858
    outer loop
      vertex 0.7942714691162109 63.98999786376953 54.48999786376953
      vertex 0 65 53.47999954223633
      vertex 0.1421356201171875 64.64213562011719 53.83786392211914
    endloop
  endfacet
  facet normal 0 0.7071067811865476 0.7071067811865476
    outer loop
      vertex 0.1421356201171875 64.64213562011719 53.83786392211914
      vertex 0 65 53.47999954223633
      vertex 0 64.5 53.97999954223633
    endloop
  endfacet
  facet normal 0.5000000011189871 -0.5000000011189871 -0.7071067796040608
    outer loop
      vertex 109.38426971435547 1.1505368947982788 -0.45999908447265625
      vertex 116.5999984741211 1 4.748737335205078
      vertex 115.5999984741211 0 4.748737335205078
    endloop
  endfacet
  facet normal 0.49999940770323165 -0.5000012163722619 -0.7071063398971023
    outer loop
      vertex 109.38426971435547 1.1505368947982788 -0.45999908447265625
      vertex 115.5999984741211 0 4.748737335205078
      vertex 109.84895324707031 0 0.6821365356445312
    endloop
  endfacet
  facet normal 0.5000000118664807 -0.4999999705645947 -0.7071067936096523
    outer loop
      vertex 116.5999984741211 1 4.748737335205078
      vertex 109.38426971435547 1.1505368947982788 -0.45999908447265625
      vertex 116.5999984741211 8.366266250610352 -0.45999908447265625
    endloop
  endfacet
  facet normal 0.4999038471333948 -0.5000633005909751 -0.7071300015013445
    outer loop
      vertex 109.38426971435547 1.1505368947982788 -0.45999908447265625
      vertex 109.84895324707031 0 0.6821365356445312
      vertex 109.37832641601562 1.1361950635910034 -0.45405852794647217
    endloop
  endfacet
  facet normal 0.4999999562090832 -0.49999984867514696 0.7071069191542004
    outer loop
      vertex 109.39427185058594 1.2252086400985718 54.48999786376953
      vertex 116.5999984741211 1 49.23553466796875
      vertex 116.5999984741211 8.430936813354492 54.48999786376953
    endloop
  endfacet
  facet normal 0.49999992769609825 -0.49999992769609825 0.7071068834396912
    outer loop
      vertex 116.5999984741211 1 49.23553466796875
      vertex 109.39427185058594 1.2252086400985718 54.48999786376953
      vertex 115.5999984741211 0 49.23553466796875
    endloop
  endfacet
  facet normal 0.5000006694798902 -0.49999843814413714 0.7071074121893257
    outer loop
      vertex 115.5999984741211 0 49.23553466796875
      vertex 109.39427185058594 1.2252086400985718 54.48999786376953
      vertex 109.79843139648438 0 53.33786392211914
    endloop
  endfacet
  facet normal 0.49998242883158694 -0.50000933682175 0.7071126034449823
    outer loop
      vertex 109.79843139648438 0 53.33786392211914
      vertex 109.39427185058594 1.2252086400985718 54.48999786376953
      vertex 109.34259796142578 1.1004657745361328 54.43832778930664
    endloop
  endfacet
  facet normal 0.003983786603391152 -0.8151570130413506 -0.5792263577685343
    outer loop
      vertex 116.4000015258789 67.36366271972656 7.299999237060547
      vertex 116.4000015258789 67.17855072021484 7.560511112213135
      vertex 116.21578979492188 67.36276245117188 7.299999237060547
    endloop
  endfacet
  facet normal 0.8660162413623924 0.2924397166565307 -0.40557968615107287
    outer loop
      vertex 116.5999984741211 59.15843963623047 2.204728364944458
      vertex 115.5999984741211 65 4.281479358673096
      vertex 116.5999984741211 64 5.695693492889404
    endloop
  endfacet
  facet normal 0.8660157957121855 0.2924399252053111 -0.40558048735473257
    outer loop
      vertex 115.5999984741211 65 4.281479358673096
      vertex 116.5999984741211 59.15843963623047 2.204728364944458
      vertex 114.04866027832031 65 0.9689842462539673
    endloop
  endfacet
  facet normal 0.8660146078605581 0.29244238132044553 -0.40558125274690765
    outer loop
      vertex 116.4000015258789 67.17855072021484 7.560511112213135
      vertex 116.4000015258789 66.81725311279297 7.299999237060547
      vertex 116.21578979492188 67.36276245117188 7.299999237060547
    endloop
  endfacet
  facet normal 0.8660154493740598 0.2924436458123524 -0.405578544143332
    outer loop
      vertex 114.04866027832031 65 0.9689842462539673
      vertex 113.71711730957031 64 -0.45999908447265625
      vertex 113.8477554321289 65 0.5400002598762512
    endloop
  endfacet
  facet normal 0.8660169537931341 0.29244113929865545 -0.40557713913454874
    outer loop
      vertex 116.5999984741211 59.15843963623047 2.204728364944458
      vertex 113.71711730957031 64 -0.45999908447265625
      vertex 114.04866027832031 65 0.9689842462539673
    endloop
  endfacet
  facet normal 0.8660163852399466 0.29243947019141114 -0.40557955664715517
    outer loop
      vertex 113.71711730957031 64 -0.45999908447265625
      vertex 116.5999984741211 59.15843963623047 2.204728364944458
      vertex 116.5999984741211 55.462772369384766 -0.45999908447265625
    endloop
  endfacet
  facet normal 0.8939657727767405 0.23135390294922456 0.3837975621259809
    outer loop
      vertex 116.5999984741211 59.242733001708984 52.18090057373047
      vertex 115.5999984741211 65 51.0396728515625
      vertex 114.74854278564453 65 53.0229377746582
    endloop
  endfacet
  facet normal 0.8939658810746014 0.23135387508635105 0.3837973266673971
    outer loop
      vertex 115.5999984741211 65 51.0396728515625
      vertex 116.5999984741211 59.242733001708984 52.18090057373047
      vertex 116.5999984741211 64 49.313209533691406
    endloop
  endfacet
  facet normal 0.893962845221601 0.23136022992177935 0.38380056718801453
    outer loop
      vertex 114.38008880615234 63.98999786376953 54.48999786376953
      vertex 114.74854278564453 65 53.0229377746582
      vertex 114.55231475830078 65 53.47999954223633
    endloop
  endfacet
  facet normal 0.8939659477229996 0.23135403001061813 0.38379707803677354
    outer loop
      vertex 114.38008880615234 63.98999786376953 54.48999786376953
      vertex 116.5999984741211 59.242733001708984 52.18090057373047
      vertex 114.74854278564453 65 53.0229377746582
    endloop
  endfacet
  facet normal 0.8939657865499187 0.23135366502213714 0.38379767346742777
    outer loop
      vertex 116.5999984741211 59.242733001708984 52.18090057373047
      vertex 114.38008880615234 63.98999786376953 54.48999786376953
      vertex 116.5999984741211 55.4121208190918 54.48999786376953
    endloop
  endfacet
  facet normal -0.7071047130574503 0 0.7071088493095959
    outer loop
      vertex 108.74213409423828 64.64213562011719 53.83786392211914
      vertex 109.39427185058594 1.2252086400985718 54.48999786376953
      vertex 109.39427185058594 63.98999786376953 54.48999786376953
    endloop
  endfacet
  facet normal -0.7071047130574504 0 0.7071088493095959
    outer loop
      vertex 108.74213409423828 0.5000002384185791 53.83786392211914
      vertex 109.39427185058594 1.2252086400985718 54.48999786376953
      vertex 108.74213409423828 64.64213562011719 53.83786392211914
    endloop
  endfacet
  facet normal -0.7071252379599401 0.00003691488955775339 0.707088322967781
    outer loop
      vertex 109.39427185058594 1.2252086400985718 54.48999786376953
      vertex 108.74213409423828 0.5000002384185791 53.83786392211914
      vertex 109.34259796142578 1.1004657745361328 54.43832778930664
    endloop
  endfacet
  facet normal 0.7071047130574504 0 0.7071088493095959
    outer loop
      vertex 108.08999633789062 63.98999786376953 54.48999786376953
      vertex 108.74213409423828 0.5000002384185791 53.83786392211914
      vertex 108.74213409423828 64.64213562011719 53.83786392211914
    endloop
  endfacet
  facet normal 0.7071047130574503 0 0.7071088493095959
    outer loop
      vertex 108.74213409423828 0.5000002384185791 53.83786392211914
      vertex 108.08999633789062 63.98999786376953 54.48999786376953
      vertex 108.08999633789062 1.152135968208313 54.48999786376953
    endloop
  endfacet
  facet normal -0.707223852777746 0.00023221292263363668 -0.7069896520737483
    outer loop
      vertex 108.74213409423828 0.5000009536743164 0.18213558197021484
      vertex 109.38426971435547 1.1505368947982788 -0.45999908447265625
      vertex 109.37832641601562 1.1361950635910034 -0.45405852794647217
    endloop
  endfacet
  facet normal -0.7071062561025107 0 -0.7071073062701946
    outer loop
      vertex 109.38426971435547 1.1505368947982788 -0.45999908447265625
      vertex 108.74213409423828 0.5000009536743164 0.18213558197021484
      vertex 109.38426971435547 64 -0.45999908447265625
    endloop
  endfacet
  facet normal -0.7071062561025107 0 -0.7071073062701946
    outer loop
      vertex 109.38426971435547 64 -0.45999908447265625
      vertex 108.74213409423828 0.5000009536743164 0.18213558197021484
      vertex 108.74213409423828 64.64213562011719 0.18213558197021484
    endloop
  endfacet
  facet normal 0.7071062561025107 0 -0.7071073062701946
    outer loop
      vertex 108.0999984741211 1.1421356201171875 -0.45999908447265625
      vertex 108.74213409423828 64.64213562011719 0.18213558197021484
      vertex 108.74213409423828 0.5000009536743164 0.18213558197021484
    endloop
  endfacet
  facet normal 0.7071062561025107 0 -0.7071073062701946
    outer loop
      vertex 108.74213409423828 64.64213562011719 0.18213558197021484
      vertex 108.0999984741211 1.1421356201171875 -0.45999908447265625
      vertex 108.0999984741211 64 -0.45999908447265625
    endloop
  endfacet
  facet normal -0.7071057471212427 0 0.70710781525034
    outer loop
      vertex 0.1421356201171875 1.0000003576278687 53.83786392211914
      vertex 0.7942714691162109 1.152135968208313 54.48999786376953
      vertex 0.7942714691162109 63.98999786376953 54.48999786376953
    endloop
  endfacet
  facet normal -0.7071057471212427 0 0.70710781525034
    outer loop
      vertex 0.1421356201171875 1.0000003576278687 53.83786392211914
      vertex 0.7942714691162109 63.98999786376953 54.48999786376953
      vertex 0.1421356201171875 64.64213562011719 53.83786392211914
    endloop
  endfacet
  facet normal -0.7071059188066358 0.0000014718761064588833 0.7071076435638758
    outer loop
      vertex 0.7942714691162109 1.152135968208313 54.48999786376953
      vertex 0.1421356201171875 1.0000003576278687 53.83786392211914
      vertex 0.39213570952415466 0.7500002980232239 54.08786392211914
    endloop
  endfacet
  facet normal 0.7071067811865476 0 0.7071067811865476
    outer loop
      vertex 0 1.1421360969543457 53.97999954223633
      vertex 0.1421356201171875 64.64213562011719 53.83786392211914
      vertex 0 64.5 53.97999954223633
    endloop
  endfacet
  facet normal 0.7071067811865475 0 0.7071067811865475
    outer loop
      vertex 0.1421356201171875 64.64213562011719 53.83786392211914
      vertex 0 1.1421360969543457 53.97999954223633
      vertex 0.1421356201171875 1.0000003576278687 53.83786392211914
    endloop
  endfacet
  facet normal -1 0 0
    outer loop
      vertex 107.62000274658203 31.899999618530273 2
      vertex 107.62000274658203 24.979999542236328 2
      vertex 107.62000274658203 31.899999618530273 52
    endloop
  endfacet
  facet normal -1 0 0
    outer loop
      vertex 107.62000274658203 31.899999618530273 52
      vertex 107.62000274658203 65 52.02000045776367
      vertex 107.62000274658203 65 52
    endloop
  endfacet
  facet normal -1 0 0
    outer loop
      vertex 107.62000274658203 24.979999542236328 52
      vertex 107.62000274658203 31.899999618530273 52
      vertex 107.62000274658203 24.979999542236328 2
    endloop
  endfacet
  facet normal -1 0 0
    outer loop
      vertex 107.62000274658203 24.979999542236328 52
      vertex 107.62000274658203 65 52.02000045776367
      vertex 107.62000274658203 31.899999618530273 52
    endloop
  endfacet
  facet normal -1 0 0
    outer loop
      vertex 107.62000274658203 2 52.02000045776367
      vertex 107.62000274658203 24.979999542236328 52
      vertex 107.62000274658203 2 52
    endloop
  endfacet
  facet normal -1 0 0
    outer loop
      vertex 107.62000274658203 24.979999542236328 52
      vertex 107.62000274658203 2 52.02000045776367
      vertex 107.62000274658203 65 52.02000045776367
    endloop
  endfacet
  facet normal 0 0 -1
    outer loop
      vertex 16.5 2 52.02000045776367
      vertex 3 2 52.02000045776367
      vertex 16.5 16 52.02000045776367
    endloop
  endfacet
  facet normal 0 0 -1
    outer loop
      vertex 60.5 2 52.02000045776367
      vertex 58 17.599998474121094 52.02000045776367
      vertex 60.5 33.900001525878906 52.02000045776367
    endloop
  endfacet
  facet normal 0 0 -1
    outer loop
      vertex 60.5 2 52.02000045776367
      vertex 57.414215087890625 16.185787200927734 52.02000045776367
      vertex 58 17.599998474121094 52.02000045776367
    endloop
  endfacet
  facet normal 0 0 -1
    outer loop
      vertex 60.5 2 52.02000045776367
      vertex 56 15.59999942779541 52.02000045776367
      vertex 57.414215087890625 16.185787200927734 52.02000045776367
    endloop
  endfacet
  facet normal 0 0 -1
    outer loop
      vertex 60.5 2 52.02000045776367
      vertex 54.585784912109375 16.185787200927734 52.02000045776367
      vertex 56 15.59999942779541 52.02000045776367
    endloop
  endfacet
  facet normal 0 0 -1
    outer loop
      vertex 36.5 16 52.02000045776367
      vertex 54.585784912109375 16.185787200927734 52.02000045776367
      vertex 36.5 2 52.02000045776367
    endloop
  endfacet
  facet normal 0 0 -1
    outer loop
      vertex 36.5 2 52.02000045776367
      vertex 54.585784912109375 16.185787200927734 52.02000045776367
      vertex 60.5 2 52.02000045776367
    endloop
  endfacet
  facet normal 0 0 -1
    outer loop
      vertex 93.91421508789062 19.01421356201172 52.02000045776367
      vertex 107.62000274658203 2 52.02000045776367
      vertex 94.5 17.599998474121094 52.02000045776367
    endloop
  endfacet
  facet normal 0 0 -1
    outer loop
      vertex 107.62000274658203 2 52.02000045776367
      vertex 93.91421508789062 16.185787200927734 52.02000045776367
      vertex 94.5 17.599998474121094 52.02000045776367
    endloop
  endfacet
  facet normal 0 0 -1
    outer loop
      vertex 88 2 52.02000045776367
      vertex 93.91421508789062 16.185787200927734 52.02000045776367
      vertex 107.62000274658203 2 52.02000045776367
    endloop
  endfacet
  facet normal 0 0 -1
    outer loop
      vertex 93.91421508789062 16.185787200927734 52.02000045776367
      vertex 88 2 52.02000045776367
      vertex 92.5 15.59999942779541 52.02000045776367
    endloop
  endfacet
  facet normal 0 0 -1
    outer loop
      vertex 91.08578491210938 16.185787200927734 52.02000045776367
      vertex 88 2 52.02000045776367
      vertex 90.5 17.599998474121094 52.02000045776367
    endloop
  endfacet
  facet normal 0 0 -1
    outer loop
      vertex 92.5 15.59999942779541 52.02000045776367
      vertex 88 2 52.02000045776367
      vertex 91.08578491210938 16.185787200927734 52.02000045776367
    endloop
  endfacet
  facet normal 0 0 -1
    outer loop
      vertex 107.62000274658203 2 52.02000045776367
      vertex 93.91421508789062 19.01421356201172 52.02000045776367
      vertex 107.62000274658203 65 52.02000045776367
    endloop
  endfacet
  facet normal 0 0 -1
    outer loop
      vertex 88 33.900001525878906 52.02000045776367
      vertex 93.91421508789062 19.01421356201172 52.02000045776367
      vertex 92.5 19.599998474121094 52.02000045776367
    endloop
  endfacet
  facet normal 0 0 -1
    outer loop
      vertex 88 33.900001525878906 52.02000045776367
      vertex 92.5 19.599998474121094 52.02000045776367
      vertex 91.08578491210938 19.01421356201172 52.02000045776367
    endloop
  endfacet
  facet normal 0 0 -1
    outer loop
      vertex 88 33.900001525878906 52.02000045776367
      vertex 91.08578491210938 19.01421356201172 52.02000045776367
      vertex 90.5 17.599998474121094 52.02000045776367
    endloop
  endfacet
  facet normal 0 0 -1
    outer loop
      vertex 88 33.900001525878906 52.02000045776367
      vertex 90.5 17.599998474121094 52.02000045776367
      vertex 88 2 52.02000045776367
    endloop
  endfacet
  facet normal 0 0 -1
    outer loop
      vertex 93.91421508789062 19.01421356201172 52.02000045776367
      vertex 88 33.900001525878906 52.02000045776367
      vertex 107.62000274658203 65 52.02000045776367
    endloop
  endfacet
  facet normal 0 0 -1
    outer loop
      vertex 60.5 33.900001525878906 52.02000045776367
      vertex 107.62000274658203 65 52.02000045776367
      vertex 88 33.900001525878906 52.02000045776367
    endloop
  endfacet
  facet normal 0 0 -1
    outer loop
      vertex 57.414215087890625 19.01421356201172 52.02000045776367
      vertex 60.5 33.900001525878906 52.02000045776367
      vertex 58 17.599998474121094 52.02000045776367
    endloop
  endfacet
  facet normal 0 0 -1
    outer loop
      vertex 56 19.599998474121094 52.02000045776367
      vertex 60.5 33.900001525878906 52.02000045776367
      vertex 57.414215087890625 19.01421356201172 52.02000045776367
    endloop
  endfacet
  facet normal 0 0 -1
    outer loop
      vertex 54.585784912109375 19.01421356201172 52.02000045776367
      vertex 60.5 33.900001525878906 52.02000045776367
      vertex 56 19.599998474121094 52.02000045776367
    endloop
  endfacet
  facet normal 0 0 -1
    outer loop
      vertex 36.5 16 52.02000045776367
      vertex 54.585784912109375 19.01421356201172 52.02000045776367
      vertex 54 17.599998474121094 52.02000045776367
    endloop
  endfacet
  facet normal 0 0 -1
    outer loop
      vertex 54.585784912109375 16.185787200927734 52.02000045776367
      vertex 36.5 16 52.02000045776367
      vertex 54 17.599998474121094 52.02000045776367
    endloop
  endfacet
  facet normal 0 0 -1
    outer loop
      vertex 54.585784912109375 19.01421356201172 52.02000045776367
      vertex 36.5 16 52.02000045776367
      vertex 60.5 33.900001525878906 52.02000045776367
    endloop
  endfacet
  facet normal 0 0 -1
    outer loop
      vertex 3 65 52.02000045776367
      vertex 36.5 16 52.02000045776367
      vertex 16.5 16 52.02000045776367
    endloop
  endfacet
  facet normal 0 0 -1
    outer loop
      vertex 36.5 16 52.02000045776367
      vertex 3 65 52.02000045776367
      vertex 60.5 33.900001525878906 52.02000045776367
    endloop
  endfacet
  facet normal 0 0 -1
    outer loop
      vertex 60.5 33.900001525878906 52.02000045776367
      vertex 3 65 52.02000045776367
      vertex 107.62000274658203 65 52.02000045776367
    endloop
  endfacet
  facet normal 0 0 -1
    outer loop
      vertex 3 65 52.02000045776367
      vertex 16.5 16 52.02000045776367
      vertex 3 2 52.02000045776367
    endloop
  endfacet
  facet normal 1 0 0
    outer loop
      vertex 3 65 52.02000045776367
      vertex 3 48.599998474121094 52
      vertex 3 65 52
    endloop
  endfacet
  facet normal 1 0 0
    outer loop
      vertex 3 48.599998474121094 52
      vertex 3 40 51
      vertex 3 48.599998474121094 51
    endloop
  endfacet
  facet normal 1 0 0
    outer loop
      vertex 3 40 51
      vertex 3 33 19
      vertex 3 40 19
    endloop
  endfacet
  facet normal 1 0 0
    outer loop
      vertex 3 33 19
      vertex 3 31.899999618530273 12
      vertex 3 33 12
    endloop
  endfacet
  facet normal 1 0 0
    outer loop
      vertex 3 2 52.02000045776367
      vertex 3 48.599998474121094 52
      vertex 3 65 52.02000045776367
    endloop
  endfacet
  facet normal 1 0 0
    outer loop
      vertex 3 2 52.02000045776367
      vertex 3 40 51
      vertex 3 48.599998474121094 52
    endloop
  endfacet
  facet normal 1 0 0
    outer loop
      vertex 3 2 52.02000045776367
      vertex 3 33 19
      vertex 3 40 51
    endloop
  endfacet
  facet normal 1 0 0
    outer loop
      vertex 3 2 2
      vertex 3 33 19
      vertex 3 2 52.02000045776367
    endloop
  endfacet
  facet normal 1 0 0
    outer loop
      vertex 3 33 19
      vertex 3 2 2
      vertex 3 31.899999618530273 12
    endloop
  endfacet
  facet normal 1 0 0
    outer loop
      vertex 3 31.899999618530273 12
      vertex 3 2 2
      vertex 3 31.899999618530273 2
    endloop
  endfacet
  facet normal 0 0 -1
    outer loop
      vertex 0 58 52
      vertex 3 48.599998474121094 52
      vertex 0 48.599998474121094 52
    endloop
  endfacet
  facet normal 0 0 -1
    outer loop
      vertex 3 48.599998474121094 52
      vertex 0 58 52
      vertex 3 65 52
    endloop
  endfacet
  facet normal 0 0 -1
    outer loop
      vertex -1.5999994277954102 65 52
      vertex 0 58 52
      vertex -1.5999994277954102 58 52
    endloop
  endfacet
  facet normal 0 0 -1
    outer loop
      vertex 0 58 52
      vertex -1.5999994277954102 65 52
      vertex 3 65 52
    endloop
  endfacet
  facet normal 0 0 -1
    outer loop
      vertex 107.62000274658203 31.899999618530273 52
      vertex 112.5999984741211 65 52
      vertex 112.5999984741211 31.899999618530273 52
    endloop
  endfacet
  facet normal 0 0 -1
    outer loop
      vertex 112.5999984741211 65 52
      vertex 107.62000274658203 31.899999618530273 52
      vertex 107.62000274658203 65 52
    endloop
  endfacet
  facet normal 0 1 0
    outer loop
      vertex 3 48.599998474121094 51
      vertex 0 48.599998474121094 52
      vertex 3 48.599998474121094 52
    endloop
  endfacet
  facet normal 0 1 0
    outer loop
      vertex 0 48.599998474121094 52
      vertex 3 48.599998474121094 51
      vertex 0 48.599998474121094 51
    endloop
  endfacet
  facet normal 0 1 0
    outer loop
      vertex 3 33 12
      vertex 0 33 19
      vertex 3 33 19
    endloop
  endfacet
  facet normal 0 1 0
    outer loop
      vertex 0 33 19
      vertex 3 33 12
      vertex 0 33 12
    endloop
  endfacet
  facet normal 0 1 0
    outer loop
      vertex 112.5999984741211 31.899999618530273 2
      vertex 107.62000274658203 31.899999618530273 52
      vertex 112.5999984741211 31.899999618530273 52
    endloop
  endfacet
  facet normal 0 1 0
    outer loop
      vertex 107.62000274658203 31.899999618530273 52
      vertex 112.5999984741211 31.899999618530273 2
      vertex 107.62000274658203 31.899999618530273 2
    endloop
  endfacet
  facet normal 0 1 0
    outer loop
      vertex 3 31.899999618530273 2
      vertex 0 31.899999618530273 12
      vertex 3 31.899999618530273 12
    endloop
  endfacet
  facet normal 0 1 0
    outer loop
      vertex 0 31.899999618530273 12
      vertex 3 31.899999618530273 2
      vertex 0 31.899999618530273 2
    endloop
  endfacet
  facet normal 0 0 -1
    outer loop
      vertex 107.62000274658203 2 52
      vertex 112.5999984741211 20 52
      vertex 112.5999984741211 2 52
    endloop
  endfacet
  facet normal 0 0 -1
    outer loop
      vertex 112.5999984741211 20 52
      vertex 107.62000274658203 2 52
      vertex 107.62000274658203 24.979999542236328 52
    endloop
  endfacet
  facet normal -0.7071070520097472 -0.7071065103632441 0
    outer loop
      vertex 112.5999984741211 20 2
      vertex 107.62000274658203 24.979999542236328 52
      vertex 107.62000274658203 24.979999542236328 2
    endloop
  endfacet
  facet normal -0.7071070520097472 -0.7071065103632441 0
    outer loop
      vertex 107.62000274658203 24.979999542236328 52
      vertex 112.5999984741211 20 2
      vertex 112.5999984741211 20 52
    endloop
  endfacet
  facet normal -1 0 0
    outer loop
      vertex 112.5999984741211 2 2
      vertex 112.5999984741211 20 52
      vertex 112.5999984741211 20 2
    endloop
  endfacet
  facet normal -1 0 0
    outer loop
      vertex 112.5999984741211 20 52
      vertex 112.5999984741211 2 2
      vertex 112.5999984741211 2 52
    endloop
  endfacet
  facet normal 0 0 -1
    outer loop
      vertex 0 31.899999618530273 12
      vertex 3 33 12
      vertex 3 31.899999618530273 12
    endloop
  endfacet
  facet normal 0 0 -1
    outer loop
      vertex 3 33 12
      vertex 0 31.899999618530273 12
      vertex 0 33 12
    endloop
  endfacet
  facet normal -0.9781478448204247 -0.20791054247718802 0
    outer loop
      vertex 32.5 64 -2.09999942779541
      vertex 32.327091217041016 64.8134765625 2
      vertex 32.327091217041016 64.8134765625 -2.09999942779541
    endloop
  endfacet
  facet normal -0.9781478448204247 -0.20791054247718802 0
    outer loop
      vertex 32.327091217041016 64.8134765625 2
      vertex 32.5 64 -2.09999942779541
      vertex 32.5 64 2
    endloop
  endfacet
  facet normal -0.9781476465419899 0.20791147530707949 0
    outer loop
      vertex 32.327091217041016 63.186527252197266 -2.09999942779541
      vertex 32.5 64 2
      vertex 32.5 64 -2.09999942779541
    endloop
  endfacet
  facet normal -0.9781476465419899 0.20791147530707949 0
    outer loop
      vertex 32.5 64 2
      vertex 32.327091217041016 63.186527252197266 -2.09999942779541
      vertex 32.327091217041016 63.186527252197266 2
    endloop
  endfacet
  facet normal 0.6691304522575734 -0.7431449642307854 0
    outer loop
      vertex 28.88196563720703 65.17556762695312 -2.09999942779541
      vertex 29.5 65.73204803466797 2
      vertex 28.88196563720703 65.17556762695312 2
    endloop
  endfacet
  facet normal 0.6691304522575734 -0.7431449642307854 0
    outer loop
      vertex 29.5 65.73204803466797 2
      vertex 28.88196563720703 65.17556762695312 -2.09999942779541
      vertex 29.5 65.73204803466797 -2.09999942779541
    endloop
  endfacet
  facet normal 0.3090162694085164 0.9510567518507206 0
    outer loop
      vertex 30.290943145751953 62.010955810546875 -2.09999942779541
      vertex 29.5 62.267948150634766 2
      vertex 30.290943145751953 62.010955810546875 2
    endloop
  endfacet
  facet normal 0.3090162694085164 0.9510567518507206 0
    outer loop
      vertex 29.5 62.267948150634766 2
      vertex 30.290943145751953 62.010955810546875 -2.09999942779541
      vertex 29.5 62.267948150634766 -2.09999942779541
    endloop
  endfacet
  facet normal -0.8090168599622907 0.5877854372955792 0
    outer loop
      vertex 31.838260650634766 62.513710021972656 -2.09999942779541
      vertex 32.327091217041016 63.186527252197266 2
      vertex 32.327091217041016 63.186527252197266 -2.09999942779541
    endloop
  endfacet
  facet normal -0.8090168599622907 0.5877854372955792 0
    outer loop
      vertex 32.327091217041016 63.186527252197266 2
      vertex 31.838260650634766 62.513710021972656 -2.09999942779541
      vertex 31.838260650634766 62.513710021972656 2
    endloop
  endfacet
  facet normal 1 0 0
    outer loop
      vertex 28.543704986572266 63.58417510986328 2
      vertex 28.543704986572266 64.41582489013672 -2.09999942779541
      vertex 28.543704986572266 64.41582489013672 2
    endloop
  endfacet
  facet normal 1 0 0
    outer loop
      vertex 28.543704986572266 64.41582489013672 -2.09999942779541
      vertex 28.543704986572266 63.58417510986328 2
      vertex 28.543704986572266 63.58417510986328 -2.09999942779541
    endloop
  endfacet
  facet normal -0.5000018478151843 -0.8660243369452163 0
    outer loop
      vertex 31.11803436279297 65.90211486816406 -2.09999942779541
      vertex 31.838260650634766 65.48628997802734 2
      vertex 31.11803436279297 65.90211486816406 2
    endloop
  endfacet
  facet normal -0.5000018478151843 -0.8660243369452163 0
    outer loop
      vertex 31.838260650634766 65.48628997802734 2
      vertex 31.11803436279297 65.90211486816406 -2.09999942779541
      vertex 31.838260650634766 65.48628997802734 -2.09999942779541
    endloop
  endfacet
  facet normal 0.30902041831061716 -0.9510554037842018 0
    outer loop
      vertex 29.5 65.73204803466797 -2.09999942779541
      vertex 30.290943145751953 65.98904418945312 2
      vertex 29.5 65.73204803466797 2
    endloop
  endfacet
  facet normal 0.30902041831061716 -0.9510554037842018 0
    outer loop
      vertex 30.290943145751953 65.98904418945312 2
      vertex 29.5 65.73204803466797 -2.09999942779541
      vertex 30.290943145751953 65.98904418945312 -2.09999942779541
    endloop
  endfacet
  facet normal -0.104526716700474 -0.9945220789383304 0
    outer loop
      vertex 30.290943145751953 65.98904418945312 -2.09999942779541
      vertex 31.11803436279297 65.90211486816406 2
      vertex 30.290943145751953 65.98904418945312 2
    endloop
  endfacet
  facet normal -0.104526716700474 -0.9945220789383304 0
    outer loop
      vertex 31.11803436279297 65.90211486816406 2
      vertex 30.290943145751953 65.98904418945312 -2.09999942779541
      vertex 31.11803436279297 65.90211486816406 -2.09999942779541
    endloop
  endfacet
  facet normal -0.104526716700474 0.9945220789383304 0
    outer loop
      vertex 31.11803436279297 62.09788513183594 -2.09999942779541
      vertex 30.290943145751953 62.010955810546875 2
      vertex 31.11803436279297 62.09788513183594 2
    endloop
  endfacet
  facet normal -0.104526716700474 0.9945220789383304 0
    outer loop
      vertex 30.290943145751953 62.010955810546875 2
      vertex 31.11803436279297 62.09788513183594 -2.09999942779541
      vertex 30.290943145751953 62.010955810546875 -2.09999942779541
    endloop
  endfacet
  facet normal 0.6691304522575734 0.7431449642307854 0
    outer loop
      vertex 29.5 62.267948150634766 -2.09999942779541
      vertex 28.88196563720703 62.82442855834961 2
      vertex 29.5 62.267948150634766 2
    endloop
  endfacet
  facet normal 0.6691304522575734 0.7431449642307854 0
    outer loop
      vertex 28.88196563720703 62.82442855834961 2
      vertex 29.5 62.267948150634766 -2.09999942779541
      vertex 28.88196563720703 62.82442855834961 -2.09999942779541
    endloop
  endfacet
  facet normal 0.9135448362638982 -0.4067380387123479 0
    outer loop
      vertex 28.543704986572266 64.41582489013672 2
      vertex 28.88196563720703 65.17556762695312 -2.09999942779541
      vertex 28.88196563720703 65.17556762695312 2
    endloop
  endfacet
  facet normal 0.9135448362638982 -0.4067380387123479 0
    outer loop
      vertex 28.88196563720703 65.17556762695312 -2.09999942779541
      vertex 28.543704986572266 64.41582489013672 2
      vertex 28.543704986572266 64.41582489013672 -2.09999942779541
    endloop
  endfacet
  facet normal -0.5000018478151843 0.8660243369452163 0
    outer loop
      vertex 31.838260650634766 62.513710021972656 -2.09999942779541
      vertex 31.11803436279297 62.09788513183594 2
      vertex 31.838260650634766 62.513710021972656 2
    endloop
  endfacet
  facet normal -0.5000018478151843 0.8660243369452163 0
    outer loop
      vertex 31.11803436279297 62.09788513183594 2
      vertex 31.838260650634766 62.513710021972656 -2.09999942779541
      vertex 31.11803436279297 62.09788513183594 -2.09999942779541
    endloop
  endfacet
  facet normal -0.8090152752128503 -0.587787618508825 0
    outer loop
      vertex 32.327091217041016 64.8134765625 -2.09999942779541
      vertex 31.838260650634766 65.48628997802734 2
      vertex 31.838260650634766 65.48628997802734 -2.09999942779541
    endloop
  endfacet
  facet normal -0.8090152752128503 -0.587787618508825 0
    outer loop
      vertex 31.838260650634766 65.48628997802734 2
      vertex 32.327091217041016 64.8134765625 -2.09999942779541
      vertex 32.327091217041016 64.8134765625 2
    endloop
  endfacet
  facet normal 0.9135455951039391 0.4067363343324392 0
    outer loop
      vertex 28.88196563720703 62.82442855834961 2
      vertex 28.543704986572266 63.58417510986328 -2.09999942779541
      vertex 28.543704986572266 63.58417510986328 2
    endloop
  endfacet
  facet normal 0.9135455951039391 0.4067363343324392 0
    outer loop
      vertex 28.543704986572266 63.58417510986328 -2.09999942779541
      vertex 28.88196563720703 62.82442855834961 2
      vertex 28.88196563720703 62.82442855834961 -2.09999942779541
    endloop
  endfacet
  facet normal -0.6551747548430615 -0.13926240253497285 -0.7425308235060155
    outer loop
      vertex 33.788108825683594 65.40459442138672 -3.5
      vertex 34.086666107177734 64 -3.5
      vertex 32.5 64 -2.09999942779541
    endloop
  endfacet
  facet normal -0.5418875288102007 -0.39370675661863064 -0.7425314107246994
    outer loop
      vertex 31.838260650634766 65.48628997802734 -2.09999942779541
      vertex 32.93253707885742 66.62055969238281 -3.5
      vertex 32.327091217041016 64.8134765625 -2.09999942779541
    endloop
  endfacet
  facet normal -0.541881055934028 -0.39371405518322855 -0.742532264599324
    outer loop
      vertex 32.93253707885742 66.62055969238281 -3.5
      vertex 31.838260650634766 65.48628997802734 -2.09999942779541
      vertex 32.89994812011719 66.66541290283203 -3.5
    endloop
  endfacet
  facet normal -0.5418888558419879 0.3937053205358553 -0.7425312037187535
    outer loop
      vertex 33.77658462524414 62.54117202758789 -3.5
      vertex 32.93253707885742 61.37944030761719 -3.5
      vertex 32.327091217041016 63.186527252197266 -2.09999942779541
    endloop
  endfacet
  facet normal -0.6551756315217054 -0.13926107560204243 -0.7425302988311633
    outer loop
      vertex 32.327091217041016 64.8134765625 -2.09999942779541
      vertex 33.788108825683594 65.40459442138672 -3.5
      vertex 32.5 64 -2.09999942779541
    endloop
  endfacet
  facet normal -0.655190828389086 -0.13921307445234413 -0.7425258906572546
    outer loop
      vertex 33.788108825683594 65.40459442138672 -3.5
      vertex 32.327091217041016 64.8134765625 -2.09999942779541
      vertex 33.77658462524414 65.45883178710938 -3.5
    endloop
  endfacet
  facet normal -0.6551747893520575 0.1392620316524096 -0.7425308626161812
    outer loop
      vertex 34.086666107177734 64 -3.5
      vertex 33.788108825683594 62.595401763916016 -3.5
      vertex 32.5 64 -2.09999942779541
    endloop
  endfacet
  facet normal 0.20698329657253295 -0.6370291559006539 -0.7425306522107133
    outer loop
      vertex 30.125089645385742 67.5670166015625 -3.5
      vertex 30.290943145751953 65.98904418945312 -2.09999942779541
      vertex 28.759395599365234 67.12327575683594 -3.5
    endloop
  endfacet
  facet normal 0.20698262455550118 0.6370286683483823 -0.7425312578163987
    outer loop
      vertex 28.759395599365234 60.8767204284668 -3.5
      vertex 29.5 62.267948150634766 -2.09999942779541
      vertex 30.290943145751953 62.010955810546875 -2.09999942779541
    endloop
  endfacet
  facet normal 0.20700872661669847 0.6370172813941725 -0.7425337502832519
    outer loop
      vertex 29.5 62.267948150634766 -2.09999942779541
      vertex 28.759395599365234 60.8767204284668 -3.5
      vertex 28.7066650390625 60.893856048583984 -3.5
    endloop
  endfacet
  facet normal -0.07001315016636904 -0.6661418807978602 -0.742531584143645
    outer loop
      vertex 30.290943145751953 65.98904418945312 -2.09999942779541
      vertex 30.18022918701172 67.56122589111328 -3.5
      vertex 31.11803436279297 65.90211486816406 -2.09999942779541
    endloop
  endfacet
  facet normal -0.06995772990030094 -0.6661422969986166 -0.7425364342418516
    outer loop
      vertex 30.18022918701172 67.56122589111328 -3.5
      vertex 30.290943145751953 65.98904418945312 -2.09999942779541
      vertex 30.125089645385742 67.5670166015625 -3.5
    endloop
  endfacet
  facet normal -0.5418883402479061 -0.3937062387204709 -0.742531093150953
    outer loop
      vertex 32.93253707885742 66.62055969238281 -3.5
      vertex 33.77658462524414 65.45883178710938 -3.5
      vertex 32.327091217041016 64.8134765625 -2.09999942779541
    endloop
  endfacet
  facet normal -0.33490693993843823 0.5800733324828834 -0.7425309896046585
    outer loop
      vertex 32.851932525634766 61.30686569213867 -3.5
      vertex 31.608341217041016 60.58887481689453 -3.5
      vertex 31.11803436279297 62.09788513183594 -2.09999942779541
    endloop
  endfacet
  facet normal 0.20698302980035857 0.6370283348602324 -0.7425314309575478
    outer loop
      vertex 30.290943145751953 62.010955810546875 -2.09999942779541
      vertex 30.125089645385742 60.432979583740234 -3.5
      vertex 28.759395599365234 60.8767204284668 -3.5
    endloop
  endfacet
  facet normal -0.070014409291268 -0.6661422288497837 -0.7425311531744895
    outer loop
      vertex 31.608341217041016 67.41112518310547 -3.5
      vertex 31.11803436279297 65.90211486816406 -2.09999942779541
      vertex 30.18022918701172 67.56122589111328 -3.5
    endloop
  endfacet
  facet normal -0.334934597213351 -0.5800525282229566 -0.7425347669245438
    outer loop
      vertex 31.838260650634766 65.48628997802734 -2.09999942779541
      vertex 32.851932525634766 66.6931381225586 -3.5
      vertex 32.89994812011719 66.66541290283203 -3.5
    endloop
  endfacet
  facet normal -0.3349066657366013 -0.5800725025325902 -0.7425317616444229
    outer loop
      vertex 32.851932525634766 66.6931381225586 -3.5
      vertex 31.838260650634766 65.48628997802734 -2.09999942779541
      vertex 31.11803436279297 65.90211486816406 -2.09999942779541
    endloop
  endfacet
  facet normal -0.070014409291268 0.6661422288497837 -0.7425311531744895
    outer loop
      vertex 31.11803436279297 62.09788513183594 -2.09999942779541
      vertex 31.608341217041016 60.58887481689453 -3.5
      vertex 30.18022918701172 60.43877410888672 -3.5
    endloop
  endfacet
  facet normal -0.07001315016636904 0.6661418807978602 -0.742531584143645
    outer loop
      vertex 30.18022918701172 60.43877410888672 -3.5
      vertex 30.290943145751953 62.010955810546875 -2.09999942779541
      vertex 31.11803436279297 62.09788513183594 -2.09999942779541
    endloop
  endfacet
  facet normal -0.07000377903446714 0.6661419513190949 -0.7425324044199566
    outer loop
      vertex 30.290943145751953 62.010955810546875 -2.09999942779541
      vertex 30.18022918701172 60.43877410888672 -3.5
      vertex 30.125089645385742 60.432979583740234 -3.5
    endloop
  endfacet
  facet normal -0.3349023732550735 0.5800765339427013 -0.7425305482989516
    outer loop
      vertex 32.851932525634766 61.30686569213867 -3.5
      vertex 31.838260650634766 62.513710021972656 -2.09999942779541
      vertex 32.89994812011719 61.33458709716797 -3.5
    endloop
  endfacet
  facet normal -0.3349070587915539 0.5800731833203837 -0.742531052525177
    outer loop
      vertex 31.838260650634766 62.513710021972656 -2.09999942779541
      vertex 32.851932525634766 61.30686569213867 -3.5
      vertex 31.11803436279297 62.09788513183594 -2.09999942779541
    endloop
  endfacet
  facet normal 0.6698116534830856 0 -0.7425310423532843
    outer loop
      vertex 26.991710662841797 63.25428771972656 -3.5
      vertex 28.543704986572266 64.41582489013672 -2.09999942779541
      vertex 28.543704986572266 63.58417510986328 -2.09999942779541
    endloop
  endfacet
  facet normal 0.6698116534830856 0 -0.7425310423532843
    outer loop
      vertex 28.543704986572266 64.41582489013672 -2.09999942779541
      vertex 26.991710662841797 63.25428771972656 -3.5
      vertex 26.991710662841797 64.74571228027344 -3.5
    endloop
  endfacet
  facet normal 0.6119034688156132 0.272436439349891 -0.7425311652488219
    outer loop
      vertex 28.543704986572266 63.58417510986328 -2.09999942779541
      vertex 27.575773239135742 61.94245910644531 -3.5
      vertex 26.991710662841797 63.25428771972656 -3.5
    endloop
  endfacet
  facet normal -0.33490551511752426 -0.580073946573686 -0.7425311525116599
    outer loop
      vertex 31.608341217041016 67.41112518310547 -3.5
      vertex 32.851932525634766 66.6931381225586 -3.5
      vertex 31.11803436279297 65.90211486816406 -2.09999942779541
    endloop
  endfacet
  facet normal 0.611902309221489 -0.2724375807915019 -0.7425317020450258
    outer loop
      vertex 27.575773239135742 66.05754089355469 -3.5
      vertex 28.88196563720703 65.17556762695312 -2.09999942779541
      vertex 28.543704986572266 64.41582489013672 -2.09999942779541
    endloop
  endfacet
  facet normal 0.611907961507991 -0.2724276181996151 -0.7425306993554002
    outer loop
      vertex 28.88196563720703 65.17556762695312 -2.09999942779541
      vertex 27.575773239135742 66.05754089355469 -3.5
      vertex 27.598323822021484 66.10819244384766 -3.5
    endloop
  endfacet
  facet normal 0.44818973169226906 -0.4977672576737836 -0.7425319667149239
    outer loop
      vertex 28.665464401245117 67.06904602050781 -3.5
      vertex 28.88196563720703 65.17556762695312 -2.09999942779541
      vertex 27.598323822021484 66.10819244384766 -3.5
    endloop
  endfacet
  facet normal -0.541881055934028 0.39371405518322855 -0.742532264599324
    outer loop
      vertex 31.838260650634766 62.513710021972656 -2.09999942779541
      vertex 32.93253707885742 61.37944030761719 -3.5
      vertex 32.89994812011719 61.33458709716797 -3.5
    endloop
  endfacet
  facet normal -0.5418887327357861 0.39370539910811947 -0.7425312518992854
    outer loop
      vertex 32.93253707885742 61.37944030761719 -3.5
      vertex 31.838260650634766 62.513710021972656 -2.09999942779541
      vertex 32.327091217041016 63.186527252197266 -2.09999942779541
    endloop
  endfacet
  facet normal 0.6119034688156132 -0.272436439349891 -0.7425311652488219
    outer loop
      vertex 27.575773239135742 66.05754089355469 -3.5
      vertex 28.543704986572266 64.41582489013672 -2.09999942779541
      vertex 26.991710662841797 64.74571228027344 -3.5
    endloop
  endfacet
  facet normal 0.20698531550247648 -0.6370274944574584 -0.7425315148002763
    outer loop
      vertex 29.5 65.73204803466797 -2.09999942779541
      vertex 28.759395599365234 67.12327575683594 -3.5
      vertex 30.290943145751953 65.98904418945312 -2.09999942779541
    endloop
  endfacet
  facet normal 0.20692799772653994 -0.6370524972325081 -0.7425260396287192
    outer loop
      vertex 28.759395599365234 67.12327575683594 -3.5
      vertex 29.5 65.73204803466797 -2.09999942779541
      vertex 28.7066650390625 67.10614776611328 -3.5
    endloop
  endfacet
  facet normal 0.4481910276380496 -0.4977667719035836 -0.7425315101283142
    outer loop
      vertex 28.665464401245117 67.06904602050781 -3.5
      vertex 29.5 65.73204803466797 -2.09999942779541
      vertex 28.88196563720703 65.17556762695312 -2.09999942779541
    endloop
  endfacet
  facet normal 0.44822397781096585 -0.49774245037500886 -0.7425279245994703
    outer loop
      vertex 29.5 65.73204803466797 -2.09999942779541
      vertex 28.665464401245117 67.06904602050781 -3.5
      vertex 28.7066650390625 67.10614776611328 -3.5
    endloop
  endfacet
  facet normal 0.44819151342545716 0.4977672603051726 -0.7425308895000132
    outer loop
      vertex 28.88196563720703 62.82442855834961 -2.09999942779541
      vertex 28.665464401245117 60.93095397949219 -3.5
      vertex 27.598323822021484 61.89181137084961 -3.5
    endloop
  endfacet
  facet normal 0.6118990050839649 0.27244414917179016 -0.7425320149052923
    outer loop
      vertex 27.575773239135742 61.94245910644531 -3.5
      vertex 28.88196563720703 62.82442855834961 -2.09999942779541
      vertex 27.598323822021484 61.89181137084961 -3.5
    endloop
  endfacet
  facet normal 0.6119032660888651 0.2724366389033 -0.7425312590947619
    outer loop
      vertex 28.88196563720703 62.82442855834961 -2.09999942779541
      vertex 27.575773239135742 61.94245910644531 -3.5
      vertex 28.543704986572266 63.58417510986328 -2.09999942779541
    endloop
  endfacet
  facet normal -0.6551846497116902 0.13923134684714522 -0.7425279165373513
    outer loop
      vertex 32.327091217041016 63.186527252197266 -2.09999942779541
      vertex 33.788108825683594 62.595401763916016 -3.5
      vertex 33.77658462524414 62.54117202758789 -3.5
    endloop
  endfacet
  facet normal -0.6551750685920729 0.13926160899835818 -0.7425306954965303
    outer loop
      vertex 33.788108825683594 62.595401763916016 -3.5
      vertex 32.327091217041016 63.186527252197266 -2.09999942779541
      vertex 32.5 64 -2.09999942779541
    endloop
  endfacet
  facet normal 0.44819674430154044 0.4977633868204409 -0.7425303287668077
    outer loop
      vertex 28.665464401245117 60.93095397949219 -3.5
      vertex 29.5 62.267948150634766 -2.09999942779541
      vertex 28.7066650390625 60.893856048583984 -3.5
    endloop
  endfacet
  facet normal 0.4481914790115647 0.4977672732048674 -0.7425309016247182
    outer loop
      vertex 29.5 62.267948150634766 -2.09999942779541
      vertex 28.665464401245117 60.93095397949219 -3.5
      vertex 28.88196563720703 62.82442855834961 -2.09999942779541
    endloop
  endfacet
  facet normal -0.9781487776372698 -0.20790615384522665 0
    outer loop
      vertex 82.19999694824219 64 -2.09999942779541
      vertex 82.02709197998047 64.8134765625 2
      vertex 82.02709197998047 64.8134765625 -2.09999942779541
    endloop
  endfacet
  facet normal -0.9781487776372698 -0.20790615384522665 0
    outer loop
      vertex 82.02709197998047 64.8134765625 2
      vertex 82.19999694824219 64 -2.09999942779541
      vertex 82.19999694824219 64 2
    endloop
  endfacet
  facet normal -0.9781485793670166 0.2079070866572069 0
    outer loop
      vertex 82.02709197998047 63.186527252197266 -2.09999942779541
      vertex 82.19999694824219 64 2
      vertex 82.19999694824219 64 -2.09999942779541
    endloop
  endfacet
  facet normal -0.9781485793670166 0.2079070866572069 0
    outer loop
      vertex 82.19999694824219 64 2
      vertex 82.02709197998047 63.186527252197266 -2.09999942779541
      vertex 82.02709197998047 63.186527252197266 2
    endloop
  endfacet
  facet normal 0.6691304522575734 -0.7431449642307854 0
    outer loop
      vertex 78.58196258544922 65.17556762695312 -2.09999942779541
      vertex 79.19999694824219 65.73204803466797 2
      vertex 78.58196258544922 65.17556762695312 2
    endloop
  endfacet
  facet normal 0.6691304522575734 -0.7431449642307854 0
    outer loop
      vertex 79.19999694824219 65.73204803466797 2
      vertex 78.58196258544922 65.17556762695312 -2.09999942779541
      vertex 79.19999694824219 65.73204803466797 -2.09999942779541
    endloop
  endfacet
  facet normal 0.30901492135470676 0.9510571898577627 0
    outer loop
      vertex 79.9909439086914 62.010955810546875 -2.09999942779541
      vertex 79.19999694824219 62.267948150634766 2
      vertex 79.9909439086914 62.010955810546875 2
    endloop
  endfacet
  facet normal 0.30901492135470676 0.9510571898577627 0
    outer loop
      vertex 79.19999694824219 62.267948150634766 2
      vertex 79.9909439086914 62.010955810546875 -2.09999942779541
      vertex 79.19999694824219 62.267948150634766 -2.09999942779541
    endloop
  endfacet
  facet normal -0.8090168599622907 0.5877854372955792 0
    outer loop
      vertex 81.53826141357422 62.513710021972656 -2.09999942779541
      vertex 82.02709197998047 63.186527252197266 2
      vertex 82.02709197998047 63.186527252197266 -2.09999942779541
    endloop
  endfacet
  facet normal -0.8090168599622907 0.5877854372955792 0
    outer loop
      vertex 82.02709197998047 63.186527252197266 2
      vertex 81.53826141357422 62.513710021972656 -2.09999942779541
      vertex 81.53826141357422 62.513710021972656 2
    endloop
  endfacet
  facet normal 1 0 0
    outer loop
      vertex 78.24370574951172 63.58417510986328 2
      vertex 78.24370574951172 64.41582489013672 -2.09999942779541
      vertex 78.24370574951172 64.41582489013672 2
    endloop
  endfacet
  facet normal 1 0 0
    outer loop
      vertex 78.24370574951172 64.41582489013672 -2.09999942779541
      vertex 78.24370574951172 63.58417510986328 2
      vertex 78.24370574951172 63.58417510986328 -2.09999942779541
    endloop
  endfacet
  facet normal -0.4999998616220592 -0.8660254836769653 0
    outer loop
      vertex 80.81803131103516 65.90211486816406 -2.09999942779541
      vertex 81.53826141357422 65.48628997802734 2
      vertex 80.81803131103516 65.90211486816406 2
    endloop
  endfacet
  facet normal -0.4999998616220592 -0.8660254836769653 0
    outer loop
      vertex 81.53826141357422 65.48628997802734 2
      vertex 80.81803131103516 65.90211486816406 -2.09999942779541
      vertex 81.53826141357422 65.48628997802734 -2.09999942779541
    endloop
  endfacet
  facet normal 0.30901907024252995 -0.9510558418023846 0
    outer loop
      vertex 79.19999694824219 65.73204803466797 -2.09999942779541
      vertex 79.9909439086914 65.98904418945312 2
      vertex 79.19999694824219 65.73204803466797 2
    endloop
  endfacet
  facet normal 0.30901907024252995 -0.9510558418023846 0
    outer loop
      vertex 79.9909439086914 65.98904418945312 2
      vertex 79.19999694824219 65.73204803466797 -2.09999942779541
      vertex 79.9909439086914 65.98904418945312 -2.09999942779541
    endloop
  endfacet
  facet normal -0.10452719353183 -0.9945220288220665 0
    outer loop
      vertex 79.9909439086914 65.98904418945312 -2.09999942779541
      vertex 80.81803131103516 65.90211486816406 2
      vertex 79.9909439086914 65.98904418945312 2
    endloop
  endfacet
  facet normal -0.10452719353183 -0.9945220288220665 0
    outer loop
      vertex 80.81803131103516 65.90211486816406 2
      vertex 79.9909439086914 65.98904418945312 -2.09999942779541
      vertex 80.81803131103516 65.90211486816406 -2.09999942779541
    endloop
  endfacet
  facet normal -0.10452719353183 0.9945220288220665 0
    outer loop
      vertex 80.81803131103516 62.09788513183594 -2.09999942779541
      vertex 79.9909439086914 62.010955810546875 2
      vertex 80.81803131103516 62.09788513183594 2
    endloop
  endfacet
  facet normal -0.10452719353183 0.9945220288220665 0
    outer loop
      vertex 79.9909439086914 62.010955810546875 2
      vertex 80.81803131103516 62.09788513183594 -2.09999942779541
      vertex 79.9909439086914 62.010955810546875 -2.09999942779541
    endloop
  endfacet
  facet normal 0.6691304522575734 0.7431449642307854 0
    outer loop
      vertex 79.19999694824219 62.267948150634766 -2.09999942779541
      vertex 78.58196258544922 62.82442855834961 2
      vertex 79.19999694824219 62.267948150634766 2
    endloop
  endfacet
  facet normal 0.6691304522575734 0.7431449642307854 0
    outer loop
      vertex 78.58196258544922 62.82442855834961 2
      vertex 79.19999694824219 62.267948150634766 -2.09999942779541
      vertex 78.58196258544922 62.82442855834961 -2.09999942779541
    endloop
  endfacet
  facet normal 0.9135465406454003 -0.4067342106029711 0
    outer loop
      vertex 78.24370574951172 64.41582489013672 2
      vertex 78.58196258544922 65.17556762695312 -2.09999942779541
      vertex 78.58196258544922 65.17556762695312 2
    endloop
  endfacet
  facet normal 0.9135465406454003 -0.4067342106029711 0
    outer loop
      vertex 78.58196258544922 65.17556762695312 -2.09999942779541
      vertex 78.24370574951172 64.41582489013672 2
      vertex 78.24370574951172 64.41582489013672 -2.09999942779541
    endloop
  endfacet
  facet normal -0.4999998616220592 0.8660254836769653 0
    outer loop
      vertex 81.53826141357422 62.513710021972656 -2.09999942779541
      vertex 80.81803131103516 62.09788513183594 2
      vertex 81.53826141357422 62.513710021972656 2
    endloop
  endfacet
  facet normal -0.4999998616220592 0.8660254836769653 0
    outer loop
      vertex 80.81803131103516 62.09788513183594 2
      vertex 81.53826141357422 62.513710021972656 -2.09999942779541
      vertex 80.81803131103516 62.09788513183594 -2.09999942779541
    endloop
  endfacet
  facet normal -0.8090152752128503 -0.587787618508825 0
    outer loop
      vertex 82.02709197998047 64.8134765625 -2.09999942779541
      vertex 81.53826141357422 65.48628997802734 2
      vertex 81.53826141357422 65.48628997802734 -2.09999942779541
    endloop
  endfacet
  facet normal -0.8090152752128503 -0.587787618508825 0
    outer loop
      vertex 81.53826141357422 65.48628997802734 2
      vertex 82.02709197998047 64.8134765625 -2.09999942779541
      vertex 82.02709197998047 64.8134765625 2
    endloop
  endfacet
  facet normal 0.913547299472573 0.406732506232744 0
    outer loop
      vertex 78.58196258544922 62.82442855834961 2
      vertex 78.24370574951172 63.58417510986328 -2.09999942779541
      vertex 78.24370574951172 63.58417510986328 2
    endloop
  endfacet
  facet normal 0.913547299472573 0.406732506232744 0
    outer loop
      vertex 78.24370574951172 63.58417510986328 -2.09999942779541
      vertex 78.58196258544922 62.82442855834961 2
      vertex 78.58196258544922 62.82442855834961 -2.09999942779541
    endloop
  endfacet
  facet normal -0.6551740487123268 -0.13926047307328382 -0.7425318084320043
    outer loop
      vertex 83.48811340332031 65.40459442138672 -3.5
      vertex 83.78666687011719 64 -3.5
      vertex 82.19999694824219 64 -2.09999942779541
    endloop
  endfacet
  facet normal -0.5418875288102007 -0.39370675661863064 -0.7425314107246994
    outer loop
      vertex 81.53826141357422 65.48628997802734 -2.09999942779541
      vertex 82.63253784179688 66.62055969238281 -3.5
      vertex 82.02709197998047 64.8134765625 -2.09999942779541
    endloop
  endfacet
  facet normal -0.5418562006490795 -0.3937420801450701 -0.7425355426787177
    outer loop
      vertex 82.63253784179688 66.62055969238281 -3.5
      vertex 81.53826141357422 65.48628997802734 -2.09999942779541
      vertex 82.59994506835938 66.66541290283203 -3.5
    endloop
  endfacet
  facet normal -0.07001348274378696 0.6661419727302491 -0.7425314703102743
    outer loop
      vertex 79.8802261352539 60.43877410888672 -3.5
      vertex 79.9909439086914 62.010955810546875 -2.09999942779541
      vertex 80.81803131103516 62.09788513183594 -2.09999942779541
    endloop
  endfacet
  facet normal -0.07000620864280914 0.6661420274675204 -0.7425321070451572
    outer loop
      vertex 79.9909439086914 62.010955810546875 -2.09999942779541
      vertex 79.8802261352539 60.43877410888672 -3.5
      vertex 79.82508850097656 60.432979583740234 -3.5
    endloop
  endfacet
  facet normal -0.6551756744480455 -0.13925801236134505 -0.7425308354571656
    outer loop
      vertex 82.02709197998047 64.8134765625 -2.09999942779541
      vertex 83.48811340332031 65.40459442138672 -3.5
      vertex 82.19999694824219 64 -2.09999942779541
    endloop
  endfacet
  facet normal -0.6551762905991001 -0.1392560662674413 -0.742530656770831
    outer loop
      vertex 83.48811340332031 65.40459442138672 -3.5
      vertex 82.02709197998047 64.8134765625 -2.09999942779541
      vertex 83.4765853881836 65.45883178710938 -3.5
    endloop
  endfacet
  facet normal -0.6551740832203294 0.13926010219565588 -0.7425318475411383
    outer loop
      vertex 83.78666687011719 64 -3.5
      vertex 83.48811340332031 62.595401763916016 -3.5
      vertex 82.19999694824219 64 -2.09999942779541
    endloop
  endfacet
  facet normal 0.20698352466101597 -0.6370289681995204 -0.7425307496619633
    outer loop
      vertex 79.82508850097656 67.5670166015625 -3.5
      vertex 79.9909439086914 65.98904418945312 -2.09999942779541
      vertex 78.45939636230469 67.12327575683594 -3.5
    endloop
  endfacet
  facet normal 0.4481923155658948 0.4977672614891266 -0.7425304045339134
    outer loop
      vertex 78.58196258544922 62.82442855834961 -2.09999942779541
      vertex 78.36546325683594 60.93095397949219 -3.5
      vertex 77.29832458496094 61.89181137084961 -3.5
    endloop
  endfacet
  facet normal -0.07001348274378696 -0.6661419727302491 -0.7425314703102743
    outer loop
      vertex 79.9909439086914 65.98904418945312 -2.09999942779541
      vertex 79.8802261352539 67.56122589111328 -3.5
      vertex 80.81803131103516 65.90211486816406 -2.09999942779541
    endloop
  endfacet
  facet normal -0.06996015791306753 -0.6661423731722518 -0.7425361371470208
    outer loop
      vertex 79.8802261352539 67.56122589111328 -3.5
      vertex 79.9909439086914 65.98904418945312 -2.09999942779541
      vertex 79.82508850097656 67.5670166015625 -3.5
    endloop
  endfacet
  facet normal -0.5418883402479061 -0.3937062387204709 -0.742531093150953
    outer loop
      vertex 82.63253784179688 66.62055969238281 -3.5
      vertex 83.4765853881836 65.45883178710938 -3.5
      vertex 82.02709197998047 64.8134765625 -2.09999942779541
    endloop
  endfacet
  facet normal -0.334921206311469 0.5800630662771638 -0.7425325748436935
    outer loop
      vertex 82.55193328857422 61.30686569213867 -3.5
      vertex 81.53826141357422 62.513710021972656 -2.09999942779541
      vertex 82.59994506835938 61.33458709716797 -3.5
    endloop
  endfacet
  facet normal -0.334905803302724 0.580074081121842 -0.7425309174201487
    outer loop
      vertex 81.53826141357422 62.513710021972656 -2.09999942779541
      vertex 82.55193328857422 61.30686569213867 -3.5
      vertex 80.81803131103516 62.09788513183594 -2.09999942779541
    endloop
  endfacet
  facet normal 0.6119048144996876 0.2724342559175966 -0.74253085740239
    outer loop
      vertex 76.71426391601562 63.20363998413086 -3.5
      vertex 78.24370574951172 63.58417510986328 -2.09999942779541
      vertex 78.58196258544922 62.82442855834961 -2.09999942779541
    endloop
  endfacet
  facet normal 0.6118945052667936 0.27246518905907086 -0.742528002957
    outer loop
      vertex 78.24370574951172 63.58417510986328 -2.09999942779541
      vertex 76.71426391601562 63.20363998413086 -3.5
      vertex 76.69171142578125 63.25428771972656 -3.5
    endloop
  endfacet
  facet normal -0.0700142166769213 -0.6661421756066987 -0.7425312191019926
    outer loop
      vertex 81.30834197998047 67.41112518310547 -3.5
      vertex 80.81803131103516 65.90211486816406 -2.09999942779541
      vertex 79.8802261352539 67.56122589111328 -3.5
    endloop
  endfacet
  facet normal -0.33490671300705094 0.5800729394278871 -0.7425313990171082
    outer loop
      vertex 82.55193328857422 61.30686569213867 -3.5
      vertex 81.30834197998047 60.58887481689453 -3.5
      vertex 80.81803131103516 62.09788513183594 -2.09999942779541
    endloop
  endfacet
  facet normal 0.20698325788859123 0.637028147159475 -0.7425315284083172
    outer loop
      vertex 79.9909439086914 62.010955810546875 -2.09999942779541
      vertex 79.82508850097656 60.432979583740234 -3.5
      vertex 78.45939636230469 60.8767204284668 -3.5
    endloop
  endfacet
  facet normal -0.3349534310191295 -0.5800390592744584 -0.7425367928692251
    outer loop
      vertex 81.53826141357422 65.48628997802734 -2.09999942779541
      vertex 82.55193328857422 66.6931381225586 -3.5
      vertex 82.59994506835938 66.66541290283203 -3.5
    endloop
  endfacet
  facet normal -0.3349054102487082 -0.5800734003320651 -0.7425316265408095
    outer loop
      vertex 82.55193328857422 66.6931381225586 -3.5
      vertex 81.53826141357422 65.48628997802734 -2.09999942779541
      vertex 80.81803131103516 65.90211486816406 -2.09999942779541
    endloop
  endfacet
  facet normal 0.4482094124838603 0.497754411807269 -0.742528698494053
    outer loop
      vertex 78.36546325683594 60.93095397949219 -3.5
      vertex 79.19999694824219 62.267948150634766 -2.09999942779541
      vertex 78.40666198730469 60.893856048583984 -3.5
    endloop
  endfacet
  facet normal 0.44819168222092526 0.4977674988918205 -0.742530627674683
    outer loop
      vertex 79.19999694824219 62.267948150634766 -2.09999942779541
      vertex 78.36546325683594 60.93095397949219 -3.5
      vertex 78.58196258544922 62.82442855834961 -2.09999942779541
    endloop
  endfacet
  facet normal 0.6119048010409947 -0.27243455836978275 -0.7425307575237825
    outer loop
      vertex 77.29832458496094 66.10819244384766 -3.5
      vertex 78.58196258544922 65.17556762695312 -2.09999942779541
      vertex 76.71426391601562 64.79635620117188 -3.5
    endloop
  endfacet
  facet normal -0.334905288188018 -0.5800735535198596 -0.742531561922147
    outer loop
      vertex 81.30834197998047 67.41112518310547 -3.5
      vertex 82.55193328857422 66.6931381225586 -3.5
      vertex 80.81803131103516 65.90211486816406 -2.09999942779541
    endloop
  endfacet
  facet normal 0.20698183689616814 0.6370293165361709 -0.7425309212878256
    outer loop
      vertex 78.45939636230469 60.8767204284668 -3.5
      vertex 79.19999694824219 62.267948150634766 -2.09999942779541
      vertex 79.9909439086914 62.010955810546875 -2.09999942779541
    endloop
  endfacet
  facet normal 0.20699569791543296 0.6370232698092042 -0.7425322449335737
    outer loop
      vertex 79.19999694824219 62.267948150634766 -2.09999942779541
      vertex 78.45939636230469 60.8767204284668 -3.5
      vertex 78.40666198730469 60.893856048583984 -3.5
    endloop
  endfacet
  facet normal 0.44819053383038837 -0.4977672588587043 -0.7425314817522036
    outer loop
      vertex 78.36546325683594 67.06904602050781 -3.5
      vertex 78.58196258544922 65.17556762695312 -2.09999942779541
      vertex 77.29832458496094 66.10819244384766 -3.5
    endloop
  endfacet
  facet normal 0.20698452783625546 -0.6370281426543696 -0.7425311782697926
    outer loop
      vertex 79.19999694824219 65.73204803466797 -2.09999942779541
      vertex 78.45939636230469 67.12327575683594 -3.5
      vertex 79.9909439086914 65.98904418945312 -2.09999942779541
    endloop
  endfacet
  facet normal 0.20691497308405077 -0.6370584828316075 -0.7425245338478165
    outer loop
      vertex 78.45939636230469 67.12327575683594 -3.5
      vertex 79.19999694824219 65.73204803466797 -2.09999942779541
      vertex 78.40666198730469 67.10614776611328 -3.5
    endloop
  endfacet
  facet normal 0.4481912308471674 -0.49776699759026705 -0.7425312361791067
    outer loop
      vertex 78.36546325683594 67.06904602050781 -3.5
      vertex 79.19999694824219 65.73204803466797 -2.09999942779541
      vertex 78.58196258544922 65.17556762695312 -2.09999942779541
    endloop
  endfacet
  facet normal 0.4482366460313197 -0.49773347492682013 -0.7425262938723894
    outer loop
      vertex 79.19999694824219 65.73204803466797 -2.09999942779541
      vertex 78.36546325683594 67.06904602050781 -3.5
      vertex 78.40666198730469 67.10614776611328 -3.5
    endloop
  endfacet
  facet normal 0.6119047319044939 0.2724361120261052 -0.7425302444594354
    outer loop
      vertex 78.58196258544922 62.82442855834961 -2.09999942779541
      vertex 77.29832458496094 61.89181137084961 -3.5
      vertex 76.71426391601562 63.20363998413086 -3.5
    endloop
  endfacet
  facet normal -0.0700142166769213 0.6661421756066987 -0.7425312191019926
    outer loop
      vertex 80.81803131103516 62.09788513183594 -2.09999942779541
      vertex 81.30834197998047 60.58887481689453 -3.5
      vertex 79.8802261352539 60.43877410888672 -3.5
    endloop
  endfacet
  facet normal 0.6119047548119986 -0.27243559724590805 -0.7425304144556862
    outer loop
      vertex 78.24370574951172 64.41582489013672 -2.09999942779541
      vertex 76.71426391601562 64.79635620117188 -3.5
      vertex 78.58196258544922 65.17556762695312 -2.09999942779541
    endloop
  endfacet
  facet normal 0.6118888863860029 -0.27248321002666837 -0.7425260203998645
    outer loop
      vertex 76.71426391601562 64.79635620117188 -3.5
      vertex 78.24370574951172 64.41582489013672 -2.09999942779541
      vertex 76.69171142578125 64.74571228027344 -3.5
    endloop
  endfacet
  facet normal -0.5418562006490795 0.3937420801450701 -0.7425355426787177
    outer loop
      vertex 81.53826141357422 62.513710021972656 -2.09999942779541
      vertex 82.63253784179688 61.37944030761719 -3.5
      vertex 82.59994506835938 61.33458709716797 -3.5
    endloop
  endfacet
  facet normal -0.5418887327357861 0.39370539910811947 -0.7425312518992854
    outer loop
      vertex 82.63253784179688 61.37944030761719 -3.5
      vertex 81.53826141357422 62.513710021972656 -2.09999942779541
      vertex 82.02709197998047 63.186527252197266 -2.09999942779541
    endloop
  endfacet
  facet normal -0.5418888558419879 0.3937053205358553 -0.7425312037187535
    outer loop
      vertex 83.4765853881836 62.54117202758789 -3.5
      vertex 82.63253784179688 61.37944030761719 -3.5
      vertex 82.02709197998047 63.186527252197266 -2.09999942779541
    endloop
  endfacet
  facet normal 0.6698116534830856 0 -0.7425310423532843
    outer loop
      vertex 76.69171142578125 63.25428771972656 -3.5
      vertex 78.24370574951172 64.41582489013672 -2.09999942779541
      vertex 78.24370574951172 63.58417510986328 -2.09999942779541
    endloop
  endfacet
  facet normal 0.6698116534830856 0 -0.7425310423532843
    outer loop
      vertex 78.24370574951172 64.41582489013672 -2.09999942779541
      vertex 76.69171142578125 63.25428771972656 -3.5
      vertex 76.69171142578125 64.74571228027344 -3.5
    endloop
  endfacet
  facet normal -0.6551701095707013 0.1392743437762141 -0.7425326825741883
    outer loop
      vertex 82.02709197998047 63.186527252197266 -2.09999942779541
      vertex 83.48811340332031 62.595401763916016 -3.5
      vertex 83.4765853881836 62.54117202758789 -3.5
    endloop
  endfacet
  facet normal -0.6551751115317054 0.13925854574876118 -0.7425312321144194
    outer loop
      vertex 83.48811340332031 62.595401763916016 -3.5
      vertex 82.02709197998047 63.186527252197266 -2.09999942779541
      vertex 82.19999694824219 64 -2.09999942779541
    endloop
  endfacet
  facet normal -0.9807851320707851 -0.19509106773220689 0
    outer loop
      vertex 34 7.5 -3.5
      vertex 33.6193962097168 9.413416862487793 2
      vertex 33.6193962097168 9.413416862487793 -3.5
    endloop
  endfacet
  facet normal -0.9807851320707851 -0.19509106773220689 0
    outer loop
      vertex 33.6193962097168 9.413416862487793 2
      vertex 34 7.5 -3.5
      vertex 34 7.5 2
    endloop
  endfacet
  facet normal 0.19509050396514935 -0.9807852442113024 0
    outer loop
      vertex 18.08658218383789 12.119397163391113 -0.45999908447265625
      vertex 20 12.5 2
      vertex 18.08658218383789 12.119397163391113 2
    endloop
  endfacet
  facet normal 0.19509050396514935 -0.9807852442113024 0
    outer loop
      vertex 20 12.5 2
      vertex 18.08658218383789 12.119397163391113 -0.45999908447265625
      vertex 20 12.5 -0.45999908447265625
    endloop
  endfacet
  facet normal -0.8314700033117294 -0.5555696478325582 0
    outer loop
      vertex 33.6193962097168 9.413416862487793 -3.5
      vertex 32.5355339050293 11.035533905029297 2
      vertex 32.5355339050293 11.035533905029297 -3.5
    endloop
  endfacet
  facet normal -0.8314700033117294 -0.5555696478325582 0
    outer loop
      vertex 32.5355339050293 11.035533905029297 2
      vertex 33.6193962097168 9.413416862487793 -3.5
      vertex 33.6193962097168 9.413416862487793 2
    endloop
  endfacet
  facet normal 0.8314695516850323 -0.5555703237401106 0
    outer loop
      vertex 15.38060188293457 9.413416862487793 2
      vertex 16.464466094970703 11.035533905029297 -0.45999908447265625
      vertex 16.464466094970703 11.035533905029297 2
    endloop
  endfacet
  facet normal 0.8314695516850323 -0.5555703237401106 0
    outer loop
      vertex 16.464466094970703 11.035533905029297 -0.45999908447265625
      vertex 15.38060188293457 9.413416862487793 2
      vertex 15.38060188293457 9.413416862487793 -0.45999908447265625
    endloop
  endfacet
  facet normal -0.9807851506761771 0.1950909741969338 0
    outer loop
      vertex 33.6193962097168 5.586582183837891 -3.5
      vertex 34 7.5 2
      vertex 34 7.5 -3.5
    endloop
  endfacet
  facet normal -0.9807851506761771 0.1950909741969338 0
    outer loop
      vertex 34 7.5 2
      vertex 33.6193962097168 5.586582183837891 -3.5
      vertex 33.6193962097168 5.586582183837891 2
    endloop
  endfacet
  facet normal 0.8314695516850323 0.5555703237401106 0
    outer loop
      vertex 16.464466094970703 3.9644651412963867 2
      vertex 15.38060188293457 5.586582183837891 -0.45999908447265625
      vertex 15.38060188293457 5.586582183837891 2
    endloop
  endfacet
  facet normal 0.8314695516850323 0.5555703237401106 0
    outer loop
      vertex 15.38060188293457 5.586582183837891 -0.45999908447265625
      vertex 16.464466094970703 3.9644651412963867 2
      vertex 16.464466094970703 3.9644651412963867 -0.45999908447265625
    endloop
  endfacet
  facet normal -0.555570211599892 -0.8314696266147378 0
    outer loop
      vertex 30.91341781616211 12.119397163391113 -3.5
      vertex 32.5355339050293 11.035533905029297 2
      vertex 30.91341781616211 12.119397163391113 2
    endloop
  endfacet
  facet normal -0.555570211599892 -0.8314696266147378 0
    outer loop
      vertex 32.5355339050293 11.035533905029297 2
      vertex 30.91341781616211 12.119397163391113 -3.5
      vertex 32.5355339050293 11.035533905029297 -3.5
    endloop
  endfacet
  facet normal 0 -1 0
    outer loop
      vertex 24.5 12.5 -0.45999908447265625
      vertex 20 12.5 2
      vertex 20 12.5 -0.45999908447265625
    endloop
  endfacet
  facet normal 0 -1 0
    outer loop
      vertex 20 12.5 2
      vertex 24.5 12.5 -0.45999908447265625
      vertex 29 12.5 2
    endloop
  endfacet
  facet normal 0 -1 0
    outer loop
      vertex 29 12.5 -3.5
      vertex 24.5 12.5 -0.45999908447265625
      vertex 24.5 12.5 -3.5
    endloop
  endfacet
  facet normal 0 -1 0
    outer loop
      vertex 24.5 12.5 -0.45999908447265625
      vertex 29 12.5 -3.5
      vertex 29 12.5 2
    endloop
  endfacet
  facet normal 0.555570211599892 -0.8314696266147378 0
    outer loop
      vertex 16.464466094970703 11.035533905029297 -0.45999908447265625
      vertex 18.08658218383789 12.119397163391113 2
      vertex 16.464466094970703 11.035533905029297 2
    endloop
  endfacet
  facet normal 0.555570211599892 -0.8314696266147378 0
    outer loop
      vertex 18.08658218383789 12.119397163391113 2
      vertex 16.464466094970703 11.035533905029297 -0.45999908447265625
      vertex 18.08658218383789 12.119397163391113 -0.45999908447265625
    endloop
  endfacet
  facet normal -0.555570211599892 0.8314696266147378 0
    outer loop
      vertex 32.5355339050293 3.9644651412963867 2
      vertex 30.91341781616211 2.8806018829345703 -2.198465347290039
      vertex 30.91341781616211 2.8806018829345703 2
    endloop
  endfacet
  facet normal -0.555570211599892 0.8314696266147377 0
    outer loop
      vertex 30.91341781616211 2.8806018829345703 -2.198465347290039
      vertex 32.5355339050293 3.9644651412963867 2
      vertex 32.5355339050293 3.9644651412963867 -3.2823286056518555
    endloop
  endfacet
  facet normal -0.19509003373323033 0.9807853377462201 0
    outer loop
      vertex 30.91341781616211 2.8806018829345703 2
      vertex 29 2.5 -1.8178634643554688
      vertex 29 2.5 2
    endloop
  endfacet
  facet normal -0.19509003373323036 0.9807853377462201 0
    outer loop
      vertex 29 2.5 -1.8178634643554688
      vertex 30.91341781616211 2.8806018829345703 2
      vertex 30.91341781616211 2.8806018829345703 -2.198465347290039
    endloop
  endfacet
  facet normal 0.980785319141004 -0.19509012726808822 0
    outer loop
      vertex 15 7.5 2
      vertex 15.38060188293457 9.413416862487793 -0.45999908447265625
      vertex 15.38060188293457 9.413416862487793 2
    endloop
  endfacet
  facet normal 0.980785319141004 -0.19509012726808822 0
    outer loop
      vertex 15.38060188293457 9.413416862487793 -0.45999908447265625
      vertex 15 7.5 2
      vertex 15 7.5 -0.45999908447265625
    endloop
  endfacet
  facet normal -0.8314699509262616 0.5555697262324197 8.450921437068034e-7
    outer loop
      vertex 32.5355339050293 3.9644651412963867 -3.2823286056518555
      vertex 33.6193962097168 5.586582183837891 -3.5
      vertex 32.68097686767578 4.182136535644531 -3.5
    endloop
  endfacet
  facet normal -0.8314700033117294 0.5555696478325582 0
    outer loop
      vertex 33.6193962097168 5.586582183837891 -3.5
      vertex 32.5355339050293 3.9644651412963867 -3.2823286056518555
      vertex 33.6193962097168 5.586582183837891 2
    endloop
  endfacet
  facet normal -0.8314700033117293 0.5555696478325582 0
    outer loop
      vertex 33.6193962097168 5.586582183837891 2
      vertex 32.5355339050293 3.9644651412963867 -3.2823286056518555
      vertex 32.5355339050293 3.9644651412963867 2
    endloop
  endfacet
  facet normal 0 1 0
    outer loop
      vertex 29 2.5 2
      vertex 24.5 2.5 -0.45999908447265625
      vertex 20 2.5 2
    endloop
  endfacet
  facet normal 0 1 0
    outer loop
      vertex 29 2.5 -1.8178634643554688
      vertex 24.5 2.5 -0.45999908447265625
      vertex 29 2.5 2
    endloop
  endfacet
  facet normal 0 1 0
    outer loop
      vertex 24.5 2.5 -0.45999908447265625
      vertex 29 2.5 -1.8178634643554688
      vertex 24.5 2.5 -1.8178634643554688
    endloop
  endfacet
  facet normal 0 1 0
    outer loop
      vertex 20 2.5 2
      vertex 24.5 2.5 -0.45999908447265625
      vertex 20 2.5 -0.45999908447265625
    endloop
  endfacet
  facet normal 0.98078533774622 0.19509003373323033 0
    outer loop
      vertex 15.38060188293457 5.586582183837891 2
      vertex 15 7.5 -0.45999908447265625
      vertex 15 7.5 2
    endloop
  endfacet
  facet normal 0.98078533774622 0.19509003373323033 0
    outer loop
      vertex 15 7.5 -0.45999908447265625
      vertex 15.38060188293457 5.586582183837891 2
      vertex 15.38060188293457 5.586582183837891 -0.45999908447265625
    endloop
  endfacet
  facet normal 0.555570211599892 0.8314696266147378 0
    outer loop
      vertex 18.08658218383789 2.8806018829345703 -0.45999908447265625
      vertex 16.464466094970703 3.9644651412963867 2
      vertex 18.08658218383789 2.8806018829345703 2
    endloop
  endfacet
  facet normal 0.555570211599892 0.8314696266147378 0
    outer loop
      vertex 16.464466094970703 3.9644651412963867 2
      vertex 18.08658218383789 2.8806018829345703 -0.45999908447265625
      vertex 16.464466094970703 3.9644651412963867 -0.45999908447265625
    endloop
  endfacet
  facet normal 0.19509003373323033 0.98078533774622 0
    outer loop
      vertex 20 2.5 -0.45999908447265625
      vertex 18.08658218383789 2.8806018829345703 2
      vertex 20 2.5 2
    endloop
  endfacet
  facet normal 0.19509003373323033 0.98078533774622 0
    outer loop
      vertex 18.08658218383789 2.8806018829345703 2
      vertex 20 2.5 -0.45999908447265625
      vertex 18.08658218383789 2.8806018829345703 -0.45999908447265625
    endloop
  endfacet
  facet normal -0.19509050396514932 -0.9807852442113023 0
    outer loop
      vertex 29 12.5 -3.5
      vertex 30.91341781616211 12.119397163391113 2
      vertex 29 12.5 2
    endloop
  endfacet
  facet normal -0.19509050396514932 -0.9807852442113023 0
    outer loop
      vertex 30.91341781616211 12.119397163391113 2
      vertex 29 12.5 -3.5
      vertex 30.91341781616211 12.119397163391113 -3.5
    endloop
  endfacet
  facet normal 0 0 -1
    outer loop
      vertex 0 40 51
      vertex 3 48.599998474121094 51
      vertex 3 40 51
    endloop
  endfacet
  facet normal 0 0 -1
    outer loop
      vertex 3 48.599998474121094 51
      vertex 0 40 51
      vertex 0 48.599998474121094 51
    endloop
  endfacet
  facet normal 0 1 0
    outer loop
      vertex 3 40 19
      vertex 0 40 51
      vertex 3 40 51
    endloop
  endfacet
  facet normal 0 1 0
    outer loop
      vertex 0 40 51
      vertex 3 40 19
      vertex 0 40 19
    endloop
  endfacet
  facet normal 0 0 -1
    outer loop
      vertex -1.5999994277954102 38 52.29999923706055
      vertex 0 58 52.29999923706055
      vertex 0 38 52.29999923706055
    endloop
  endfacet
  facet normal 0 0 -1
    outer loop
      vertex 0 58 52.29999923706055
      vertex -1.5999994277954102 38 52.29999923706055
      vertex -1.5999994277954102 58 52.29999923706055
    endloop
  endfacet
  facet normal 0 -1 0
    outer loop
      vertex -1.5999994277954102 58 52
      vertex 0 58 52.29999923706055
      vertex -1.5999994277954102 58 52.29999923706055
    endloop
  endfacet
  facet normal 0 -1 0
    outer loop
      vertex 0 58 52.29999923706055
      vertex -1.5999994277954102 58 52
      vertex 0 58 52
    endloop
  endfacet
  facet normal 0 1 0
    outer loop
      vertex 0 38 51.02000045776367
      vertex -1.5999994277954102 38 52.29999923706055
      vertex 0 38 52.29999923706055
    endloop
  endfacet
  facet normal 0 1 0
    outer loop
      vertex -1.5999994277954102 38 52.29999923706055
      vertex 0 38 51.02000045776367
      vertex -1.5999994277954102 38 51.02000045776367
    endloop
  endfacet
endsolid OpenSCAD_Model
